#,,"generated_by='OpenQuake engine 3.13.0-gitd2db5fa', start_date='2021-10-23T16:36:10', checksum=1653129626"
event_id,loss,loss_type
0,2.41680E-01,occupants
0,1.10469E+08,structural
1,1.64970E-01,occupants
1,4.78584E+07,structural
2,3.41010E-01,occupants
2,3.54490E+07,structural
3,2.16664E-02,occupants
3,1.25693E+06,structural
4,1.41487E-02,occupants
4,4.04874E+06,structural
5,3.20029E-02,occupants
5,9.85002E+06,structural
6,4.39684E-04,occupants
6,6.59162E+05,structural
7,3.20541E-04,occupants
7,3.10815E+04,structural
8,6.28822E-04,occupants
8,5.83875E+05,structural
9,2.01823E+00,occupants
9,9.30284E+07,structural
10,1.45263E+00,occupants
10,2.40873E+08,structural
11,2.81339E+00,occupants
11,3.58914E+08,structural
12,1.58146E+01,occupants
12,5.45249E+08,structural
13,1.16681E+01,occupants
13,2.60161E+08,structural
14,2.11140E+01,occupants
14,6.19530E+08,structural
15,5.61557E+01,occupants
15,4.54373E+08,structural
16,3.03426E+01,occupants
16,2.17072E+08,structural
17,1.05145E+02,occupants
17,1.04201E+09,structural
18,5.39530E+00,occupants
18,2.57751E+07,structural
19,2.47634E+00,occupants
19,1.05012E+07,structural
20,1.22677E+01,occupants
20,1.11374E+08,structural
21,2.60098E-01,occupants
21,2.88415E+06,structural
22,9.96164E-02,occupants
22,3.29424E+05,structural
23,7.09122E-01,occupants
23,1.12551E+07,structural
24,3.62632E+02,occupants
24,6.57504E+09,structural
25,2.31566E+02,occupants
25,6.52669E+08,structural
26,5.59431E+02,occupants
26,2.23458E+09,structural
27,1.61636E+03,occupants
27,4.26995E+09,structural
28,1.20492E+03,occupants
28,4.94851E+09,structural
29,2.12178E+03,occupants
29,6.53330E+09,structural
30,2.07511E+00,occupants
30,6.85097E+07,structural
31,8.65606E-01,occupants
31,2.24946E+08,structural
32,4.66795E+00,occupants
32,3.00070E+07,structural
33,3.10264E-01,occupants
33,1.39570E+07,structural
34,9.71115E-02,occupants
34,8.35938E+07,structural
35,9.16761E-01,occupants
35,6.54973E+07,structural
36,3.34143E-02,occupants
36,1.82129E+04,structural
37,8.53760E-03,occupants
37,1.14467E+05,structural
38,1.16408E-01,occupants
38,1.90258E+06,structural
39,1.26406E+01,occupants
39,2.65264E+08,structural
40,6.73912E+00,occupants
40,1.77260E+08,structural
41,2.31619E+01,occupants
41,2.07437E+08,structural
42,9.95952E+01,occupants
42,8.60777E+08,structural
43,6.38822E+01,occupants
43,5.60570E+08,structural
44,1.49614E+02,occupants
44,5.25363E+08,structural
45,3.28684E+00,occupants
45,1.62216E+07,structural
46,2.68650E+00,occupants
46,1.77263E+07,structural
47,3.93288E+00,occupants
47,1.16536E+08,structural
48,8.04099E-01,occupants
48,6.83619E+06,structural
49,6.66641E-01,occupants
49,7.92744E+07,structural
50,9.85608E-01,occupants
50,3.02463E+07,structural
51,1.48152E-01,occupants
51,3.13194E+05,structural
52,1.20202E-01,occupants
52,6.51764E+06,structural
53,1.87676E-01,occupants
53,5.68314E+06,structural
54,1.26371E+01,occupants
54,1.00641E+08,structural
55,1.06444E+01,occupants
55,5.56174E+08,structural
56,1.52595E+01,occupants
56,8.92336E+07,structural
57,4.76334E+01,occupants
57,5.05533E+08,structural
58,4.11724E+01,occupants
58,2.63515E+08,structural
59,5.51953E+01,occupants
59,6.68187E+08,structural
60,1.29687E+00,occupants
60,2.25335E+07,structural
61,9.62894E-01,occupants
61,1.16922E+08,structural
62,1.72731E+00,occupants
62,3.41176E+07,structural
63,2.27157E-01,occupants
63,1.34170E+07,structural
64,1.55542E-01,occupants
64,1.26344E+07,structural
65,3.21609E-01,occupants
65,7.34822E+07,structural
66,2.32783E-02,occupants
66,1.15856E+07,structural
67,1.51300E-02,occupants
67,2.96298E+06,structural
68,3.53173E-02,occupants
68,3.21814E+07,structural
69,5.67317E+00,occupants
69,2.22493E+08,structural
70,4.38354E+00,occupants
70,1.07388E+08,structural
71,7.30859E+00,occupants
71,5.26324E+08,structural
72,2.33136E+01,occupants
72,8.20112E+08,structural
73,1.85304E+01,occupants
73,3.91554E+08,structural
74,2.92465E+01,occupants
74,3.68639E+08,structural
75,3.28697E-01,occupants
75,1.46844E+07,structural
76,2.31747E-01,occupants
76,8.40288E+06,structural
77,4.53931E-01,occupants
77,2.50610E+08,structural
78,4.49732E-02,occupants
78,5.40209E+07,structural
79,3.02967E-02,occupants
79,8.95190E+05,structural
80,6.75075E-02,occupants
80,4.98203E+06,structural
81,3.49067E-03,occupants
81,1.13679E+07,structural
82,2.24705E-03,occupants
82,4.60188E+06,structural
83,5.67008E-03,occupants
83,3.42150E+05,structural
84,1.81414E+00,occupants
84,2.05366E+07,structural
85,1.35448E+00,occupants
85,1.57469E+08,structural
86,2.48379E+00,occupants
86,1.41912E+08,structural
87,1.00528E+01,occupants
87,1.25209E+08,structural
88,7.54774E+00,occupants
88,2.78944E+08,structural
89,1.36684E+01,occupants
89,5.08845E+08,structural
90,8.52065E-03,occupants
90,6.12159E+06,structural
91,5.93839E-03,occupants
91,5.27974E+06,structural
92,1.39739E-02,occupants
92,7.45651E+07,structural
99,1.18988E-01,occupants
99,2.80724E+07,structural
100,8.36067E-02,occupants
100,3.27017E+07,structural
101,1.68733E-01,occupants
101,1.66033E+07,structural
102,1.20864E+00,occupants
102,2.94887E+07,structural
103,9.01036E-01,occupants
103,1.51087E+08,structural
104,1.65188E+00,occupants
104,6.13620E+07,structural
105,5.97362E-02,occupants
105,1.25536E+07,structural
106,3.45334E-02,occupants
106,1.95518E+07,structural
107,9.97445E-02,occupants
107,9.50458E+07,structural
108,1.05594E-03,occupants
108,9.63950E+06,structural
109,6.44285E-04,occupants
109,1.01193E+05,structural
110,1.68748E-03,occupants
110,1.92323E+06,structural
114,1.03237E+00,occupants
114,1.86108E+08,structural
115,6.20345E-01,occupants
115,4.30505E+07,structural
116,1.74123E+00,occupants
116,1.33357E+08,structural
117,1.76708E+01,occupants
117,3.50620E+08,structural
118,1.09747E+01,occupants
118,4.72015E+08,structural
119,2.72388E+01,occupants
119,7.22273E+08,structural
120,4.16964E+00,occupants
120,5.22341E+07,structural
121,3.20422E+00,occupants
121,1.32718E+08,structural
122,5.74946E+00,occupants
122,1.06555E+08,structural
123,9.16313E-01,occupants
123,8.43559E+06,structural
124,6.62204E-01,occupants
124,1.97551E+07,structural
125,1.27627E+00,occupants
125,6.39100E+07,structural
126,1.22167E-01,occupants
126,3.08171E+07,structural
127,8.26256E-02,occupants
127,3.17145E+06,structural
128,1.78143E-01,occupants
128,2.70031E+07,structural
129,1.55538E+01,occupants
129,2.85325E+08,structural
130,1.20993E+01,occupants
130,5.80343E+08,structural
131,2.10031E+01,occupants
131,4.36222E+08,structural
132,5.92024E+01,occupants
132,9.16188E+08,structural
133,4.61743E+01,occupants
133,5.61646E+08,structural
134,8.01687E+01,occupants
134,6.65447E+08,structural
135,2.48584E-01,occupants
135,1.21090E+07,structural
136,1.36167E-01,occupants
136,3.08828E+06,structural
137,4.21675E-01,occupants
137,5.19719E+06,structural
138,1.12546E-02,occupants
138,2.28996E+04,structural
140,2.04896E-02,occupants
144,4.09107E+00,occupants
144,2.16963E+08,structural
145,2.56875E+00,occupants
145,5.82573E+07,structural
146,6.95845E+00,occupants
146,3.55185E+07,structural
147,5.86067E+01,occupants
147,2.06004E+09,structural
148,3.85181E+01,occupants
148,8.71769E+07,structural
149,8.72439E+01,occupants
149,8.71027E+08,structural
150,9.36392E+00,occupants
150,6.42476E+08,structural
151,6.86708E+00,occupants
151,4.22474E+08,structural
152,1.24604E+01,occupants
152,5.14630E+08,structural
153,1.40162E+00,occupants
153,1.40984E+08,structural
154,9.90660E-01,occupants
154,1.99874E+08,structural
155,1.98838E+00,occupants
155,1.11846E+08,structural
156,1.18821E-01,occupants
156,5.88060E+07,structural
157,7.72071E-02,occupants
157,1.07769E+07,structural
158,1.77507E-01,occupants
158,5.05015E+07,structural
159,4.55482E+01,occupants
159,1.66594E+09,structural
160,3.55024E+01,occupants
160,1.58202E+09,structural
161,5.74103E+01,occupants
161,1.47348E+08,structural
162,1.84883E+02,occupants
162,1.71947E+09,structural
163,1.52719E+02,occupants
163,5.79268E+09,structural
164,2.22158E+02,occupants
164,2.70569E+09,structural
165,1.15565E-02,occupants
165,6.58219E+07,structural
166,8.68996E-03,occupants
166,2.13885E+05,structural
167,1.62679E-02,occupants
167,5.15235E+07,structural
168,8.29023E-04,occupants
168,4.13379E+05,structural
170,1.15291E-03,occupants
170,3.52151E+04,structural
174,2.28888E-01,occupants
174,2.19518E+08,structural
175,1.53944E-01,occupants
175,2.50124E+07,structural
176,3.46371E-01,occupants
176,1.88254E+07,structural
177,3.94158E+00,occupants
177,1.04177E+08,structural
178,2.60250E+00,occupants
178,2.68233E+08,structural
179,5.91950E+00,occupants
179,1.08069E+08,structural
180,4.13012E-02,occupants
180,7.96170E+06,structural
181,1.94094E-02,occupants
181,2.37545E+06,structural
182,1.28623E-01,occupants
182,2.19456E+07,structural
185,8.56147E-03,occupants
185,5.37985E+07,structural
189,4.44550E-01,occupants
189,4.08121E+07,structural
190,2.38916E-01,occupants
190,3.60397E+07,structural
191,1.28239E+00,occupants
191,4.90396E+07,structural
192,4.58077E+00,occupants
192,8.90086E+07,structural
193,2.54402E+00,occupants
193,3.05421E+08,structural
194,1.34918E+01,occupants
194,3.61729E+08,structural
195,6.30601E-01,occupants
195,1.22499E+08,structural
196,4.57167E-01,occupants
196,2.84579E+07,structural
197,9.17227E-01,occupants
197,3.26031E+07,structural
198,7.19811E-02,occupants
198,1.77535E+07,structural
199,4.86842E-02,occupants
199,1.13691E+06,structural
200,1.07344E-01,occupants
200,2.42189E+07,structural
201,3.08390E-03,occupants
201,1.98540E+06,structural
202,2.25474E-03,occupants
202,3.55525E+06,structural
203,4.40559E-03,occupants
203,2.00899E+07,structural
204,4.13370E+00,occupants
204,4.34333E+07,structural
205,3.13472E+00,occupants
205,3.13936E+08,structural
206,5.83368E+00,occupants
206,3.60317E+08,structural
207,2.50153E+01,occupants
207,4.87874E+08,structural
208,1.89910E+01,occupants
208,4.23974E+08,structural
209,3.51020E+01,occupants
209,5.18687E+08,structural
210,2.43856E-02,occupants
210,4.15025E+07,structural
211,1.71851E-02,occupants
211,4.29764E+06,structural
212,3.48717E-02,occupants
212,1.64287E+07,structural
213,1.25976E-03,occupants
213,8.23010E+05,structural
214,9.00798E-04,occupants
214,2.71830E+06,structural
215,1.72277E-03,occupants
215,5.10458E+06,structural
217,8.61730E+03,structural
219,3.70959E-01,occupants
219,1.07329E+08,structural
220,2.72673E-01,occupants
220,1.63832E+07,structural
221,5.08583E-01,occupants
221,5.68859E+07,structural
222,5.17924E+00,occupants
222,2.74356E+08,structural
223,4.03172E+00,occupants
223,2.31984E+08,structural
224,6.49277E+00,occupants
224,1.51250E+08,structural
225,6.21137E-01,occupants
225,5.69472E+07,structural
226,4.79922E-01,occupants
226,9.22428E+07,structural
227,8.13355E-01,occupants
227,8.50937E+07,structural
228,6.71895E-02,occupants
228,1.51736E+06,structural
229,5.14171E-02,occupants
229,4.14425E+07,structural
230,9.02872E-02,occupants
230,4.82801E+07,structural
231,4.36454E-03,occupants
231,2.13621E+06,structural
232,3.04464E-03,occupants
232,1.02946E+07,structural
233,5.85571E-03,occupants
233,2.74996E+05,structural
234,4.38001E+00,occupants
234,8.83096E+07,structural
235,3.40209E+00,occupants
235,1.13281E+08,structural
236,5.50907E+00,occupants
236,1.23464E+08,structural
237,3.08483E+01,occupants
237,7.81390E+08,structural
238,2.42752E+01,occupants
238,1.65410E+09,structural
239,3.97703E+01,occupants
239,2.43282E+08,structural
240,4.84491E-02,occupants
240,6.45330E+07,structural
241,3.05624E-02,occupants
241,6.27957E+06,structural
242,8.15108E-02,occupants
242,2.98763E+07,structural
243,3.43749E-03,occupants
243,2.16156E+06,structural
245,5.27605E-03,occupants
245,8.06010E+06,structural
249,4.87808E-01,occupants
249,9.87722E+07,structural
250,3.16983E-01,occupants
250,9.09177E+07,structural
251,7.93631E-01,occupants
251,9.12070E+07,structural
252,4.58755E+00,occupants
252,1.76959E+08,structural
253,3.09867E+00,occupants
253,1.03136E+08,structural
254,7.78838E+00,occupants
254,1.13010E+08,structural
255,2.00356E+00,occupants
255,2.11167E+07,structural
256,1.26260E+00,occupants
256,2.54568E+06,structural
257,3.45592E+00,occupants
257,5.71478E+07,structural
258,1.14007E-01,occupants
258,3.39857E+06,structural
259,6.06847E-02,occupants
259,1.82522E+07,structural
260,1.98364E-01,occupants
260,2.36590E+04,structural
264,2.62037E+01,occupants
264,1.45892E+08,structural
265,1.66525E+01,occupants
265,2.39116E+08,structural
266,3.87468E+01,occupants
266,4.63777E+08,structural
267,2.35367E+02,occupants
267,4.06149E+09,structural
268,1.70484E+02,occupants
268,1.21192E+09,structural
269,3.17107E+02,occupants
269,1.28105E+09,structural
270,1.51889E-01,occupants
270,5.08000E+07,structural
271,8.27632E-02,occupants
271,2.62778E+06,structural
272,3.00352E-01,occupants
272,1.25395E+07,structural
275,1.43422E-02,occupants
275,7.10046E+05,structural
279,2.79701E+00,occupants
279,1.22540E+08,structural
280,1.67915E+00,occupants
280,8.90065E+07,structural
281,4.57133E+00,occupants
281,6.74673E+07,structural
282,4.17137E+01,occupants
282,3.52590E+08,structural
283,2.82962E+01,occupants
283,1.77168E+08,structural
284,6.36056E+01,occupants
284,6.52923E+08,structural
285,3.08870E-01,occupants
285,1.29771E+07,structural
286,2.31987E-01,occupants
286,2.03576E+07,structural
287,3.93464E-01,occupants
287,1.02737E+08,structural
288,3.26744E-02,occupants
288,9.75279E+06,structural
289,2.39402E-02,occupants
289,1.78046E+07,structural
290,4.29374E-02,occupants
290,1.41593E+08,structural
293,2.50344E-03,occupants
293,1.56311E+05,structural
294,2.24143E+00,occupants
294,9.14709E+07,structural
295,1.75041E+00,occupants
295,8.10535E+07,structural
296,2.85970E+00,occupants
296,2.48985E+08,structural
297,1.55261E+01,occupants
297,4.39889E+08,structural
298,1.20825E+01,occupants
298,1.87403E+08,structural
299,1.98145E+01,occupants
299,1.59693E+08,structural
300,3.67663E+01,occupants
300,2.30255E+08,structural
301,3.11939E+01,occupants
301,2.76965E+08,structural
302,4.37126E+01,occupants
302,4.58421E+08,structural
303,1.05306E+01,occupants
303,2.43624E+07,structural
304,8.65152E+00,occupants
304,1.16260E+08,structural
305,1.25691E+01,occupants
305,1.42680E+08,structural
306,2.29850E+00,occupants
306,5.72761E+07,structural
307,1.87823E+00,occupants
307,2.41682E+07,structural
308,2.74430E+00,occupants
308,9.32959E+07,structural
309,1.09652E+02,occupants
309,9.72245E+08,structural
310,9.31366E+01,occupants
310,6.11872E+08,structural
311,1.31674E+02,occupants
311,6.43224E+08,structural
312,3.77142E+02,occupants
312,2.04355E+09,structural
313,3.06556E+02,occupants
313,1.77843E+09,structural
314,4.79094E+02,occupants
314,1.67647E+09,structural
315,1.13016E+02,occupants
315,2.66268E+09,structural
316,7.81398E+01,occupants
316,1.31386E+08,structural
317,1.61772E+02,occupants
317,6.59111E+08,structural
318,1.26955E+01,occupants
318,3.35697E+08,structural
319,7.96494E+00,occupants
319,1.46811E+08,structural
320,1.90111E+01,occupants
320,3.77113E+08,structural
321,6.44620E-01,occupants
321,6.35488E+06,structural
322,3.56867E-01,occupants
322,2.44209E+06,structural
323,1.07580E+00,occupants
323,5.98534E+07,structural
324,6.13699E+02,occupants
324,3.03897E+09,structural
325,4.68826E+02,occupants
325,1.03849E+09,structural
326,7.96459E+02,occupants
326,5.72528E+09,structural
327,2.28230E+03,occupants
327,1.24582E+10,structural
328,1.90055E+03,occupants
328,4.06497E+09,structural
329,2.72328E+03,occupants
329,8.46083E+09,structural
330,5.01143E-03,occupants
330,1.69470E+06,structural
331,3.57073E-03,occupants
331,6.39660E+05,structural
332,6.51974E-03,occupants
332,4.00470E+05,structural
333,4.68949E-04,occupants
333,3.89024E+04,structural
334,3.48505E-04,occupants
334,5.89873E+04,structural
335,6.82624E-04,occupants
335,6.85884E+05,structural
339,8.46760E-02,occupants
339,2.81555E+07,structural
340,5.75844E-02,occupants
340,2.79031E+07,structural
341,1.28335E-01,occupants
341,8.05884E+06,structural
342,1.34107E+00,occupants
342,1.09340E+08,structural
343,8.96957E-01,occupants
343,2.48624E+08,structural
344,2.19048E+00,occupants
344,9.48104E+07,structural
345,9.73422E-03,occupants
345,1.27785E+06,structural
346,7.19923E-03,occupants
346,2.25944E+06,structural
347,1.34468E-02,occupants
347,4.28172E+06,structural
354,1.21503E-01,occupants
354,6.72078E+06,structural
355,8.15449E-02,occupants
355,7.73399E+06,structural
356,1.66344E-01,occupants
356,1.05607E+08,structural
357,1.27047E+00,occupants
357,7.53155E+07,structural
358,9.85349E-01,occupants
358,1.74141E+08,structural
359,1.71076E+00,occupants
359,1.78453E+08,structural
360,4.29354E-01,occupants
360,4.37801E+07,structural
361,2.75696E-01,occupants
361,2.96472E+07,structural
362,6.80194E-01,occupants
362,1.12841E+08,structural
363,3.46384E-02,occupants
363,9.97853E+06,structural
364,1.39127E-02,occupants
364,7.12685E+06,structural
365,6.39851E-02,occupants
365,5.29948E+07,structural
369,4.16301E+00,occupants
369,1.59790E+08,structural
370,2.97174E+00,occupants
370,2.07811E+08,structural
371,6.26427E+00,occupants
371,5.97660E+08,structural
372,3.84075E+01,occupants
372,5.56234E+08,structural
373,2.86704E+01,occupants
373,1.10201E+09,structural
374,5.22471E+01,occupants
374,1.00014E+09,structural
375,1.54491E-01,occupants
375,2.11174E+07,structural
376,4.69449E-02,occupants
376,5.65421E+06,structural
377,5.18119E-01,occupants
377,3.91372E+07,structural
378,8.43401E-03,occupants
378,8.34579E+03,structural
380,3.29437E-02,occupants
380,2.64697E+05,structural
384,2.12493E+00,occupants
384,2.26394E+07,structural
385,6.73940E-01,occupants
385,1.87710E+07,structural
386,6.23282E+00,occupants
386,1.24204E+08,structural
387,2.47375E+01,occupants
387,4.31171E+08,structural
388,9.79741E+00,occupants
388,1.74938E+08,structural
389,5.63521E+01,occupants
389,2.69764E+08,structural
390,1.46063E+00,occupants
390,1.36456E+08,structural
391,1.03953E+00,occupants
391,9.86900E+07,structural
392,2.30845E+00,occupants
392,2.84248E+08,structural
393,2.57578E-01,occupants
393,1.01984E+07,structural
394,1.80899E-01,occupants
394,3.50585E+06,structural
395,4.03469E-01,occupants
395,2.34131E+07,structural
396,3.21010E-02,occupants
396,4.40034E+06,structural
397,2.20497E-02,occupants
397,9.11038E+04,structural
398,4.95376E-02,occupants
398,2.73900E+07,structural
399,7.65158E+00,occupants
399,6.35374E+08,structural
400,5.42163E+00,occupants
400,4.01914E+08,structural
401,1.14824E+01,occupants
401,5.22312E+08,structural
402,4.13382E+01,occupants
402,9.79194E+08,structural
403,3.04829E+01,occupants
403,9.92078E+08,structural
404,5.69950E+01,occupants
404,1.28075E+09,structural
405,4.02433E-02,occupants
405,6.82338E+06,structural
406,2.51006E-02,occupants
406,6.26957E+07,structural
407,6.16408E-02,occupants
407,7.51773E+06,structural
414,5.50459E-01,occupants
414,1.35433E+08,structural
415,3.55049E-01,occupants
415,9.48931E+07,structural
416,8.19595E-01,occupants
416,3.45511E+07,structural
417,7.04743E+00,occupants
417,4.26162E+08,structural
418,4.70678E+00,occupants
418,8.32911E+08,structural
419,1.01940E+01,occupants
419,8.60111E+08,structural
420,1.46144E+01,occupants
420,1.86924E+08,structural
421,6.69503E+00,occupants
421,4.17782E+07,structural
422,3.36577E+01,occupants
422,2.01835E+08,structural
423,1.34545E+00,occupants
423,8.49532E+06,structural
424,5.04157E-01,occupants
424,1.13588E+07,structural
425,3.76685E+00,occupants
425,1.29073E+08,structural
426,6.25005E-02,occupants
426,1.08549E+07,structural
427,2.31879E-02,occupants
427,5.63877E+04,structural
428,2.08775E-01,occupants
428,5.75278E+05,structural
429,1.04330E+02,occupants
429,6.58768E+08,structural
430,5.47711E+01,occupants
430,2.56408E+08,structural
431,1.92948E+02,occupants
431,6.48209E+08,structural
432,5.35267E+02,occupants
432,1.29250E+09,structural
433,3.43825E+02,occupants
433,6.84995E+08,structural
434,8.10908E+02,occupants
434,2.75140E+09,structural
435,1.35214E+00,occupants
435,9.55291E+07,structural
436,5.68257E-01,occupants
436,2.92890E+07,structural
437,3.10790E+00,occupants
437,1.78474E+08,structural
438,2.03031E-01,occupants
438,3.62062E+07,structural
439,6.71014E-02,occupants
439,6.84387E+06,structural
440,5.79534E-01,occupants
440,2.87917E+07,structural
441,1.78952E-02,occupants
441,2.24165E+06,structural
442,4.33046E-03,occupants
442,6.41214E+05,structural
443,6.55791E-02,occupants
443,8.29161E+06,structural
444,7.22343E+00,occupants
444,4.76868E+08,structural
445,3.77094E+00,occupants
445,1.93982E+08,structural
446,1.36215E+01,occupants
446,1.18981E+08,structural
447,3.78101E+01,occupants
447,2.14335E+09,structural
448,2.38265E+01,occupants
448,5.42486E+08,structural
449,5.90683E+01,occupants
449,6.13201E+08,structural
450,4.19126E-01,occupants
450,1.57697E+08,structural
451,3.27038E-01,occupants
451,1.33380E+08,structural
452,5.65425E-01,occupants
452,2.50678E+08,structural
453,4.52290E-02,occupants
453,9.89487E+07,structural
454,3.39455E-02,occupants
454,4.55543E+07,structural
455,6.10423E-02,occupants
455,3.26239E+07,structural
456,2.63215E-03,occupants
456,2.51302E+06,structural
457,1.97032E-03,occupants
457,2.33096E+06,structural
458,3.82318E-03,occupants
458,3.40342E+05,structural
459,2.82654E+00,occupants
459,4.44839E+07,structural
460,2.26379E+00,occupants
460,7.33267E+07,structural
461,3.64633E+00,occupants
461,1.95089E+08,structural
462,1.65100E+01,occupants
462,9.98225E+08,structural
463,1.35490E+01,occupants
463,1.17622E+08,structural
464,2.05402E+01,occupants
464,3.11759E+08,structural
465,2.53366E+01,occupants
465,6.58156E+08,structural
466,1.63113E+01,occupants
466,7.62377E+07,structural
467,3.70222E+01,occupants
467,8.04097E+08,structural
468,1.90905E+00,occupants
468,6.75690E+07,structural
469,1.19243E+00,occupants
469,7.11185E+06,structural
470,3.30857E+00,occupants
470,1.05297E+08,structural
471,7.28298E-02,occupants
471,1.19924E+06,structural
472,4.29230E-02,occupants
472,8.87671E+04,structural
473,1.28639E-01,occupants
473,7.22504E+05,structural
474,1.93850E+02,occupants
474,5.11966E+08,structural
475,1.38407E+02,occupants
475,1.37624E+09,structural
476,2.68913E+02,occupants
476,3.97320E+09,structural
477,1.03959E+03,occupants
477,8.81836E+09,structural
478,8.18761E+02,occupants
478,2.55796E+09,structural
479,1.29340E+03,occupants
479,8.37656E+09,structural
480,1.56111E-02,occupants
480,5.74138E+06,structural
481,1.10444E-02,occupants
481,1.40974E+06,structural
482,2.27082E-02,occupants
482,6.50655E+06,structural
483,2.30137E-04,occupants
483,6.14202E+05,structural
484,9.05328E-05,occupants
485,5.82543E-04,occupants
485,4.26273E+05,structural
489,2.35117E-01,occupants
489,1.26922E+08,structural
490,1.65140E-01,occupants
490,6.51515E+07,structural
491,3.61189E-01,occupants
491,2.63963E+07,structural
492,3.09869E+00,occupants
492,8.51248E+07,structural
493,2.22330E+00,occupants
493,7.10449E+07,structural
494,4.74430E+00,occupants
494,2.02083E+08,structural
495,2.03005E+02,occupants
495,8.07353E+08,structural
496,1.48540E+02,occupants
496,4.21929E+08,structural
497,2.82721E+02,occupants
497,1.57517E+09,structural
498,2.80449E+01,occupants
498,4.14775E+07,structural
499,1.76735E+01,occupants
499,5.32717E+07,structural
500,4.19051E+01,occupants
500,2.19339E+08,structural
501,1.66936E+00,occupants
501,5.50769E+06,structural
502,9.85235E-01,occupants
502,2.71549E+07,structural
503,2.84569E+00,occupants
503,8.37181E+07,structural
504,9.12040E+02,occupants
504,1.64144E+09,structural
505,7.17032E+02,occupants
505,1.19087E+09,structural
506,1.13325E+03,occupants
506,7.39710E+09,structural
507,2.70167E+03,occupants
507,1.22526E+10,structural
508,2.33804E+03,occupants
508,1.22605E+10,structural
509,3.08262E+03,occupants
509,1.06580E+10,structural
510,1.36531E+00,occupants
510,2.63008E+07,structural
511,8.16313E-01,occupants
511,1.75670E+08,structural
512,2.51472E+00,occupants
512,1.43989E+08,structural
513,2.06523E-01,occupants
513,5.03722E+06,structural
514,1.15794E-01,occupants
514,2.02169E+07,structural
515,4.18441E-01,occupants
515,3.13592E+07,structural
516,1.85324E-02,occupants
516,9.53748E+06,structural
517,8.73263E-03,occupants
517,6.70078E+05,structural
518,4.15549E-02,occupants
518,2.76660E+06,structural
519,7.14915E+00,occupants
519,1.33343E+08,structural
520,4.46282E+00,occupants
520,2.72987E+08,structural
521,1.26444E+01,occupants
521,6.45114E+07,structural
522,4.12731E+01,occupants
522,8.49445E+08,structural
523,2.66382E+01,occupants
523,6.23421E+08,structural
524,7.26181E+01,occupants
524,6.97981E+08,structural
525,2.72875E-02,occupants
525,5.19317E+06,structural
526,2.03502E-02,occupants
526,2.34882E+07,structural
527,3.46194E-02,occupants
527,1.66228E+07,structural
528,3.34593E-03,occupants
528,4.48322E+05,structural
529,2.53923E-03,occupants
529,8.63737E+05,structural
530,4.63301E-03,occupants
530,5.74558E+05,structural
533,3.49427E-04,occupants
533,1.42314E+04,structural
534,1.70967E-01,occupants
534,3.94737E+07,structural
535,1.34864E-01,occupants
535,1.74079E+07,structural
536,2.19253E-01,occupants
536,3.12484E+07,structural
537,1.33674E+00,occupants
537,2.30416E+08,structural
538,1.05241E+00,occupants
538,7.40046E+07,structural
539,1.71728E+00,occupants
539,2.84943E+08,structural
540,1.20676E+00,occupants
540,2.95229E+07,structural
541,9.33187E-01,occupants
541,5.80576E+07,structural
542,1.58835E+00,occupants
542,1.11577E+08,structural
543,1.51699E-01,occupants
543,7.55750E+06,structural
544,1.17216E-01,occupants
544,6.58437E+07,structural
545,2.11667E-01,occupants
545,4.63135E+07,structural
546,1.08181E-02,occupants
546,9.63637E+06,structural
547,7.87694E-03,occupants
547,6.34551E+05,structural
548,1.47011E-02,occupants
548,2.90202E+06,structural
549,7.03163E+00,occupants
549,2.05919E+08,structural
550,5.59950E+00,occupants
550,1.91199E+07,structural
551,8.95319E+00,occupants
551,6.09548E+08,structural
552,3.69799E+01,occupants
552,2.80304E+08,structural
553,3.00798E+01,occupants
553,2.00924E+08,structural
554,4.69590E+01,occupants
554,9.77851E+08,structural
555,2.07109E-01,occupants
555,1.33451E+07,structural
556,1.59506E-01,occupants
556,4.77564E+07,structural
557,2.69335E-01,occupants
557,2.88745E+07,structural
558,2.03476E-02,occupants
558,1.35094E+06,structural
559,1.51624E-02,occupants
559,4.07562E+06,structural
560,2.81968E-02,occupants
560,5.57213E+06,structural
564,1.52259E+00,occupants
564,1.37045E+07,structural
565,1.20071E+00,occupants
565,1.04185E+08,structural
566,1.88005E+00,occupants
566,3.28140E+07,structural
567,9.47041E+00,occupants
567,3.12677E+08,structural
568,7.90298E+00,occupants
568,8.24657E+08,structural
569,1.14255E+01,occupants
569,8.73090E+08,structural
570,1.30765E-01,occupants
570,1.36695E+06,structural
571,8.88703E-02,occupants
571,4.47863E+06,structural
572,1.86662E-01,occupants
572,8.02277E+07,structural
573,1.20547E-02,occupants
573,5.11405E+07,structural
574,7.61972E-03,occupants
574,2.85011E+07,structural
575,1.85526E-02,occupants
575,2.79488E+05,structural
579,1.18292E+00,occupants
579,7.35848E+07,structural
580,8.31471E-01,occupants
580,1.26082E+08,structural
581,1.67513E+00,occupants
581,7.54686E+06,structural
582,1.22938E+01,occupants
582,1.63102E+08,structural
583,8.74747E+00,occupants
583,5.96928E+07,structural
584,1.67187E+01,occupants
584,3.89326E+08,structural
585,1.51857E+02,occupants
585,7.34228E+08,structural
586,1.06262E+02,occupants
586,1.01956E+09,structural
587,2.07905E+02,occupants
587,4.73409E+08,structural
588,1.80620E+01,occupants
588,7.19752E+08,structural
589,1.20638E+01,occupants
589,2.09311E+08,structural
590,2.87451E+01,occupants
590,1.30093E+08,structural
591,1.02709E+00,occupants
591,1.02207E+08,structural
592,6.15287E-01,occupants
592,1.54770E+07,structural
593,1.71381E+00,occupants
593,2.32248E+07,structural
594,7.27748E+02,occupants
594,1.67290E+09,structural
595,5.65366E+02,occupants
595,4.91762E+09,structural
596,9.25778E+02,occupants
596,3.75275E+09,structural
597,2.36447E+03,occupants
597,5.28958E+09,structural
598,2.01619E+03,occupants
598,2.45699E+09,structural
599,2.73259E+03,occupants
599,7.05221E+09,structural
600,1.70614E+01,occupants
600,6.79938E+07,structural
601,1.42588E+01,occupants
601,3.74880E+07,structural
602,2.01549E+01,occupants
602,1.29868E+08,structural
603,3.76643E+00,occupants
603,1.10456E+08,structural
604,3.05435E+00,occupants
604,5.79662E+08,structural
605,4.59537E+00,occupants
605,2.08572E+07,structural
606,4.97919E-01,occupants
606,4.41721E+07,structural
607,3.81192E-01,occupants
607,1.88506E+08,structural
608,6.26924E-01,occupants
608,2.92794E+07,structural
609,5.86567E+01,occupants
609,1.63801E+08,structural
610,5.05645E+01,occupants
610,7.91492E+08,structural
611,6.85391E+01,occupants
611,8.31373E+08,structural
612,1.89436E+02,occupants
612,2.07512E+09,structural
613,1.63285E+02,occupants
613,1.32281E+09,structural
614,2.27525E+02,occupants
614,1.20257E+09,structural
615,4.38038E-02,occupants
615,5.24090E+06,structural
616,2.86005E-02,occupants
616,2.14770E+07,structural
617,7.48222E-02,occupants
617,4.51824E+06,structural
618,4.09696E-03,occupants
618,1.51985E+06,structural
619,2.64899E-03,occupants
619,3.45575E+06,structural
620,6.79866E-03,occupants
620,3.50744E+06,structural
624,3.30493E-01,occupants
624,7.64039E+07,structural
625,2.29447E-01,occupants
625,5.91622E+06,structural
626,5.73755E-01,occupants
626,3.31594E+07,structural
627,2.40829E+00,occupants
627,3.91704E+07,structural
628,1.67638E+00,occupants
628,1.32604E+08,structural
629,4.92748E+00,occupants
629,2.17730E+08,structural
630,2.57007E+02,occupants
630,1.11483E+09,structural
631,2.15802E+02,occupants
631,7.51339E+08,structural
632,3.07622E+02,occupants
632,1.30781E+09,structural
633,5.97190E+01,occupants
633,1.26492E+08,structural
634,4.66350E+01,occupants
634,2.41648E+08,structural
635,7.37532E+01,occupants
635,1.48792E+08,structural
636,7.10649E+00,occupants
636,4.68669E+07,structural
637,5.29821E+00,occupants
637,8.88161E+07,structural
638,9.49709E+00,occupants
638,9.17876E+07,structural
639,7.78707E+02,occupants
639,3.78157E+09,structural
640,6.72862E+02,occupants
640,2.32984E+09,structural
641,8.99602E+02,occupants
641,4.71350E+09,structural
642,2.00038E+03,occupants
642,8.68844E+09,structural
643,1.76114E+03,occupants
643,8.02970E+09,structural
644,2.26239E+03,occupants
644,3.05891E+09,structural
645,8.03034E-06,occupants
645,6.78452E+05,structural
647,3.46865E-04,occupants
647,2.15228E+04,structural
654,2.30826E-02,occupants
654,3.80000E+07,structural
655,1.51570E-02,occupants
655,5.55523E+06,structural
656,4.67072E-02,occupants
656,4.70358E+07,structural
657,4.00470E-01,occupants
657,4.35298E+08,structural
658,2.60530E-01,occupants
658,2.72899E+08,structural
659,7.33651E-01,occupants
659,1.80190E+08,structural
660,6.77974E-01,occupants
660,6.61514E+07,structural
661,4.67800E-01,occupants
661,4.62192E+07,structural
662,9.42010E-01,occupants
662,6.61839E+07,structural
663,6.38206E-02,occupants
663,2.18257E+07,structural
664,3.91090E-02,occupants
664,2.74749E+07,structural
665,9.71788E-02,occupants
665,2.53878E+08,structural
669,5.09032E+00,occupants
669,2.23493E+08,structural
670,3.74455E+00,occupants
670,1.99741E+08,structural
671,6.86935E+00,occupants
671,6.19162E+08,structural
672,3.34591E+01,occupants
672,7.91500E+08,structural
673,2.57953E+01,occupants
673,2.84101E+08,structural
674,4.26162E+01,occupants
674,7.77307E+08,structural
675,1.12771E+00,occupants
675,5.30564E+07,structural
676,8.25035E-01,occupants
676,2.11217E+07,structural
677,1.64883E+00,occupants
677,1.35415E+07,structural
678,8.17539E-02,occupants
678,9.08957E+06,structural
679,5.19966E-02,occupants
679,8.34072E+05,structural
680,1.14258E-01,occupants
680,8.17722E+06,structural
681,2.82513E-04,occupants
682,9.05328E-05,occupants
682,9.58303E+03,structural
683,6.38577E-04,occupants
683,6.75920E+04,structural
684,1.15422E+01,occupants
684,2.84188E+08,structural
685,8.41057E+00,occupants
685,2.51964E+08,structural
686,1.51493E+01,occupants
686,2.15647E+08,structural
687,8.89223E+01,occupants
687,8.10281E+08,structural
688,7.08075E+01,occupants
688,2.09241E+09,structural
689,1.11493E+02,occupants
689,6.71343E+08,structural
690,1.26020E-02,occupants
690,1.91013E+07,structural
691,3.02514E-03,occupants
691,3.16451E+05,structural
692,4.91451E-02,occupants
692,3.87913E+07,structural
695,4.73180E-03,occupants
695,9.01443E+06,structural
699,1.24967E-01,occupants
699,1.01290E+07,structural
700,4.17445E-02,occupants
700,1.61472E+07,structural
701,3.69874E-01,occupants
701,3.48331E+07,structural
702,1.08262E+00,occupants
702,7.38093E+07,structural
703,4.53759E-01,occupants
703,9.88337E+07,structural
704,2.58857E+00,occupants
704,2.47313E+08,structural
705,4.60070E+00,occupants
705,1.73328E+07,structural
706,3.44156E+00,occupants
706,1.22465E+07,structural
707,6.57769E+00,occupants
707,4.37520E+07,structural
708,3.99291E-01,occupants
708,1.35890E+07,structural
709,2.59739E-01,occupants
709,8.24168E+06,structural
710,5.51404E-01,occupants
710,2.83395E+06,structural
711,1.66084E-02,occupants
711,7.51488E+04,structural
712,1.14083E-02,occupants
712,5.37703E+05,structural
713,2.53077E-02,occupants
713,2.39275E+06,structural
714,3.90011E+01,occupants
714,1.74740E+08,structural
715,2.89088E+01,occupants
715,5.98168E+07,structural
716,5.05678E+01,occupants
716,4.71134E+08,structural
717,2.55000E+02,occupants
717,6.79003E+08,structural
718,2.03350E+02,occupants
718,7.30386E+08,structural
719,3.23144E+02,occupants
719,1.67576E+09,structural
720,1.96372E-01,occupants
720,1.16365E+07,structural
721,1.20722E-01,occupants
721,4.42226E+06,structural
722,3.14810E-01,occupants
722,3.59127E+07,structural
729,3.16495E+00,occupants
729,3.63916E+07,structural
730,2.08248E+00,occupants
730,8.73093E+07,structural
731,5.06729E+00,occupants
731,9.98235E+07,structural
732,4.63448E+01,occupants
732,3.18433E+08,structural
733,3.19142E+01,occupants
733,4.33465E+08,structural
734,6.77737E+01,occupants
734,5.20981E+08,structural
735,2.01739E-02,occupants
735,1.57494E+05,structural
736,1.31312E-02,occupants
736,3.39440E+06,structural
737,3.82602E-02,occupants
737,5.13881E+07,structural
744,2.68543E-01,occupants
744,5.06384E+07,structural
745,1.71181E-01,occupants
745,2.44596E+07,structural
746,4.31125E-01,occupants
746,3.25177E+08,structural
747,2.80576E+00,occupants
747,7.47012E+07,structural
748,1.98409E+00,occupants
748,1.83850E+08,structural
749,4.22314E+00,occupants
749,1.88317E+08,structural
750,1.99421E-01,occupants
750,7.36053E+07,structural
751,1.23348E-01,occupants
751,4.74074E+07,structural
752,3.35026E-01,occupants
752,6.21561E+07,structural
753,3.88865E-03,occupants
753,2.50228E+06,structural
754,5.90458E-05,occupants
754,2.39197E+03,structural
755,1.01873E-02,occupants
755,1.93514E+07,structural
759,2.74597E+00,occupants
759,1.96623E+08,structural
760,1.78589E+00,occupants
760,1.99240E+07,structural
761,4.45845E+00,occupants
761,2.97409E+08,structural
762,3.67441E+01,occupants
762,1.83850E+09,structural
763,2.48949E+01,occupants
763,4.59306E+08,structural
764,5.57835E+01,occupants
764,4.82314E+08,structural
765,1.58662E+01,occupants
765,3.40025E+08,structural
766,1.32962E+01,occupants
766,9.89512E+07,structural
767,1.87965E+01,occupants
767,5.90078E+07,structural
768,3.43916E+00,occupants
768,6.80698E+07,structural
769,2.75324E+00,occupants
769,8.16949E+06,structural
770,4.18623E+00,occupants
770,6.27949E+07,structural
771,4.41284E-01,occupants
771,3.93788E+06,structural
772,3.44727E-01,occupants
772,1.57659E+08,structural
773,5.67717E-01,occupants
773,3.17239E+07,structural
774,5.63802E+01,occupants
774,4.92493E+08,structural
775,4.83878E+01,occupants
775,1.47282E+09,structural
776,6.61025E+01,occupants
776,6.63472E+08,structural
777,1.97887E+02,occupants
777,1.78373E+09,structural
778,1.66464E+02,occupants
778,2.08797E+09,structural
779,2.35313E+02,occupants
779,1.24825E+09,structural
780,1.61422E+00,occupants
780,2.10557E+08,structural
781,1.05298E+00,occupants
781,5.09657E+07,structural
782,2.67148E+00,occupants
782,9.66200E+07,structural
783,2.30340E-01,occupants
783,7.46540E+07,structural
784,1.46361E-01,occupants
784,5.12653E+07,structural
785,4.01057E-01,occupants
785,3.85768E+08,structural
786,1.90188E-02,occupants
786,4.24455E+06,structural
787,1.13661E-02,occupants
787,3.03164E+06,structural
788,3.44297E-02,occupants
788,3.35767E+06,structural
789,9.95332E+00,occupants
789,1.18426E+08,structural
790,6.74705E+00,occupants
790,2.17538E+08,structural
791,1.53002E+01,occupants
791,5.97239E+08,structural
792,6.69341E+01,occupants
792,1.56906E+09,structural
793,4.71993E+01,occupants
793,6.28842E+08,structural
794,9.51586E+01,occupants
794,1.08662E+09,structural
795,2.52808E+00,occupants
795,3.53339E+08,structural
796,1.62629E+00,occupants
796,1.25349E+08,structural
797,3.99948E+00,occupants
797,3.06028E+08,structural
798,2.88857E-01,occupants
798,9.66898E+07,structural
799,1.74848E-01,occupants
799,2.26356E+08,structural
800,5.04954E-01,occupants
800,4.56024E+07,structural
801,1.22243E-02,occupants
801,1.44263E+07,structural
802,7.02695E-03,occupants
802,1.01544E+06,structural
803,2.84002E-02,occupants
803,2.27908E+07,structural
804,1.61684E+01,occupants
804,2.89082E+09,structural
805,1.11782E+01,occupants
805,1.32325E+09,structural
806,2.34524E+01,occupants
806,4.73633E+08,structural
807,8.93798E+01,occupants
807,9.61965E+08,structural
808,6.68064E+01,occupants
808,6.47601E+08,structural
809,1.19930E+02,occupants
809,6.72413E+08,structural
810,1.59635E+00,occupants
810,1.47505E+07,structural
811,5.35787E-01,occupants
811,4.69101E+06,structural
812,4.69752E+00,occupants
812,1.90240E+07,structural
813,9.74396E-02,occupants
813,6.43362E+05,structural
814,2.58353E-02,occupants
814,6.44324E+06,structural
815,3.77962E-01,occupants
815,3.60181E+06,structural
818,1.70673E-02,occupants
818,1.78195E+05,structural
819,1.70491E+01,occupants
819,1.74658E+08,structural
820,6.72903E+00,occupants
820,7.79063E+07,structural
821,3.99755E+01,occupants
821,1.23509E+08,structural
822,1.43421E+02,occupants
822,8.38503E+08,structural
823,7.49512E+01,occupants
823,8.15983E+08,structural
824,2.57400E+02,occupants
824,1.05994E+09,structural
825,7.15475E-01,occupants
825,3.50488E+07,structural
826,5.67533E-01,occupants
826,9.96066E+07,structural
827,9.22694E-01,occupants
827,1.22605E+08,structural
828,8.79563E-02,occupants
828,7.43050E+06,structural
829,6.57933E-02,occupants
829,3.02075E+07,structural
830,1.15378E-01,occupants
830,6.06883E+07,structural
831,5.64622E-03,occupants
831,1.16770E+07,structural
832,4.24771E-03,occupants
832,9.99276E+06,structural
833,8.11070E-03,occupants
833,4.37603E+06,structural
834,4.28874E+00,occupants
834,8.96861E+07,structural
835,3.53457E+00,occupants
835,1.22750E+08,structural
836,5.37208E+00,occupants
836,6.31405E+07,structural
837,2.23884E+01,occupants
837,6.29999E+08,structural
838,1.87111E+01,occupants
838,4.62774E+08,structural
839,2.75634E+01,occupants
839,3.13734E+08,structural
840,1.52527E+01,occupants
840,3.09258E+08,structural
841,1.03459E+01,occupants
841,1.42642E+08,structural
842,2.22388E+01,occupants
842,8.56704E+07,structural
843,1.86100E+00,occupants
843,4.47350E+07,structural
844,1.14381E+00,occupants
844,3.92087E+07,structural
845,3.32644E+00,occupants
845,1.47461E+08,structural
846,1.42408E-01,occupants
846,3.80157E+07,structural
847,7.02297E-02,occupants
847,8.14112E+06,structural
848,3.21146E-01,occupants
848,1.08702E+07,structural
849,8.65671E+01,occupants
849,7.93924E+08,structural
850,6.65381E+01,occupants
850,1.02424E+09,structural
851,1.16433E+02,occupants
851,1.02235E+09,structural
852,3.94797E+02,occupants
852,2.55580E+09,structural
853,3.22880E+02,occupants
853,7.27970E+08,structural
854,4.85048E+02,occupants
854,2.26346E+09,structural
855,1.84319E+01,occupants
855,9.61422E+08,structural
856,1.40690E+01,occupants
856,3.33894E+08,structural
857,2.40732E+01,occupants
857,4.17797E+08,structural
858,3.16239E+00,occupants
858,1.52678E+08,structural
859,2.27903E+00,occupants
859,4.88993E+08,structural
860,4.28904E+00,occupants
860,3.05356E+08,structural
861,3.03069E-01,occupants
861,3.41957E+07,structural
862,2.11312E-01,occupants
862,3.86898E+06,structural
863,4.51113E-01,occupants
863,1.32434E+08,structural
864,7.91460E+01,occupants
864,3.16809E+08,structural
865,6.36716E+01,occupants
865,2.92395E+09,structural
866,9.89426E+01,occupants
866,6.08605E+08,structural
867,2.85510E+02,occupants
867,2.25655E+09,structural
868,2.40405E+02,occupants
868,2.42337E+09,structural
869,3.37229E+02,occupants
869,4.19520E+09,structural
870,1.11435E-01,occupants
870,1.61762E+07,structural
871,3.31921E-02,occupants
871,3.01774E+06,structural
872,3.35401E-01,occupants
872,4.39213E+07,structural
873,8.60587E-03,occupants
873,8.07067E+05,structural
875,3.36398E-02,occupants
875,2.80673E+06,structural
878,2.49855E-03,occupants
878,3.39934E+06,structural
879,1.03485E+00,occupants
879,9.87994E+06,structural
880,4.31843E-01,occupants
880,8.05410E+07,structural
881,2.71007E+00,occupants
881,3.98747E+07,structural
882,1.13787E+01,occupants
882,1.86388E+08,structural
883,5.65056E+00,occupants
883,1.38374E+08,structural
884,2.46143E+01,occupants
884,1.22710E+08,structural
885,3.42776E+00,occupants
885,4.75323E+07,structural
886,2.60061E+00,occupants
886,9.85292E+07,structural
887,4.42573E+00,occupants
887,2.72540E+08,structural
888,7.10856E-01,occupants
888,3.46156E+06,structural
889,5.24839E-01,occupants
889,3.31218E+06,structural
890,9.84960E-01,occupants
890,2.27947E+08,structural
891,9.04418E-02,occupants
891,4.15811E+07,structural
892,6.33404E-02,occupants
892,2.80819E+07,structural
893,1.33405E-01,occupants
893,5.66711E+07,structural
894,1.26325E+01,occupants
894,6.87982E+07,structural
895,1.01163E+01,occupants
895,9.72526E+07,structural
896,1.58830E+01,occupants
896,2.86995E+08,structural
897,4.57256E+01,occupants
897,2.80151E+08,structural
898,3.73420E+01,occupants
898,4.34418E+08,structural
899,5.66650E+01,occupants
899,5.97621E+08,structural
900,4.84516E-02,occupants
900,7.33056E+06,structural
901,2.27097E-02,occupants
901,2.57326E+06,structural
902,7.44178E-02,occupants
902,4.42372E+07,structural
903,3.09776E-03,occupants
903,3.27127E+04,structural
905,4.85705E-03,occupants
905,1.58278E+06,structural
909,5.76562E-01,occupants
909,1.39147E+08,structural
910,3.57601E-01,occupants
910,1.17699E+08,structural
911,9.25714E-01,occupants
911,8.76957E+07,structural
912,8.82775E+00,occupants
912,1.14094E+08,structural
913,5.54505E+00,occupants
913,2.79233E+08,structural
914,1.33381E+01,occupants
914,1.62682E+08,structural
915,1.42800E+00,occupants
915,8.11871E+07,structural
916,1.10253E+00,occupants
916,2.13080E+07,structural
917,1.81178E+00,occupants
917,1.12440E+08,structural
918,1.80166E-01,occupants
918,2.44634E+07,structural
919,1.34386E-01,occupants
919,3.15383E+07,structural
920,2.28362E-01,occupants
920,1.75232E+08,structural
921,1.33815E-02,occupants
921,3.21388E+06,structural
922,9.69811E-03,occupants
922,5.29839E+07,structural
923,1.81757E-02,occupants
923,1.27524E+07,structural
924,8.86790E+00,occupants
924,1.43351E+08,structural
925,6.89407E+00,occupants
925,6.29298E+08,structural
926,1.14837E+01,occupants
926,3.86947E+08,structural
927,6.04109E+01,occupants
927,9.79491E+08,structural
928,4.56439E+01,occupants
928,4.57779E+08,structural
929,7.88261E+01,occupants
929,9.84960E+08,structural
930,7.11549E-02,occupants
930,4.29740E+06,structural
931,4.77829E-02,occupants
931,2.29355E+07,structural
932,1.17783E-01,occupants
932,1.07914E+08,structural
933,7.42936E-03,occupants
933,1.46748E+07,structural
934,4.90715E-03,occupants
934,2.07877E+07,structural
935,1.17794E-02,occupants
935,1.99529E+06,structural
939,5.01544E-01,occupants
939,1.33056E+08,structural
940,3.51187E-01,occupants
940,4.01534E+07,structural
941,8.47382E-01,occupants
941,1.17723E+08,structural
942,3.27855E+00,occupants
942,2.71859E+07,structural
943,2.31591E+00,occupants
943,9.39515E+07,structural
944,5.65104E+00,occupants
944,1.54782E+08,structural
945,1.87480E-02,occupants
945,7.86682E+06,structural
946,1.22523E-02,occupants
946,1.56328E+07,structural
947,3.07368E-02,occupants
947,1.11248E+07,structural
950,2.63227E-03,occupants
950,1.91148E+05,structural
954,1.62729E-01,occupants
954,3.39639E+06,structural
955,1.06864E-01,occupants
955,3.09200E+07,structural
956,2.57020E-01,occupants
956,2.84144E+07,structural
957,1.30799E+00,occupants
957,1.69740E+08,structural
958,8.99948E-01,occupants
958,5.11919E+07,structural
959,1.96764E+00,occupants
959,5.60090E+07,structural
960,3.87953E-01,occupants
960,4.89083E+07,structural
961,2.99677E-01,occupants
961,3.15372E+07,structural
962,5.08503E-01,occupants
962,2.90201E+08,structural
963,4.14081E-02,occupants
963,2.68100E+07,structural
964,3.17051E-02,occupants
964,4.09754E+07,structural
965,5.67261E-02,occupants
965,1.63275E+07,structural
966,2.46150E-03,occupants
966,1.49377E+06,structural
968,3.48891E-03,occupants
968,4.99654E+06,structural
969,2.68251E+00,occupants
969,1.98567E+07,structural
970,2.14383E+00,occupants
970,6.38110E+07,structural
971,3.35240E+00,occupants
971,2.49635E+08,structural
972,1.64231E+01,occupants
972,6.85399E+08,structural
973,1.34938E+01,occupants
973,2.54062E+08,structural
974,2.02577E+01,occupants
974,3.29676E+08,structural
975,9.03846E-02,occupants
975,4.60497E+06,structural
976,6.80262E-02,occupants
976,1.71220E+07,structural
977,1.22728E-01,occupants
977,2.34863E+07,structural
978,1.17783E-02,occupants
978,2.72430E+07,structural
979,8.17958E-03,occupants
979,1.13600E+06,structural
980,1.60800E-02,occupants
980,4.55847E+06,structural
981,7.30326E-04,occupants
981,9.65497E+05,structural
982,5.06771E-04,occupants
982,2.00201E+05,structural
983,9.74579E-04,occupants
983,4.99022E+05,structural
984,5.56859E-01,occupants
984,5.67674E+07,structural
985,4.21000E-01,occupants
985,1.02485E+08,structural
986,7.48692E-01,occupants
986,4.83573E+07,structural
987,3.34610E+00,occupants
987,6.52207E+07,structural
988,2.55119E+00,occupants
988,2.97825E+07,structural
989,4.60594E+00,occupants
989,1.13703E+08,structural
990,1.13005E-01,occupants
990,1.55968E+07,structural
991,8.46364E-02,occupants
991,2.27736E+07,structural
992,1.47492E-01,occupants
992,1.20848E+08,structural
993,1.08794E-02,occupants
993,2.96039E+07,structural
994,7.64729E-03,occupants
994,3.17303E+06,structural
995,1.43896E-02,occupants
995,3.35144E+06,structural
998,8.48420E-04,occupants
998,6.93733E+05,structural
999,8.86752E-01,occupants
999,2.71786E+08,structural
1000,6.98044E-01,occupants
1000,3.31383E+07,structural
1001,1.14063E+00,occupants
1001,1.51273E+08,structural
1002,6.30562E+00,occupants
1002,1.03322E+08,structural
1003,5.06447E+00,occupants
1003,2.63591E+08,structural
1004,7.75012E+00,occupants
1004,6.74008E+08,structural
1005,4.02658E+00,occupants
1005,9.06937E+07,structural
1006,3.32203E+00,occupants
1006,1.03179E+08,structural
1007,5.09171E+00,occupants
1007,1.26546E+08,structural
1008,1.00435E+00,occupants
1008,2.14091E+07,structural
1009,8.13457E-01,occupants
1009,9.55052E+06,structural
1010,1.23104E+00,occupants
1010,2.27983E+07,structural
1011,1.90864E-01,occupants
1011,1.06903E+06,structural
1012,1.50356E-01,occupants
1012,2.01446E+07,structural
1013,2.36135E-01,occupants
1013,8.33728E+06,structural
1014,1.58485E+01,occupants
1014,3.40460E+08,structural
1015,1.28391E+01,occupants
1015,1.48123E+08,structural
1016,1.96613E+01,occupants
1016,1.27274E+08,structural
1017,6.02094E+01,occupants
1017,2.84253E+08,structural
1018,4.96421E+01,occupants
1018,7.11233E+08,structural
1019,7.45209E+01,occupants
1019,6.30859E+08,structural
1020,2.67422E-01,occupants
1020,1.01528E+07,structural
1021,2.04221E-01,occupants
1021,9.67142E+06,structural
1022,3.46458E-01,occupants
1022,6.39647E+07,structural
1023,2.78299E-02,occupants
1023,1.44427E+06,structural
1024,2.00733E-02,occupants
1024,5.57605E+06,structural
1025,3.66361E-02,occupants
1025,1.93635E+07,structural
1028,2.16635E-03,occupants
1028,1.33011E+05,structural
1029,1.87072E+00,occupants
1029,1.74854E+08,structural
1030,1.50591E+00,occupants
1030,1.60002E+07,structural
1031,2.38223E+00,occupants
1031,4.55534E+08,structural
1032,1.15161E+01,occupants
1032,2.40262E+08,structural
1033,9.42747E+00,occupants
1033,1.08159E+08,structural
1034,1.41525E+01,occupants
1034,9.88226E+07,structural
1035,6.41365E+01,occupants
1035,7.82600E+08,structural
1036,4.26810E+01,occupants
1036,7.04796E+08,structural
1037,9.94348E+01,occupants
1037,2.86089E+08,structural
1038,6.34966E+00,occupants
1038,7.42151E+07,structural
1039,3.75429E+00,occupants
1039,1.87876E+07,structural
1040,1.01919E+01,occupants
1040,1.28986E+08,structural
1041,2.84836E-01,occupants
1041,2.86379E+05,structural
1042,1.47708E-01,occupants
1042,3.33871E+06,structural
1043,5.10977E-01,occupants
1043,9.79099E+05,structural
1044,4.03774E+02,occupants
1044,1.21066E+09,structural
1045,2.91246E+02,occupants
1045,2.38313E+09,structural
1046,5.60226E+02,occupants
1046,1.71692E+09,structural
1047,1.71501E+03,occupants
1047,7.46073E+09,structural
1048,1.35586E+03,occupants
1048,1.04832E+10,structural
1049,2.19584E+03,occupants
1049,6.46587E+09,structural
1050,7.47878E+00,occupants
1050,3.15211E+08,structural
1051,5.56514E+00,occupants
1051,4.24201E+08,structural
1052,1.00354E+01,occupants
1052,4.50506E+08,structural
1053,1.07745E+00,occupants
1053,1.28576E+08,structural
1054,7.54621E-01,occupants
1054,2.46609E+07,structural
1055,1.48966E+00,occupants
1055,3.50746E+07,structural
1056,8.51994E-02,occupants
1056,3.74325E+07,structural
1057,5.79625E-02,occupants
1057,9.20182E+06,structural
1058,1.29980E-01,occupants
1058,6.77532E+07,structural
1059,3.85096E+01,occupants
1059,5.90874E+08,structural
1060,3.01551E+01,occupants
1060,8.01721E+08,structural
1061,4.97063E+01,occupants
1061,4.09489E+08,structural
1062,1.75179E+02,occupants
1062,8.27234E+08,structural
1063,1.42977E+02,occupants
1063,6.72688E+09,structural
1064,2.14690E+02,occupants
1064,1.64364E+09,structural
1065,7.00306E-01,occupants
1065,1.53557E+08,structural
1066,5.02128E-01,occupants
1066,9.53082E+07,structural
1067,9.52373E-01,occupants
1067,9.97429E+07,structural
1068,5.41709E-02,occupants
1068,2.24773E+07,structural
1069,4.01250E-02,occupants
1069,2.64036E+06,structural
1070,8.20557E-02,occupants
1070,1.08544E+08,structural
1071,2.12099E-03,occupants
1071,4.28945E+05,structural
1073,2.82192E-03,occupants
1073,2.40972E+05,structural
1074,6.58995E+00,occupants
1074,3.00713E+08,structural
1075,4.95034E+00,occupants
1075,1.84979E+08,structural
1076,8.80814E+00,occupants
1076,4.24781E+08,structural
1077,5.57789E+01,occupants
1077,5.95300E+08,structural
1078,4.34155E+01,occupants
1078,1.32062E+09,structural
1079,7.10297E+01,occupants
1079,8.56744E+08,structural
1080,3.38383E+00,occupants
1080,2.82648E+07,structural
1081,2.42418E+00,occupants
1081,7.01802E+07,structural
1082,4.49927E+00,occupants
1082,1.89892E+07,structural
1083,2.74478E-01,occupants
1083,3.81500E+07,structural
1084,1.90927E-01,occupants
1084,2.72813E+06,structural
1085,3.99058E-01,occupants
1085,2.30732E+06,structural
1086,1.20268E-02,occupants
1086,6.60543E+04,structural
1088,1.72547E-02,occupants
1088,7.70781E+04,structural
1089,2.66385E+01,occupants
1089,6.62341E+07,structural
1090,2.09912E+01,occupants
1090,3.57466E+08,structural
1091,3.49461E+01,occupants
1091,2.33781E+08,structural
1092,1.60698E+02,occupants
1092,4.03006E+08,structural
1093,1.33340E+02,occupants
1093,4.05863E+08,structural
1094,1.94515E+02,occupants
1094,1.20874E+09,structural
1095,7.51455E+01,occupants
1095,6.31067E+08,structural
1096,5.13125E+01,occupants
1096,6.58816E+08,structural
1097,1.14520E+02,occupants
1097,5.08036E+08,structural
1098,8.07805E+00,occupants
1098,2.21295E+08,structural
1099,5.04970E+00,occupants
1099,2.13394E+08,structural
1100,1.30925E+01,occupants
1100,2.00491E+08,structural
1101,4.82891E-01,occupants
1101,8.63238E+07,structural
1102,3.04544E-01,occupants
1102,5.78266E+06,structural
1103,8.08233E-01,occupants
1103,1.24362E+07,structural
1104,4.65853E+02,occupants
1104,2.45998E+09,structural
1105,3.33688E+02,occupants
1105,3.57514E+09,structural
1106,6.47817E+02,occupants
1106,1.40424E+09,structural
1107,2.03501E+03,occupants
1107,1.03857E+10,structural
1108,1.60611E+03,occupants
1108,6.81348E+09,structural
1109,2.55540E+03,occupants
1109,1.18976E+10,structural
1110,8.83457E+02,occupants
1110,2.44793E+09,structural
1111,7.79551E+02,occupants
1111,3.06253E+09,structural
1112,9.97420E+02,occupants
1112,3.48550E+09,structural
1113,3.30806E+02,occupants
1113,1.83710E+09,structural
1114,2.81748E+02,occupants
1114,1.03929E+09,structural
1115,3.87575E+02,occupants
1115,2.14767E+09,structural
1116,7.16088E+01,occupants
1116,1.36483E+08,structural
1117,5.82235E+01,occupants
1117,7.45507E+08,structural
1118,9.03335E+01,occupants
1118,1.34451E+08,structural
1119,1.87413E+03,occupants
1119,7.00809E+09,structural
1120,1.67442E+03,occupants
1120,5.03172E+09,structural
1121,2.10590E+03,occupants
1121,7.52584E+09,structural
1122,3.78372E+03,occupants
1122,1.30735E+10,structural
1123,3.40602E+03,occupants
1123,1.28956E+10,structural
1124,4.21223E+03,occupants
1124,1.05022E+10,structural
1125,3.06440E-01,occupants
1125,9.52063E+06,structural
1126,2.17760E-01,occupants
1126,4.31898E+07,structural
1127,4.51671E-01,occupants
1127,1.05117E+08,structural
1128,4.04942E-02,occupants
1128,3.58211E+07,structural
1129,2.81920E-02,occupants
1129,7.38941E+06,structural
1130,6.20390E-02,occupants
1130,1.81550E+07,structural
1131,1.42698E-03,occupants
1131,2.05545E+03,structural
1132,1.00609E-03,occupants
1132,9.54734E+05,structural
1133,4.82084E-03,occupants
1133,3.60204E+06,structural
1134,1.71499E+00,occupants
1134,4.17556E+07,structural
1135,1.26365E+00,occupants
1135,5.31594E+07,structural
1136,2.50664E+00,occupants
1136,1.80540E+08,structural
1137,8.99860E+00,occupants
1137,2.31636E+08,structural
1138,6.72172E+00,occupants
1138,1.91062E+08,structural
1139,1.28924E+01,occupants
1139,2.17789E+08,structural
1140,4.74085E-01,occupants
1140,8.05047E+07,structural
1141,3.03769E-01,occupants
1141,2.14689E+07,structural
1142,7.88826E-01,occupants
1142,2.30415E+08,structural
1143,4.22273E-02,occupants
1143,8.45335E+06,structural
1144,2.46212E-02,occupants
1144,1.53005E+07,structural
1145,7.51024E-02,occupants
1145,1.50835E+07,structural
1148,3.03077E-04,occupants
1148,1.60068E+06,structural
1149,3.97539E+00,occupants
1149,3.79072E+08,structural
1150,2.67553E+00,occupants
1150,3.20786E+08,structural
1151,6.08192E+00,occupants
1151,6.49727E+08,structural
1152,2.98946E+01,occupants
1152,8.63949E+08,structural
1153,2.16433E+01,occupants
1153,2.72236E+08,structural
1154,4.18469E+01,occupants
1154,3.34381E+08,structural
1155,5.09442E+00,occupants
1155,1.89716E+08,structural
1156,3.71043E+00,occupants
1156,1.62840E+08,structural
1157,6.82202E+00,occupants
1157,1.68882E+08,structural
1158,6.81482E-01,occupants
1158,6.19039E+07,structural
1159,4.65635E-01,occupants
1159,5.74669E+07,structural
1160,9.59471E-01,occupants
1160,1.59934E+08,structural
1161,5.10263E-02,occupants
1161,1.66420E+07,structural
1162,3.34114E-02,occupants
1162,4.58878E+06,structural
1163,7.62362E-02,occupants
1163,6.55420E+07,structural
1164,2.85971E+01,occupants
1164,9.63360E+08,structural
1165,2.18365E+01,occupants
1165,1.49385E+09,structural
1166,3.73062E+01,occupants
1166,6.74718E+08,structural
1167,1.51362E+02,occupants
1167,2.81613E+09,structural
1168,1.18445E+02,occupants
1168,8.96322E+08,structural
1169,1.91743E+02,occupants
1169,6.51563E+09,structural
1170,1.05779E+01,occupants
1170,2.15596E+08,structural
1171,5.16559E+00,occupants
1171,1.45852E+08,structural
1172,2.02037E+01,occupants
1172,5.66361E+07,structural
1173,2.68774E+00,occupants
1173,2.56990E+08,structural
1174,1.11569E+00,occupants
1174,6.15300E+07,structural
1175,6.01892E+00,occupants
1175,1.13262E+08,structural
1176,4.28930E-01,occupants
1176,1.31738E+07,structural
1177,1.45094E-01,occupants
1177,5.81764E+07,structural
1178,1.16214E+00,occupants
1178,2.09958E+07,structural
1179,3.33982E+01,occupants
1179,1.55758E+08,structural
1180,1.91971E+01,occupants
1180,2.78861E+08,structural
1181,5.54863E+01,occupants
1181,2.75152E+08,structural
1182,9.93209E+01,occupants
1182,8.50363E+08,structural
1183,6.59515E+01,occupants
1183,7.53002E+08,structural
1184,1.45965E+02,occupants
1184,8.39600E+08,structural
1185,8.77786E-02,occupants
1185,1.37700E+08,structural
1186,4.50706E-02,occupants
1186,1.04906E+07,structural
1187,2.16113E-01,occupants
1187,5.09668E+07,structural
1188,8.07791E-03,occupants
1188,6.37829E+06,structural
1189,2.94941E-03,occupants
1189,1.70195E+07,structural
1190,2.19726E-02,occupants
1190,3.61442E+07,structural
1194,7.42174E-01,occupants
1194,1.46295E+08,structural
1195,4.05755E-01,occupants
1195,1.93035E+07,structural
1196,1.58649E+00,occupants
1196,9.14273E+07,structural
1197,5.74405E+00,occupants
1197,2.37556E+08,structural
1198,3.42445E+00,occupants
1198,7.78188E+07,structural
1199,1.07382E+01,occupants
1199,1.64533E+08,structural
1200,1.20363E+01,occupants
1200,6.17849E+07,structural
1201,7.53055E+00,occupants
1201,4.90391E+07,structural
1202,1.80635E+01,occupants
1202,3.44719E+08,structural
1203,7.92111E-01,occupants
1203,9.15956E+06,structural
1204,4.81652E-01,occupants
1204,1.70921E+06,structural
1205,1.40810E+00,occupants
1205,3.68186E+07,structural
1206,2.86819E-02,occupants
1206,2.03002E+05,structural
1207,1.72256E-02,occupants
1207,9.02147E+05,structural
1208,5.18325E-02,occupants
1208,2.28835E+04,structural
1209,1.06706E+02,occupants
1209,2.30381E+08,structural
1210,7.35272E+01,occupants
1210,5.16121E+08,structural
1211,1.52567E+02,occupants
1211,3.32216E+08,structural
1212,6.68630E+02,occupants
1212,8.67132E+09,structural
1213,5.10324E+02,occupants
1213,3.33286E+09,structural
1214,8.53577E+02,occupants
1214,1.67779E+09,structural
1215,6.28253E+00,occupants
1215,3.37833E+08,structural
1216,5.20080E+00,occupants
1216,9.29350E+07,structural
1217,7.67243E+00,occupants
1217,1.54851E+08,structural
1218,1.12107E+00,occupants
1218,1.26787E+07,structural
1219,9.04261E-01,occupants
1219,5.36585E+06,structural
1220,1.43119E+00,occupants
1220,1.94563E+08,structural
1221,1.17251E-01,occupants
1221,3.55405E+07,structural
1222,8.97475E-02,occupants
1222,9.00717E+06,structural
1223,1.54522E-01,occupants
1223,3.93132E+07,structural
1224,2.60837E+01,occupants
1224,1.00437E+09,structural
1225,2.21352E+01,occupants
1225,2.58832E+08,structural
1226,3.08490E+01,occupants
1226,2.52845E+08,structural
1227,9.53690E+01,occupants
1227,1.11318E+09,structural
1228,8.16466E+01,occupants
1228,1.55039E+08,structural
1229,1.14775E+02,occupants
1229,1.05394E+09,structural
1230,2.37724E-02,occupants
1230,4.54876E+06,structural
1231,8.36411E-03,occupants
1231,1.55939E+07,structural
1232,1.40153E-01,occupants
1232,4.40961E+07,structural
1235,1.43700E-02,occupants
1235,6.11950E+05,structural
1239,2.66741E-01,occupants
1239,4.58032E+07,structural
1240,1.23670E-01,occupants
1240,2.36978E+07,structural
1241,1.00800E+00,occupants
1241,2.99652E+07,structural
1242,3.17337E+00,occupants
1242,9.93666E+07,structural
1243,1.71931E+00,occupants
1243,9.83095E+07,structural
1244,7.69218E+00,occupants
1244,1.81400E+08,structural
1245,1.99344E+00,occupants
1245,4.54577E+07,structural
1246,1.44972E+00,occupants
1246,2.00184E+07,structural
1247,2.89210E+00,occupants
1247,3.94674E+07,structural
1248,3.46513E-01,occupants
1248,3.37527E+06,structural
1249,2.47078E-01,occupants
1249,1.11403E+07,structural
1250,4.96210E-01,occupants
1250,1.78438E+07,structural
1251,3.75814E-02,occupants
1251,5.96925E+06,structural
1252,2.62899E-02,occupants
1252,1.89481E+05,structural
1253,5.48034E-02,occupants
1253,3.53460E+07,structural
1254,1.01100E+01,occupants
1254,2.50709E+08,structural
1255,6.98122E+00,occupants
1255,7.77677E+07,structural
1256,1.61794E+01,occupants
1256,1.30814E+08,structural
1257,6.32969E+01,occupants
1257,5.88145E+08,structural
1258,4.02868E+01,occupants
1258,3.41792E+08,structural
1259,1.05844E+02,occupants
1259,7.77403E+08,structural
1260,6.03303E+00,occupants
1260,4.43146E+07,structural
1261,3.67242E+00,occupants
1261,8.36752E+07,structural
1262,9.20417E+00,occupants
1262,1.22080E+08,structural
1263,3.44037E-01,occupants
1263,2.53025E+07,structural
1264,2.09072E-01,occupants
1264,8.73315E+05,structural
1265,6.41141E-01,occupants
1265,1.74882E+08,structural
1266,1.24300E-02,occupants
1266,2.00856E+05,structural
1268,2.17376E-02,occupants
1268,8.50081E+04,structural
1269,6.16562E+01,occupants
1269,5.72297E+08,structural
1270,4.15238E+01,occupants
1270,1.83790E+08,structural
1271,9.10207E+01,occupants
1271,5.95593E+08,structural
1272,4.58101E+02,occupants
1272,2.14449E+09,structural
1273,3.39182E+02,occupants
1273,1.96525E+09,structural
1274,6.02250E+02,occupants
1274,4.39233E+09,structural
1275,3.13482E-01,occupants
1275,1.59127E+07,structural
1276,2.22031E-01,occupants
1276,8.45142E+07,structural
1277,4.31420E-01,occupants
1277,2.53813E+07,structural
1278,4.29059E-02,occupants
1278,1.43149E+07,structural
1279,2.83535E-02,occupants
1279,1.59734E+07,structural
1280,6.40144E-02,occupants
1280,1.24342E+06,structural
1281,3.31550E-03,occupants
1281,1.06153E+06,structural
1282,2.08240E-03,occupants
1282,1.50569E+07,structural
1283,5.34268E-03,occupants
1283,3.77687E+05,structural
1284,1.69003E+00,occupants
1284,3.89871E+08,structural
1285,1.26420E+00,occupants
1285,1.75480E+08,structural
1286,2.27535E+00,occupants
1286,1.38210E+08,structural
1287,8.18775E+00,occupants
1287,2.14903E+08,structural
1288,6.36594E+00,occupants
1288,1.02611E+08,structural
1289,1.06139E+01,occupants
1289,6.88352E+08,structural
1290,2.42385E+02,occupants
1290,1.71345E+09,structural
1291,1.75245E+02,occupants
1291,1.40778E+09,structural
1292,3.24562E+02,occupants
1292,1.22913E+09,structural
1293,3.36952E+01,occupants
1293,1.84884E+08,structural
1294,2.25917E+01,occupants
1294,1.55561E+08,structural
1295,5.16039E+01,occupants
1295,4.02055E+08,structural
1296,2.12863E+00,occupants
1296,1.36378E+07,structural
1297,1.32328E+00,occupants
1297,1.23660E+07,structural
1298,3.58881E+00,occupants
1298,4.21386E+07,structural
1299,1.01951E+03,occupants
1299,1.43693E+09,structural
1300,8.08548E+02,occupants
1300,2.68043E+09,structural
1301,1.26267E+03,occupants
1301,4.98669E+09,structural
1302,2.89070E+03,occupants
1302,1.35820E+10,structural
1303,2.51989E+03,occupants
1303,9.25743E+09,structural
1304,3.27547E+03,occupants
1304,1.05161E+10,structural
1307,1.77769E-03,occupants
1307,3.69093E+06,structural
1314,5.67932E-02,occupants
1314,1.23770E+06,structural
1315,3.99440E-02,occupants
1315,4.50946E+06,structural
1316,8.26371E-02,occupants
1316,5.11362E+06,structural
1317,1.04762E+00,occupants
1317,8.89755E+07,structural
1318,7.43067E-01,occupants
1318,3.98762E+07,structural
1319,1.42493E+00,occupants
1319,2.81495E+07,structural
1320,1.70884E+01,occupants
1320,2.80243E+08,structural
1321,1.14852E+01,occupants
1321,2.34942E+08,structural
1322,2.52161E+01,occupants
1322,3.13404E+08,structural
1323,1.32387E+00,occupants
1323,1.37763E+08,structural
1324,8.42797E-01,occupants
1324,3.69296E+07,structural
1325,2.12427E+00,occupants
1325,1.14121E+08,structural
1326,5.53881E-02,occupants
1326,1.99816E+07,structural
1327,3.52345E-02,occupants
1327,1.61544E+06,structural
1328,9.15901E-02,occupants
1328,4.79606E+06,structural
1329,1.43892E+02,occupants
1329,2.03742E+09,structural
1330,1.02678E+02,occupants
1330,1.71456E+09,structural
1331,1.97386E+02,occupants
1331,5.19495E+08,structural
1332,8.67394E+02,occupants
1332,3.20466E+09,structural
1333,6.81076E+02,occupants
1333,6.08826E+09,structural
1334,1.08321E+03,occupants
1334,4.07020E+09,structural
1335,1.02060E+01,occupants
1335,5.06543E+07,structural
1336,6.55484E+00,occupants
1336,7.54800E+07,structural
1337,1.60893E+01,occupants
1337,2.30530E+07,structural
1338,6.95519E-01,occupants
1338,3.00006E+07,structural
1339,3.90672E-01,occupants
1339,5.64716E+06,structural
1340,1.19997E+00,occupants
1340,2.93018E+07,structural
1341,2.38412E-02,occupants
1341,1.55662E+05,structural
1342,1.44114E-02,occupants
1342,5.94435E+05,structural
1343,4.46297E-02,occupants
1343,1.54202E+06,structural
1344,9.54240E+01,occupants
1344,1.49239E+09,structural
1345,6.42286E+01,occupants
1345,3.11056E+08,structural
1346,1.35044E+02,occupants
1346,1.28348E+09,structural
1347,6.06065E+02,occupants
1347,6.22186E+09,structural
1348,4.63447E+02,occupants
1348,3.96210E+09,structural
1349,7.71608E+02,occupants
1349,3.71865E+09,structural
1350,1.92216E+00,occupants
1350,3.41161E+07,structural
1351,1.45258E+00,occupants
1351,4.98521E+07,structural
1352,2.55343E+00,occupants
1352,2.66915E+08,structural
1353,3.61026E-01,occupants
1353,6.53256E+05,structural
1354,2.52403E-01,occupants
1354,2.62010E+07,structural
1355,5.00259E-01,occupants
1355,3.06989E+08,structural
1356,4.04689E-02,occupants
1356,3.64907E+07,structural
1357,2.62562E-02,occupants
1357,4.01719E+06,structural
1358,5.98968E-02,occupants
1358,2.06917E+06,structural
1359,8.13675E+00,occupants
1359,4.96161E+07,structural
1360,6.30325E+00,occupants
1360,5.07916E+08,structural
1361,1.03534E+01,occupants
1361,5.89418E+07,structural
1362,3.45475E+01,occupants
1362,4.52222E+08,structural
1363,2.76040E+01,occupants
1363,7.80347E+08,structural
1364,4.33252E+01,occupants
1364,7.38897E+08,structural
1365,1.96126E-01,occupants
1365,4.59752E+07,structural
1366,9.95074E-02,occupants
1366,5.25136E+07,structural
1367,4.13569E-01,occupants
1367,6.88978E+07,structural
1368,1.69740E-02,occupants
1368,5.08998E+07,structural
1370,4.28453E-02,occupants
1370,5.82118E+06,structural
1374,1.73627E+00,occupants
1374,3.19214E+08,structural
1375,1.00150E+00,occupants
1375,4.06798E+08,structural
1376,3.12470E+00,occupants
1376,2.53480E+08,structural
1377,1.38003E+01,occupants
1377,1.07087E+09,structural
1378,8.87952E+00,occupants
1378,3.42409E+08,structural
1379,2.16266E+01,occupants
1379,2.57130E+08,structural
1380,5.17652E-02,occupants
1380,1.05452E+07,structural
1381,2.55967E-02,occupants
1381,1.79547E+06,structural
1382,9.92258E-02,occupants
1382,6.46958E+07,structural
1383,1.34670E-04,occupants
1383,1.63920E+04,structural
1384,6.43018E-05,occupants
1385,2.09744E-04,occupants
1389,9.27626E-01,occupants
1389,2.08791E+08,structural
1390,5.55871E-01,occupants
1390,2.26285E+07,structural
1391,1.75201E+00,occupants
1391,1.01754E+08,structural
1392,1.73769E+01,occupants
1392,1.79461E+08,structural
1393,1.08741E+01,occupants
1393,3.62111E+08,structural
1394,2.82657E+01,occupants
1394,2.21986E+08,structural
1395,5.75294E-03,occupants
1395,4.86488E+06,structural
1396,1.28855E-03,occupants
1396,2.28256E+05,structural
1397,1.90267E-02,occupants
1397,4.58672E+06,structural
1398,1.75257E-04,occupants
1398,2.08825E+05,structural
1400,6.31748E-04,occupants
1400,2.77895E+04,structural
1404,1.00251E-01,occupants
1404,4.10495E+07,structural
1405,4.52722E-02,occupants
1405,1.29378E+07,structural
1406,2.69392E-01,occupants
1406,6.54012E+07,structural
1407,1.80577E+00,occupants
1407,4.84971E+07,structural
1408,9.37115E-01,occupants
1408,5.39879E+07,structural
1409,3.91775E+00,occupants
1409,1.33034E+08,structural
1410,7.43446E-03,occupants
1410,8.98512E+06,structural
1412,1.11802E-02,occupants
1412,1.17639E+07,structural
1419,1.00321E-01,occupants
1419,1.05628E+07,structural
1420,6.53384E-02,occupants
1420,2.09041E+06,structural
1421,1.46674E-01,occupants
1421,1.00830E+08,structural
1422,1.23432E+00,occupants
1422,1.21329E+08,structural
1423,8.56860E-01,occupants
1423,1.90384E+08,structural
1424,1.71868E+00,occupants
1424,3.85501E+08,structural
1425,2.15964E+00,occupants
1425,3.43542E+08,structural
1426,1.45373E+00,occupants
1426,1.20248E+08,structural
1427,3.25117E+00,occupants
1427,2.08798E+08,structural
1428,1.72892E-01,occupants
1428,6.83607E+07,structural
1429,1.17428E-01,occupants
1429,2.11573E+07,structural
1430,2.64251E-01,occupants
1430,5.29141E+07,structural
1431,5.32512E-03,occupants
1431,5.39588E+06,structural
1432,3.96349E-03,occupants
1432,4.43555E+05,structural
1433,7.57797E-03,occupants
1433,4.73479E+05,structural
1434,2.24355E+01,occupants
1434,1.64984E+09,structural
1435,1.49850E+01,occupants
1435,3.48007E+08,structural
1436,3.32075E+01,occupants
1436,1.13237E+09,structural
1437,2.01445E+02,occupants
1437,3.16911E+09,structural
1438,1.44646E+02,occupants
1438,1.35972E+09,structural
1439,2.73779E+02,occupants
1439,1.49336E+09,structural
1440,7.36967E-01,occupants
1440,1.14906E+07,structural
1441,5.95397E-01,occupants
1441,1.05205E+07,structural
1442,8.93306E-01,occupants
1442,5.58030E+07,structural
1443,1.57778E-01,occupants
1443,1.36005E+07,structural
1444,1.27482E-01,occupants
1444,1.26507E+06,structural
1445,1.98761E-01,occupants
1445,5.36654E+06,structural
1446,2.21447E-02,occupants
1446,1.76018E+06,structural
1447,1.70925E-02,occupants
1447,2.54797E+06,structural
1448,2.90010E-02,occupants
1448,5.28727E+05,structural
1449,3.04899E+00,occupants
1449,5.85986E+07,structural
1450,2.50568E+00,occupants
1450,5.83152E+07,structural
1451,3.76791E+00,occupants
1451,7.17872E+07,structural
1452,1.46205E+01,occupants
1452,2.34797E+08,structural
1453,1.19709E+01,occupants
1453,1.78689E+08,structural
1454,1.84305E+01,occupants
1454,2.84998E+08,structural
1455,1.40509E+01,occupants
1455,3.14897E+08,structural
1456,8.59892E+00,occupants
1456,6.67785E+07,structural
1457,2.14879E+01,occupants
1457,4.46645E+07,structural
1458,9.73632E-01,occupants
1458,5.68941E+06,structural
1459,5.92475E-01,occupants
1459,8.91750E+06,structural
1460,1.65904E+00,occupants
1460,6.83461E+06,structural
1461,3.70999E-02,occupants
1461,1.55428E+06,structural
1462,2.08838E-02,occupants
1462,9.79276E+03,structural
1463,6.09618E-02,occupants
1463,4.83611E+05,structural
1464,1.17823E+02,occupants
1464,9.86706E+08,structural
1465,8.41863E+01,occupants
1465,6.07655E+08,structural
1466,1.69725E+02,occupants
1466,8.68775E+08,structural
1467,7.13982E+02,occupants
1467,2.76167E+09,structural
1468,5.52247E+02,occupants
1468,3.69031E+09,structural
1469,9.08175E+02,occupants
1469,4.19525E+09,structural
1470,8.57341E-03,occupants
1470,1.68718E+07,structural
1472,3.00873E-02,occupants
1472,1.21677E+07,structural
1475,2.75516E-03,occupants
1475,5.02297E+05,structural
1479,8.92831E-02,occupants
1479,3.45442E+06,structural
1480,3.04450E-02,occupants
1480,1.24832E+07,structural
1481,2.57876E-01,occupants
1481,9.21016E+06,structural
1482,8.81713E-01,occupants
1482,1.68239E+08,structural
1483,3.61554E-01,occupants
1483,2.90295E+07,structural
1484,2.05738E+00,occupants
1484,4.93523E+07,structural
1485,2.99327E-01,occupants
1485,4.00952E+07,structural
1486,1.76268E-01,occupants
1486,3.84521E+07,structural
1487,5.83243E-01,occupants
1487,2.84635E+07,structural
1488,1.62206E-02,occupants
1488,1.50215E+06,structural
1489,1.05407E-02,occupants
1489,2.21351E+07,structural
1490,4.02045E-02,occupants
1490,1.91583E+07,structural
1493,2.54248E-04,occupants
1493,9.37083E+04,structural
1494,3.27789E+00,occupants
1494,1.63465E+09,structural
1495,1.91555E+00,occupants
1495,2.05607E+08,structural
1496,6.53240E+00,occupants
1496,6.72891E+07,structural
1497,3.46603E+01,occupants
1497,2.26934E+08,structural
1498,2.06695E+01,occupants
1498,1.92886E+08,structural
1499,6.22992E+01,occupants
1499,6.58275E+08,structural
