#,,"generated_by='OpenQuake engine 3.13.0-gitd2db5fa', start_date='2021-10-23T16:06:15', checksum=1653129626"
event_id,loss,loss_type
0,5.97303E+00,occupants
0,3.85044E+08,structural
1,6.74522E+00,occupants
1,4.07104E+08,structural
2,5.24366E+00,occupants
2,3.46494E+08,structural
3,1.77677E+00,occupants
3,1.42738E+08,structural
4,2.09304E+00,occupants
4,1.51401E+08,structural
5,1.52375E+00,occupants
5,1.46443E+08,structural
6,4.00706E-01,occupants
6,5.50136E+07,structural
7,4.82784E-01,occupants
7,3.61234E+07,structural
8,3.38681E-01,occupants
8,3.05333E+07,structural
9,1.62559E+01,occupants
9,7.86645E+08,structural
10,1.77001E+01,occupants
10,8.78923E+08,structural
11,1.49226E+01,occupants
11,8.52233E+08,structural
12,4.07348E+01,occupants
12,2.09856E+09,structural
13,4.25039E+01,occupants
13,2.11642E+09,structural
14,3.91205E+01,occupants
14,2.44737E+09,structural
15,8.54695E+00,occupants
15,8.22970E+08,structural
16,9.22681E+00,occupants
16,8.05607E+08,structural
17,7.95806E+00,occupants
17,8.22988E+08,structural
18,2.82117E+00,occupants
18,3.43721E+08,structural
19,3.12279E+00,occupants
19,3.42055E+08,structural
20,2.53928E+00,occupants
20,3.19665E+08,structural
21,8.00360E-01,occupants
21,1.15945E+08,structural
22,9.26550E-01,occupants
22,1.32895E+08,structural
23,6.87699E-01,occupants
23,1.01414E+08,structural
24,2.42876E+01,occupants
24,1.75912E+09,structural
25,2.54647E+01,occupants
25,1.74645E+09,structural
26,2.32480E+01,occupants
26,2.07964E+09,structural
27,6.84323E+01,occupants
27,4.03677E+09,structural
28,6.96736E+01,occupants
28,4.72486E+09,structural
29,6.76142E+01,occupants
29,4.30068E+09,structural
30,5.03584E+00,occupants
30,5.65873E+08,structural
31,5.35598E+00,occupants
31,5.43878E+08,structural
32,4.74257E+00,occupants
32,5.12311E+08,structural
33,1.73705E+00,occupants
33,2.24704E+08,structural
34,1.90085E+00,occupants
34,2.15589E+08,structural
35,1.58784E+00,occupants
35,2.48894E+08,structural
36,4.93071E-01,occupants
36,8.03692E+07,structural
37,5.64623E-01,occupants
37,8.42987E+07,structural
38,4.29744E-01,occupants
38,8.05969E+07,structural
39,1.40016E+01,occupants
39,1.29509E+09,structural
40,1.46677E+01,occupants
40,1.42468E+09,structural
41,1.34215E+01,occupants
41,1.45556E+09,structural
42,3.95499E+01,occupants
42,3.35929E+09,structural
43,4.06836E+01,occupants
43,3.22990E+09,structural
44,3.86680E+01,occupants
44,3.24783E+09,structural
45,6.81640E+00,occupants
45,4.18726E+08,structural
46,6.43013E+00,occupants
46,4.61836E+08,structural
47,7.36695E+00,occupants
47,6.93560E+08,structural
48,1.53076E+00,occupants
48,1.53725E+08,structural
49,1.51528E+00,occupants
49,1.63711E+08,structural
50,1.57959E+00,occupants
50,1.44848E+08,structural
51,2.75530E-01,occupants
51,4.87147E+07,structural
52,3.02663E-01,occupants
52,4.57003E+07,structural
53,2.58188E-01,occupants
53,6.00758E+07,structural
54,2.47075E+01,occupants
54,2.51510E+09,structural
55,2.31125E+01,occupants
55,1.55850E+09,structural
56,2.65248E+01,occupants
56,1.76104E+09,structural
57,7.47148E+01,occupants
57,3.89619E+09,structural
58,7.11358E+01,occupants
58,3.54722E+09,structural
59,7.88544E+01,occupants
59,5.28372E+09,structural
60,4.31125E+00,occupants
60,5.47989E+08,structural
61,4.55928E+00,occupants
61,3.70392E+08,structural
62,4.08797E+00,occupants
62,4.41827E+08,structural
63,1.60664E+00,occupants
63,2.08481E+08,structural
64,1.73431E+00,occupants
64,1.71911E+08,structural
65,1.49562E+00,occupants
65,1.41836E+08,structural
66,6.11605E-01,occupants
66,5.94726E+07,structural
67,6.78097E-01,occupants
67,4.76622E+07,structural
68,5.51272E-01,occupants
68,5.64250E+07,structural
69,1.22787E+01,occupants
69,1.29257E+09,structural
70,1.27175E+01,occupants
70,1.08378E+09,structural
71,1.19375E+01,occupants
71,1.14623E+09,structural
72,3.80211E+01,occupants
72,2.92163E+09,structural
73,3.84426E+01,occupants
73,2.88558E+09,structural
74,3.79203E+01,occupants
74,3.11522E+09,structural
75,6.75568E+00,occupants
75,5.84271E+08,structural
76,7.23445E+00,occupants
76,5.52015E+08,structural
77,6.34500E+00,occupants
77,6.53286E+08,structural
78,2.19676E+00,occupants
78,2.52617E+08,structural
79,2.41819E+00,occupants
79,2.61852E+08,structural
80,2.00604E+00,occupants
80,2.31059E+08,structural
81,7.78089E-01,occupants
81,1.02976E+08,structural
82,8.71102E-01,occupants
82,9.23669E+07,structural
83,6.93499E-01,occupants
83,8.67061E+07,structural
84,1.95970E+01,occupants
84,1.58950E+09,structural
85,2.02086E+01,occupants
85,1.47626E+09,structural
86,1.91429E+01,occupants
86,1.54083E+09,structural
87,5.48670E+01,occupants
87,3.59279E+09,structural
88,5.44148E+01,occupants
88,3.72818E+09,structural
89,5.59328E+01,occupants
89,3.89692E+09,structural
90,1.73915E+01,occupants
90,6.91994E+08,structural
91,1.87714E+01,occupants
91,6.70997E+08,structural
92,1.61055E+01,occupants
92,8.62304E+08,structural
93,7.49159E+00,occupants
93,3.18804E+08,structural
94,8.43169E+00,occupants
94,4.43451E+08,structural
95,6.64856E+00,occupants
95,3.43642E+08,structural
96,2.11569E+00,occupants
96,8.64656E+07,structural
97,2.51254E+00,occupants
97,1.00658E+08,structural
98,1.78410E+00,occupants
98,1.01565E+08,structural
99,3.37912E+01,occupants
99,1.51431E+09,structural
100,3.51768E+01,occupants
100,1.11976E+09,structural
101,3.26219E+01,occupants
101,1.34661E+09,structural
102,6.80880E+01,occupants
102,3.35650E+09,structural
103,6.79449E+01,occupants
103,3.52794E+09,structural
104,6.91411E+01,occupants
104,3.82793E+09,structural
105,2.29516E+01,occupants
105,8.10257E+08,structural
106,2.44630E+01,occupants
106,6.64607E+08,structural
107,2.15528E+01,occupants
107,8.11240E+08,structural
108,1.03048E+01,occupants
108,3.16314E+08,structural
109,1.13882E+01,occupants
109,4.70305E+08,structural
110,9.31740E+00,occupants
110,2.51311E+08,structural
111,3.15109E+00,occupants
111,1.19155E+08,structural
112,3.64275E+00,occupants
112,9.68065E+07,structural
113,2.72882E+00,occupants
113,1.55975E+08,structural
114,4.60053E+01,occupants
114,1.95945E+09,structural
115,4.74200E+01,occupants
115,1.92857E+09,structural
116,4.49343E+01,occupants
116,1.82998E+09,structural
117,1.03269E+02,occupants
117,7.96284E+09,structural
118,1.02234E+02,occupants
118,4.92718E+09,structural
119,1.06805E+02,occupants
119,5.10221E+09,structural
120,2.23469E+00,occupants
120,2.88400E+08,structural
121,2.40766E+00,occupants
121,3.85834E+08,structural
122,2.10297E+00,occupants
122,4.03468E+08,structural
123,5.53024E-01,occupants
123,1.08553E+08,structural
124,6.20051E-01,occupants
124,1.11742E+08,structural
125,4.99376E-01,occupants
125,1.87285E+08,structural
126,1.01394E-01,occupants
126,2.92396E+07,structural
127,1.22543E-01,occupants
127,5.46865E+07,structural
128,8.50714E-02,occupants
128,6.47411E+07,structural
129,8.36740E+00,occupants
129,9.65723E+08,structural
130,8.73879E+00,occupants
130,7.65266E+08,structural
131,8.05134E+00,occupants
131,8.73031E+08,structural
132,3.04703E+01,occupants
132,2.46997E+09,structural
133,3.08697E+01,occupants
133,2.36061E+09,structural
134,3.02661E+01,occupants
134,2.86034E+09,structural
135,1.36172E+01,occupants
135,1.27591E+09,structural
136,1.37427E+01,occupants
136,1.29706E+09,structural
137,1.36692E+01,occupants
137,1.44999E+09,structural
138,4.54497E+00,occupants
138,5.47679E+08,structural
139,4.68790E+00,occupants
139,5.85732E+08,structural
140,4.44916E+00,occupants
140,6.09706E+08,structural
141,1.59705E+00,occupants
141,2.45133E+08,structural
142,1.68636E+00,occupants
142,2.50285E+08,structural
143,1.51929E+00,occupants
143,2.61492E+08,structural
144,4.01841E+01,occupants
144,2.93925E+09,structural
145,3.97381E+01,occupants
145,3.06364E+09,structural
146,4.11853E+01,occupants
146,3.49542E+09,structural
147,1.19759E+02,occupants
147,7.46902E+09,structural
148,1.16135E+02,occupants
148,7.07070E+09,structural
149,1.25184E+02,occupants
149,8.03413E+09,structural
150,8.02253E+00,occupants
150,6.30786E+08,structural
151,8.67181E+00,occupants
151,7.73659E+08,structural
152,7.53962E+00,occupants
152,6.28771E+08,structural
153,2.61461E+00,occupants
153,3.55603E+08,structural
154,2.89541E+00,occupants
154,2.78497E+08,structural
155,2.37083E+00,occupants
155,2.77294E+08,structural
156,7.69698E-01,occupants
156,1.25033E+08,structural
157,8.73476E-01,occupants
157,7.36234E+07,structural
158,6.77571E-01,occupants
158,1.87129E+08,structural
159,2.36403E+01,occupants
159,1.44343E+09,structural
160,2.45811E+01,occupants
160,1.74613E+09,structural
161,2.30878E+01,occupants
161,1.65416E+09,structural
162,6.94001E+01,occupants
162,3.97860E+09,structural
163,6.90764E+01,occupants
163,4.15051E+09,structural
164,7.12551E+01,occupants
164,3.93010E+09,structural
165,1.45298E+01,occupants
165,1.51247E+09,structural
166,1.54515E+01,occupants
166,1.03327E+09,structural
167,1.36797E+01,occupants
167,1.23963E+09,structural
168,5.18868E+00,occupants
168,4.39919E+08,structural
169,5.67222E+00,occupants
169,2.91993E+08,structural
170,4.73073E+00,occupants
170,5.64256E+08,structural
171,1.21833E+00,occupants
171,2.18280E+08,structural
172,1.37135E+00,occupants
172,2.52666E+08,structural
173,1.07469E+00,occupants
173,1.30516E+08,structural
174,3.25629E+01,occupants
174,2.56545E+09,structural
175,3.37571E+01,occupants
175,2.16677E+09,structural
176,3.15218E+01,occupants
176,2.18848E+09,structural
177,7.07903E+01,occupants
177,4.67560E+09,structural
178,7.12826E+01,occupants
178,4.36118E+09,structural
179,7.08752E+01,occupants
179,4.64904E+09,structural
180,4.14325E+00,occupants
180,7.32794E+08,structural
181,4.49148E+00,occupants
181,5.15293E+08,structural
182,3.87024E+00,occupants
182,7.59994E+08,structural
183,9.93152E-01,occupants
183,2.14987E+08,structural
184,1.11917E+00,occupants
184,1.95868E+08,structural
185,8.84067E-01,occupants
185,2.02775E+08,structural
186,2.10442E-01,occupants
186,5.78522E+07,structural
187,2.48073E-01,occupants
187,6.99325E+07,structural
188,1.78307E-01,occupants
188,5.32616E+07,structural
189,1.61090E+01,occupants
189,1.57019E+09,structural
190,1.66694E+01,occupants
190,1.95362E+09,structural
191,1.56772E+01,occupants
191,1.44023E+09,structural
192,5.91132E+01,occupants
192,5.62272E+09,structural
193,5.90679E+01,occupants
193,3.96593E+09,structural
194,5.96836E+01,occupants
194,5.04412E+09,structural
195,3.77606E+00,occupants
195,3.59484E+08,structural
196,4.15278E+00,occupants
196,4.09766E+08,structural
197,3.43266E+00,occupants
197,3.59128E+08,structural
198,1.22225E+00,occupants
198,1.37964E+08,structural
199,1.39161E+00,occupants
199,1.68717E+08,structural
200,1.06992E+00,occupants
200,1.65565E+08,structural
201,3.33916E-01,occupants
201,5.02280E+07,structural
202,3.93023E-01,occupants
202,6.59093E+07,structural
203,2.81208E-01,occupants
203,5.82072E+07,structural
204,1.08237E+01,occupants
204,9.51920E+08,structural
205,1.15011E+01,occupants
205,8.24267E+08,structural
206,1.02140E+01,occupants
206,9.62806E+08,structural
207,3.20035E+01,occupants
207,2.05946E+09,structural
208,3.29854E+01,occupants
208,2.30250E+09,structural
209,3.12109E+01,occupants
209,2.31615E+09,structural
210,1.41573E+01,occupants
210,9.18744E+08,structural
211,1.44492E+01,occupants
211,8.91279E+08,structural
212,1.40003E+01,occupants
212,9.18770E+08,structural
213,5.08285E+00,occupants
213,3.60343E+08,structural
214,5.32916E+00,occupants
214,3.70954E+08,structural
215,4.88313E+00,occupants
215,3.87910E+08,structural
216,1.34280E+00,occupants
216,1.51295E+08,structural
217,1.46939E+00,occupants
217,1.56876E+08,structural
218,1.23250E+00,occupants
218,1.44369E+08,structural
219,3.56643E+01,occupants
219,2.04393E+09,structural
220,3.56631E+01,occupants
220,2.14745E+09,structural
221,3.59794E+01,occupants
221,2.50300E+09,structural
222,9.30986E+01,occupants
222,5.14885E+09,structural
223,9.11881E+01,occupants
223,4.96527E+09,structural
224,9.63128E+01,occupants
224,5.44456E+09,structural
225,8.08761E+00,occupants
225,9.58447E+08,structural
226,8.74168E+00,occupants
226,8.14489E+08,structural
227,7.52717E+00,occupants
227,6.72642E+08,structural
228,2.49715E+00,occupants
228,3.50459E+08,structural
229,2.75986E+00,occupants
229,3.09390E+08,structural
230,2.26281E+00,occupants
230,3.67743E+08,structural
231,5.57591E-01,occupants
231,1.05919E+08,structural
232,6.36205E-01,occupants
232,1.51565E+08,structural
233,4.90059E-01,occupants
233,1.12408E+08,structural
234,2.33039E+01,occupants
234,2.23082E+09,structural
235,2.45534E+01,occupants
235,1.71482E+09,structural
236,2.24457E+01,occupants
236,2.50447E+09,structural
237,6.68686E+01,occupants
237,4.60405E+09,structural
238,6.71930E+01,occupants
238,4.40497E+09,structural
239,6.94497E+01,occupants
239,7.88236E+09,structural
240,1.17438E+01,occupants
240,1.05185E+09,structural
241,1.23938E+01,occupants
241,1.08165E+09,structural
242,1.11817E+01,occupants
242,1.32094E+09,structural
243,4.09321E+00,occupants
243,4.10729E+08,structural
244,4.41302E+00,occupants
244,4.53633E+08,structural
245,3.81811E+00,occupants
245,4.52724E+08,structural
246,1.03559E+00,occupants
246,2.08383E+08,structural
247,1.15172E+00,occupants
247,2.22100E+08,structural
248,9.38146E-01,occupants
248,1.51122E+08,structural
249,2.88195E+01,occupants
249,1.76113E+09,structural
250,2.98408E+01,occupants
250,2.01653E+09,structural
251,2.79520E+01,occupants
251,1.75540E+09,structural
252,6.79563E+01,occupants
252,3.62791E+09,structural
253,6.88378E+01,occupants
253,3.56158E+09,structural
254,6.75018E+01,occupants
254,4.48931E+09,structural
255,1.15554E+01,occupants
255,7.99908E+08,structural
256,1.16036E+01,occupants
256,7.79597E+08,structural
257,1.16665E+01,occupants
257,7.51470E+08,structural
258,4.02327E+00,occupants
258,2.56750E+08,structural
259,4.20479E+00,occupants
259,2.39885E+08,structural
260,3.89193E+00,occupants
260,2.70883E+08,structural
261,1.39645E+00,occupants
261,9.18033E+07,structural
262,1.51503E+00,occupants
262,1.09545E+08,structural
263,1.28751E+00,occupants
263,8.22634E+07,structural
264,3.44266E+01,occupants
264,2.01231E+09,structural
265,3.33817E+01,occupants
265,1.52019E+09,structural
266,3.62424E+01,occupants
266,2.58187E+09,structural
267,1.06904E+02,occupants
267,5.73299E+09,structural
268,1.00523E+02,occupants
268,6.06139E+09,structural
269,1.16199E+02,occupants
269,6.43723E+09,structural
270,2.38045E+00,occupants
270,3.46592E+08,structural
271,2.67887E+00,occupants
271,3.16737E+08,structural
272,2.13177E+00,occupants
272,2.57510E+08,structural
273,6.68647E-01,occupants
273,9.64069E+07,structural
274,7.61212E-01,occupants
274,1.20967E+08,structural
275,5.86425E-01,occupants
275,1.09739E+08,structural
276,1.64717E-01,occupants
276,2.91385E+07,structural
277,1.95714E-01,occupants
277,2.45980E+07,structural
278,1.38264E-01,occupants
278,2.96460E+07,structural
279,8.76034E+00,occupants
279,9.57267E+08,structural
280,9.59187E+00,occupants
280,1.05622E+09,structural
281,7.99436E+00,occupants
281,8.75153E+08,structural
282,3.24458E+01,occupants
282,2.66922E+09,structural
283,3.44724E+01,occupants
283,2.64630E+09,structural
284,3.06205E+01,occupants
284,2.04184E+09,structural
285,7.75035E+00,occupants
285,7.33259E+08,structural
286,7.97979E+00,occupants
286,5.96048E+08,structural
287,7.60772E+00,occupants
287,6.82565E+08,structural
288,2.31390E+00,occupants
288,3.37552E+08,structural
289,2.44561E+00,occupants
289,2.75094E+08,structural
290,2.23810E+00,occupants
290,3.03959E+08,structural
291,5.97934E-01,occupants
291,1.03847E+08,structural
292,6.51540E-01,occupants
292,1.19977E+08,structural
293,5.56731E-01,occupants
293,9.98154E+07,structural
294,2.44375E+01,occupants
294,1.77385E+09,structural
295,2.47793E+01,occupants
295,1.68075E+09,structural
296,2.45764E+01,occupants
296,1.69589E+09,structural
297,7.67404E+01,occupants
297,4.42842E+09,structural
298,7.59428E+01,occupants
298,4.01999E+09,structural
299,7.94729E+01,occupants
299,4.42823E+09,structural
300,1.99584E+01,occupants
300,1.25186E+09,structural
301,2.08392E+01,occupants
301,1.26061E+09,structural
302,1.92301E+01,occupants
302,1.61347E+09,structural
303,5.60383E+00,occupants
303,4.06737E+08,structural
304,6.12926E+00,occupants
304,4.41762E+08,structural
305,5.18521E+00,occupants
305,5.26591E+08,structural
306,1.09122E+00,occupants
306,9.70450E+07,structural
307,1.24355E+00,occupants
307,1.13927E+08,structural
308,9.70208E-01,occupants
308,1.11157E+08,structural
309,5.60591E+01,occupants
309,3.40097E+09,structural
310,5.66728E+01,occupants
310,3.23290E+09,structural
311,5.59909E+01,occupants
311,3.87414E+09,structural
312,1.38435E+02,occupants
312,7.78197E+09,structural
313,1.36481E+02,occupants
313,7.55438E+09,structural
314,1.41578E+02,occupants
314,8.66553E+09,structural
315,7.11464E+00,occupants
315,7.07077E+08,structural
316,7.69459E+00,occupants
316,7.31360E+08,structural
317,6.59475E+00,occupants
317,7.72646E+08,structural
318,2.14203E+00,occupants
318,4.17513E+08,structural
319,2.40428E+00,occupants
319,2.91535E+08,structural
320,1.91196E+00,occupants
320,3.15395E+08,structural
321,4.98907E-01,occupants
321,1.15088E+08,structural
322,5.81366E-01,occupants
322,1.63649E+08,structural
323,4.28908E-01,occupants
323,9.34331E+07,structural
324,2.08177E+01,occupants
324,1.79457E+09,structural
325,2.18088E+01,occupants
325,2.11253E+09,structural
326,1.99927E+01,occupants
326,1.87730E+09,structural
327,5.90577E+01,occupants
327,4.91808E+09,structural
328,5.95307E+01,occupants
328,4.10532E+09,structural
329,5.91078E+01,occupants
329,4.07863E+09,structural
330,8.08895E+00,occupants
330,7.83032E+08,structural
331,8.49098E+00,occupants
331,7.88774E+08,structural
332,7.75204E+00,occupants
332,9.03037E+08,structural
333,3.20936E+00,occupants
333,3.34938E+08,structural
334,3.48596E+00,occupants
334,3.93490E+08,structural
335,2.96168E+00,occupants
335,3.78670E+08,structural
336,1.09029E+00,occupants
336,1.21478E+08,structural
337,1.23449E+00,occupants
337,1.17809E+08,structural
338,9.62646E-01,occupants
338,1.30948E+08,structural
339,2.06620E+01,occupants
339,1.69946E+09,structural
340,2.10352E+01,occupants
340,1.57438E+09,structural
341,2.04713E+01,occupants
341,2.30459E+09,structural
342,5.85418E+01,occupants
342,4.40667E+09,structural
343,5.81188E+01,occupants
343,4.39379E+09,structural
344,5.97035E+01,occupants
344,4.60493E+09,structural
345,9.80883E+00,occupants
345,5.71224E+08,structural
346,9.83253E+00,occupants
346,6.60800E+08,structural
347,9.83435E+00,occupants
347,8.04865E+08,structural
348,4.02872E+00,occupants
348,3.32185E+08,structural
349,4.11715E+00,occupants
349,3.63910E+08,structural
350,3.95774E+00,occupants
350,4.02263E+08,structural
351,1.72468E+00,occupants
351,1.53888E+08,structural
352,1.81273E+00,occupants
352,1.30843E+08,structural
353,1.63762E+00,occupants
353,1.81005E+08,structural
354,2.49425E+01,occupants
354,1.60608E+09,structural
355,2.45328E+01,occupants
355,1.47481E+09,structural
356,2.55941E+01,occupants
356,1.83000E+09,structural
357,6.82846E+01,occupants
357,3.99102E+09,structural
358,6.58716E+01,occupants
358,3.67563E+09,structural
359,7.17706E+01,occupants
359,4.30031E+09,structural
360,6.85076E+00,occupants
360,6.47143E+08,structural
361,7.17121E+00,occupants
361,6.98775E+08,structural
362,6.61717E+00,occupants
362,7.66965E+08,structural
363,1.91956E+00,occupants
363,2.63021E+08,structural
364,2.08133E+00,occupants
364,2.98473E+08,structural
365,1.78332E+00,occupants
365,3.03320E+08,structural
366,4.53437E-01,occupants
366,8.90743E+07,structural
367,5.08195E-01,occupants
367,9.24009E+07,structural
368,4.07721E-01,occupants
368,9.13357E+07,structural
369,2.21416E+01,occupants
369,1.69739E+09,structural
370,2.23603E+01,occupants
370,1.75724E+09,structural
371,2.22503E+01,occupants
371,2.00136E+09,structural
372,7.09907E+01,occupants
372,4.85848E+09,structural
373,6.91635E+01,occupants
373,4.42740E+09,structural
374,7.41641E+01,occupants
374,5.69343E+09,structural
375,3.32345E+01,occupants
375,1.39269E+09,structural
376,3.45638E+01,occupants
376,1.68660E+09,structural
377,3.21541E+01,occupants
377,1.48352E+09,structural
378,1.10655E+01,occupants
378,6.98654E+08,structural
379,1.19517E+01,occupants
379,7.26841E+08,structural
380,1.02775E+01,occupants
380,6.70872E+08,structural
381,2.48604E+00,occupants
381,2.40061E+08,structural
382,2.80088E+00,occupants
382,1.30712E+08,structural
383,2.21280E+00,occupants
383,2.36985E+08,structural
384,7.85199E+01,occupants
384,3.53940E+09,structural
385,7.89494E+01,occupants
385,3.60408E+09,structural
386,7.85703E+01,occupants
386,3.77125E+09,structural
387,1.66008E+02,occupants
387,7.43358E+09,structural
388,1.62324E+02,occupants
388,7.31197E+09,structural
389,1.71337E+02,occupants
389,7.76306E+09,structural
390,2.95441E+01,occupants
390,1.38060E+09,structural
391,3.19558E+01,occupants
391,1.46855E+09,structural
392,2.72925E+01,occupants
392,1.41946E+09,structural
393,1.11289E+01,occupants
393,6.43485E+08,structural
394,1.24822E+01,occupants
394,8.07384E+08,structural
395,9.91905E+00,occupants
395,5.20098E+08,structural
396,2.77690E+00,occupants
396,2.64799E+08,structural
397,3.27511E+00,occupants
397,2.58053E+08,structural
398,2.36718E+00,occupants
398,2.05983E+08,structural
399,6.60581E+01,occupants
399,3.61614E+09,structural
400,6.92490E+01,occupants
400,3.30656E+09,structural
401,6.30946E+01,occupants
401,3.94660E+09,structural
402,1.44111E+02,occupants
402,6.69704E+09,structural
403,1.46271E+02,occupants
403,6.95924E+09,structural
404,1.42690E+02,occupants
404,7.24847E+09,structural
405,3.39675E+00,occupants
405,3.43516E+08,structural
406,3.81238E+00,occupants
406,3.08647E+08,structural
407,3.02853E+00,occupants
407,3.76549E+08,structural
408,1.00214E+00,occupants
408,1.04220E+08,structural
409,1.17302E+00,occupants
409,1.32979E+08,structural
410,8.51137E-01,occupants
410,1.55962E+08,structural
411,2.02807E-01,occupants
411,4.41409E+07,structural
412,2.51962E-01,occupants
412,6.33667E+07,structural
413,1.63107E-01,occupants
413,3.90470E+07,structural
414,1.00142E+01,occupants
414,8.82803E+08,structural
415,1.07941E+01,occupants
415,8.11408E+08,structural
416,9.33774E+00,occupants
416,7.97276E+08,structural
417,2.99396E+01,occupants
417,2.16205E+09,structural
418,3.09923E+01,occupants
418,2.16789E+09,structural
419,2.92200E+01,occupants
419,2.30567E+09,structural
420,1.97877E+01,occupants
420,1.41284E+09,structural
421,2.11837E+01,occupants
421,1.35608E+09,structural
422,1.85911E+01,occupants
422,1.34382E+09,structural
423,6.83594E+00,occupants
423,5.39675E+08,structural
424,7.56002E+00,occupants
424,6.33743E+08,structural
425,6.18515E+00,occupants
425,4.82116E+08,structural
426,1.71141E+00,occupants
426,2.16002E+08,structural
427,1.93164E+00,occupants
427,2.16717E+08,structural
428,1.51101E+00,occupants
428,2.19974E+08,structural
429,4.73021E+01,occupants
429,2.75830E+09,structural
430,4.89104E+01,occupants
430,2.74844E+09,structural
431,4.60252E+01,occupants
431,2.66546E+09,structural
432,1.06778E+02,occupants
432,5.69594E+09,structural
433,1.06754E+02,occupants
433,5.64833E+09,structural
434,1.07690E+02,occupants
434,6.61798E+09,structural
435,1.42113E+01,occupants
435,1.57230E+09,structural
436,1.47890E+01,occupants
436,1.55782E+09,structural
437,1.37360E+01,occupants
437,1.46764E+09,structural
438,5.05296E+00,occupants
438,7.14065E+08,structural
439,5.38583E+00,occupants
439,6.45362E+08,structural
440,4.76347E+00,occupants
440,6.44253E+08,structural
441,1.56934E+00,occupants
441,2.79178E+08,structural
442,1.72683E+00,occupants
442,3.01133E+08,structural
443,1.42843E+00,occupants
443,2.71882E+08,structural
444,3.83680E+01,occupants
444,3.09192E+09,structural
445,3.90987E+01,occupants
445,2.87660E+09,structural
446,3.79517E+01,occupants
446,3.44212E+09,structural
447,1.06159E+02,occupants
447,7.21868E+09,structural
448,1.05293E+02,occupants
448,6.51921E+09,structural
449,1.08120E+02,occupants
449,7.67840E+09,structural
450,5.26210E+00,occupants
450,3.44072E+08,structural
451,5.90066E+00,occupants
451,2.97539E+08,structural
452,4.72015E+00,occupants
452,3.25378E+08,structural
453,1.57369E+00,occupants
453,1.35862E+08,structural
454,1.80252E+00,occupants
454,1.46436E+08,structural
455,1.36191E+00,occupants
455,1.29843E+08,structural
456,3.68270E-01,occupants
456,4.90936E+07,structural
457,4.35917E-01,occupants
457,4.03732E+07,structural
458,3.08518E-01,occupants
458,3.29582E+07,structural
459,1.56888E+01,occupants
459,9.60280E+08,structural
460,1.68918E+01,occupants
460,8.19121E+08,structural
461,1.46096E+01,occupants
461,8.30676E+08,structural
462,4.57382E+01,occupants
462,2.47061E+09,structural
463,4.72492E+01,occupants
463,2.21537E+09,structural
464,4.45246E+01,occupants
464,2.46376E+09,structural
465,1.28386E+01,occupants
465,7.84539E+08,structural
466,1.32479E+01,occupants
466,9.59627E+08,structural
467,1.24934E+01,occupants
467,9.10897E+08,structural
468,4.95605E+00,occupants
468,4.51431E+08,structural
469,5.12528E+00,occupants
469,3.56525E+08,structural
470,4.82162E+00,occupants
470,5.89026E+08,structural
471,1.59043E+00,occupants
471,1.45686E+08,structural
472,1.67050E+00,occupants
472,1.77040E+08,structural
473,1.52132E+00,occupants
473,1.80090E+08,structural
474,3.13567E+01,occupants
474,1.99444E+09,structural
475,3.21611E+01,occupants
475,2.00955E+09,structural
476,3.07418E+01,occupants
476,1.71080E+09,structural
477,7.65089E+01,occupants
477,3.87938E+09,structural
478,7.68274E+01,occupants
478,4.41917E+09,structural
479,7.66175E+01,occupants
479,4.68238E+09,structural
480,2.94747E+00,occupants
480,3.84909E+08,structural
481,3.23962E+00,occupants
481,3.28667E+08,structural
482,2.69229E+00,occupants
482,3.87659E+08,structural
483,1.23607E+00,occupants
483,1.44345E+08,structural
484,1.36881E+00,occupants
484,1.25730E+08,structural
485,1.11549E+00,occupants
485,1.16624E+08,structural
486,5.43072E-01,occupants
486,6.21953E+07,structural
487,6.07947E-01,occupants
487,6.57137E+07,structural
488,4.83280E-01,occupants
488,6.59512E+07,structural
489,7.94229E+00,occupants
489,7.57976E+08,structural
490,8.52740E+00,occupants
490,8.02065E+08,structural
491,7.43846E+00,occupants
491,7.50522E+08,structural
492,2.51312E+01,occupants
492,2.12694E+09,structural
493,2.60691E+01,occupants
493,2.05086E+09,structural
494,2.44420E+01,occupants
494,2.09209E+09,structural
495,3.29441E+00,occupants
495,3.47683E+08,structural
496,3.61608E+00,occupants
496,3.64305E+08,structural
497,3.00791E+00,occupants
497,3.78360E+08,structural
498,1.04820E+00,occupants
498,1.76255E+08,structural
499,1.18474E+00,occupants
499,1.37429E+08,structural
500,9.24465E-01,occupants
500,1.54398E+08,structural
501,2.87178E-01,occupants
501,4.19485E+07,structural
502,3.38592E-01,occupants
502,5.69877E+07,structural
503,2.42757E-01,occupants
503,5.58308E+07,structural
504,1.02679E+01,occupants
504,8.29774E+08,structural
505,1.09974E+01,occupants
505,8.28554E+08,structural
506,9.61659E+00,occupants
506,9.92918E+08,structural
507,3.17223E+01,occupants
507,2.21039E+09,structural
508,3.29316E+01,occupants
508,2.07071E+09,structural
509,3.06951E+01,occupants
509,2.25248E+09,structural
510,8.34036E+00,occupants
510,7.20215E+08,structural
511,8.94980E+00,occupants
511,1.03915E+09,structural
512,7.81157E+00,occupants
512,9.94016E+08,structural
513,3.05680E+00,occupants
513,3.49636E+08,structural
514,3.36623E+00,occupants
514,4.93171E+08,structural
515,2.77558E+00,occupants
515,4.82208E+08,structural
516,8.71868E-01,occupants
516,1.59000E+08,structural
517,9.93804E-01,occupants
517,1.08631E+08,structural
518,7.66790E-01,occupants
518,1.93598E+08,structural
519,2.10924E+01,occupants
519,1.90989E+09,structural
520,2.20015E+01,occupants
520,1.88464E+09,structural
521,2.03500E+01,occupants
521,2.04047E+09,structural
522,5.59666E+01,occupants
522,3.93814E+09,structural
523,5.65042E+01,occupants
523,3.71113E+09,structural
524,5.59856E+01,occupants
524,4.68902E+09,structural
525,4.68889E+00,occupants
525,5.52912E+08,structural
526,5.02020E+00,occupants
526,6.28805E+08,structural
527,4.39578E+00,occupants
527,7.61215E+08,structural
528,1.39725E+00,occupants
528,3.22607E+08,structural
529,1.52992E+00,occupants
529,2.49508E+08,structural
530,1.27973E+00,occupants
530,2.76689E+08,structural
531,3.81066E-01,occupants
531,1.39890E+08,structural
532,4.20542E-01,occupants
532,7.35884E+07,structural
533,3.45575E-01,occupants
533,6.08917E+07,structural
534,1.45164E+01,occupants
534,1.17264E+09,structural
535,1.51801E+01,occupants
535,1.23662E+09,structural
536,1.40036E+01,occupants
536,1.51237E+09,structural
537,4.45045E+01,occupants
537,2.73577E+09,structural
538,4.52673E+01,occupants
538,2.79792E+09,structural
539,4.40305E+01,occupants
539,2.89778E+09,structural
540,2.45134E+00,occupants
540,3.63376E+08,structural
541,2.65743E+00,occupants
541,2.79120E+08,structural
542,2.26646E+00,occupants
542,3.96957E+08,structural
543,8.41534E-01,occupants
543,1.41640E+08,structural
544,9.45667E-01,occupants
544,1.45146E+08,structural
545,7.47872E-01,occupants
545,1.43490E+08,structural
546,2.09178E-01,occupants
546,3.82120E+07,structural
547,2.47733E-01,occupants
547,6.74701E+07,structural
548,1.76360E-01,occupants
548,5.58442E+07,structural
549,6.76794E+00,occupants
549,9.01955E+08,structural
550,7.14782E+00,occupants
550,7.51031E+08,structural
551,6.44653E+00,occupants
551,7.93947E+08,structural
552,2.13955E+01,occupants
552,1.89641E+09,structural
553,2.19708E+01,occupants
553,1.88937E+09,structural
554,2.10263E+01,occupants
554,2.20318E+09,structural
555,1.05054E+01,occupants
555,4.26528E+08,structural
556,1.14069E+01,occupants
556,4.37986E+08,structural
557,9.66180E+00,occupants
557,4.91808E+08,structural
558,3.95284E+00,occupants
558,2.25261E+08,structural
559,4.44787E+00,occupants
559,1.84394E+08,structural
560,3.50321E+00,occupants
560,1.61142E+08,structural
561,1.06329E+00,occupants
561,5.46241E+07,structural
562,1.24174E+00,occupants
562,5.56408E+07,structural
563,8.99819E-01,occupants
563,6.97981E+07,structural
564,2.40066E+01,occupants
564,1.06076E+09,structural
565,2.52334E+01,occupants
565,1.01717E+09,structural
566,2.28501E+01,occupants
566,1.12170E+09,structural
567,5.62878E+01,occupants
567,2.60913E+09,structural
568,5.71734E+01,occupants
568,2.36575E+09,structural
569,5.55944E+01,occupants
569,2.92860E+09,structural
570,1.10781E+01,occupants
570,4.36572E+08,structural
571,1.17719E+01,occupants
571,4.22399E+08,structural
572,1.04317E+01,occupants
572,4.86053E+08,structural
573,4.55856E+00,occupants
573,1.85358E+08,structural
574,5.01848E+00,occupants
574,1.71819E+08,structural
575,4.12438E+00,occupants
575,1.82578E+08,structural
576,1.30797E+00,occupants
576,4.59229E+07,structural
577,1.49509E+00,occupants
577,8.11286E+07,structural
578,1.13270E+00,occupants
578,6.39929E+07,structural
579,2.40374E+01,occupants
579,1.10862E+09,structural
580,2.48047E+01,occupants
580,9.87902E+08,structural
581,2.34259E+01,occupants
581,1.08264E+09,structural
582,5.78898E+01,occupants
582,2.59393E+09,structural
583,5.80065E+01,occupants
583,2.75109E+09,structural
584,5.83102E+01,occupants
584,2.78114E+09,structural
585,1.24966E+01,occupants
585,1.01243E+09,structural
586,1.34335E+01,occupants
586,1.16915E+09,structural
587,1.16441E+01,occupants
587,7.04682E+08,structural
588,4.09988E+00,occupants
588,3.23428E+08,structural
589,4.55042E+00,occupants
589,4.24582E+08,structural
590,3.69572E+00,occupants
590,4.51854E+08,structural
591,8.76778E-01,occupants
591,1.94811E+08,structural
592,1.01134E+00,occupants
592,2.36857E+08,structural
593,7.61865E-01,occupants
593,2.05500E+08,structural
594,2.95613E+01,occupants
594,1.79866E+09,structural
595,3.09527E+01,occupants
595,1.95497E+09,structural
596,2.82584E+01,occupants
596,1.88676E+09,structural
597,6.47949E+01,occupants
597,4.15431E+09,structural
598,6.62618E+01,occupants
598,4.01572E+09,structural
599,6.35976E+01,occupants
599,4.00093E+09,structural
600,5.14485E+00,occupants
600,6.43756E+08,structural
601,5.56937E+00,occupants
601,6.93420E+08,structural
602,4.88147E+00,occupants
602,5.79080E+08,structural
603,1.41025E+00,occupants
603,2.66024E+08,structural
604,1.61370E+00,occupants
604,2.17758E+08,structural
605,1.24286E+00,occupants
605,1.99038E+08,structural
606,2.98081E-01,occupants
606,6.27954E+07,structural
607,3.56028E-01,occupants
607,8.60653E+07,structural
608,2.50471E-01,occupants
608,1.21017E+08,structural
609,1.68528E+01,occupants
609,1.30774E+09,structural
610,1.74085E+01,occupants
610,1.44776E+09,structural
611,1.71486E+01,occupants
611,1.67200E+09,structural
612,5.65976E+01,occupants
612,3.69671E+09,structural
613,5.44660E+01,occupants
613,3.72224E+09,structural
614,6.33942E+01,occupants
614,3.88600E+09,structural
615,1.24057E+01,occupants
615,9.02688E+08,structural
616,1.32722E+01,occupants
616,9.30068E+08,structural
617,1.16257E+01,occupants
617,9.32078E+08,structural
618,3.82978E+00,occupants
618,4.75820E+08,structural
619,4.25162E+00,occupants
619,4.01529E+08,structural
620,3.43763E+00,occupants
620,4.17580E+08,structural
621,7.85985E-01,occupants
621,9.56915E+07,structural
622,9.11392E-01,occupants
622,1.46142E+08,structural
623,6.81260E-01,occupants
623,1.30238E+08,structural
624,3.02972E+01,occupants
624,1.85072E+09,structural
625,3.13313E+01,occupants
625,1.63491E+09,structural
626,2.94190E+01,occupants
626,1.91716E+09,structural
627,7.21391E+01,occupants
627,4.30781E+09,structural
628,7.23388E+01,occupants
628,4.52982E+09,structural
629,7.24840E+01,occupants
629,5.00052E+09,structural
630,2.23114E+01,occupants
630,1.51005E+09,structural
631,2.34199E+01,occupants
631,1.41077E+09,structural
632,2.15309E+01,occupants
632,1.82324E+09,structural
633,6.64026E+00,occupants
633,8.73313E+08,structural
634,7.22958E+00,occupants
634,6.31966E+08,structural
635,6.13210E+00,occupants
635,7.06732E+08,structural
636,1.37902E+00,occupants
636,2.61385E+08,structural
637,1.57718E+00,occupants
637,2.15672E+08,structural
638,1.21079E+00,occupants
638,2.05805E+08,structural
639,6.28545E+01,occupants
639,3.89538E+09,structural
640,6.34272E+01,occupants
640,3.55216E+09,structural
641,6.30149E+01,occupants
641,4.02277E+09,structural
642,1.67606E+02,occupants
642,8.88301E+09,structural
643,1.63142E+02,occupants
643,7.82925E+09,structural
644,1.74550E+02,occupants
644,1.01667E+10,structural
645,1.07630E+01,occupants
645,8.25913E+08,structural
646,1.15177E+01,occupants
646,9.40299E+08,structural
647,1.00853E+01,occupants
647,8.99334E+08,structural
648,3.48586E+00,occupants
648,3.29519E+08,structural
649,3.87519E+00,occupants
649,3.58240E+08,structural
650,3.15779E+00,occupants
650,4.18259E+08,structural
651,8.00835E-01,occupants
651,1.13046E+08,structural
652,9.32519E-01,occupants
652,1.13311E+08,structural
653,6.87572E-01,occupants
653,1.42755E+08,structural
654,2.68051E+01,occupants
654,1.92553E+09,structural
655,2.76940E+01,occupants
655,2.16633E+09,structural
656,2.61139E+01,occupants
656,2.06276E+09,structural
657,6.44905E+01,occupants
657,4.46365E+09,structural
658,6.40989E+01,occupants
658,3.68378E+09,structural
659,6.55275E+01,occupants
659,4.57950E+09,structural
660,4.24444E+00,occupants
660,5.23350E+08,structural
661,4.29484E+00,occupants
661,5.72802E+08,structural
662,4.28154E+00,occupants
662,6.84101E+08,structural
663,1.23362E+00,occupants
663,1.96806E+08,structural
664,1.30718E+00,occupants
664,2.31212E+08,structural
665,1.17944E+00,occupants
665,2.58949E+08,structural
666,3.63317E-01,occupants
666,7.86644E+07,structural
667,4.05738E-01,occupants
667,8.32597E+07,structural
668,3.26816E-01,occupants
668,5.41469E+07,structural
669,1.48791E+01,occupants
669,1.53142E+09,structural
670,1.45177E+01,occupants
670,1.39758E+09,structural
671,1.55733E+01,occupants
671,1.49328E+09,structural
672,5.25863E+01,occupants
672,4.11047E+09,structural
673,5.00561E+01,occupants
673,3.51685E+09,structural
674,5.64131E+01,occupants
674,4.26577E+09,structural
675,3.35341E+00,occupants
675,3.18999E+08,structural
676,3.77355E+00,occupants
676,2.87724E+08,structural
677,3.00429E+00,occupants
677,3.16640E+08,structural
678,1.04120E+00,occupants
678,1.17561E+08,structural
679,1.19033E+00,occupants
679,1.16166E+08,structural
680,9.03898E-01,occupants
680,8.57138E+07,structural
681,2.67293E-01,occupants
681,5.41758E+07,structural
682,3.15054E-01,occupants
682,4.39286E+07,structural
683,2.25020E-01,occupants
683,2.45797E+07,structural
684,1.03039E+01,occupants
684,8.15771E+08,structural
685,1.12283E+01,occupants
685,8.26756E+08,structural
686,9.43710E+00,occupants
686,9.57267E+08,structural
687,3.21003E+01,occupants
687,1.98156E+09,structural
688,3.37868E+01,occupants
688,2.33082E+09,structural
689,3.06308E+01,occupants
689,1.98726E+09,structural
690,2.64251E+00,occupants
690,2.93321E+08,structural
691,2.92404E+00,occupants
691,3.46465E+08,structural
692,2.38880E+00,occupants
692,3.20268E+08,structural
693,8.62858E-01,occupants
693,1.03391E+08,structural
694,9.60665E-01,occupants
694,1.03725E+08,structural
695,7.81861E-01,occupants
695,1.00544E+08,structural
696,2.88061E-01,occupants
696,2.48007E+07,structural
697,3.16998E-01,occupants
697,3.29699E+07,structural
698,2.61605E-01,occupants
698,2.57966E+07,structural
699,8.30552E+00,occupants
699,8.56419E+08,structural
700,9.00644E+00,occupants
700,8.33618E+08,structural
701,7.68923E+00,occupants
701,8.36446E+08,structural
702,2.79586E+01,occupants
702,2.10195E+09,structural
703,2.93272E+01,occupants
703,1.88588E+09,structural
704,2.68421E+01,occupants
704,2.20148E+09,structural
705,4.73829E+00,occupants
705,5.90541E+08,structural
706,5.03155E+00,occupants
706,5.97808E+08,structural
707,4.49042E+00,occupants
707,6.07412E+08,structural
708,1.55590E+00,occupants
708,2.40507E+08,structural
709,1.69664E+00,occupants
709,2.00037E+08,structural
710,1.43261E+00,occupants
710,2.05029E+08,structural
711,5.28705E-01,occupants
711,9.81347E+07,structural
712,5.99592E-01,occupants
712,9.88933E+07,structural
713,4.64641E-01,occupants
713,9.06302E+07,structural
714,1.59790E+01,occupants
714,1.46069E+09,structural
715,1.66020E+01,occupants
715,1.25425E+09,structural
716,1.55706E+01,occupants
716,1.64224E+09,structural
717,5.55410E+01,occupants
717,3.56250E+09,structural
718,5.61007E+01,occupants
718,3.41470E+09,structural
719,5.56699E+01,occupants
719,4.08763E+09,structural
720,4.16535E+01,occupants
720,3.00142E+09,structural
721,4.21673E+01,occupants
721,3.04350E+09,structural
722,4.13464E+01,occupants
722,3.39317E+09,structural
723,2.02524E+01,occupants
723,1.45448E+09,structural
724,2.08979E+01,occupants
724,1.51366E+09,structural
725,1.96858E+01,occupants
725,1.51193E+09,structural
726,8.47763E+00,occupants
726,8.47047E+08,structural
727,8.90703E+00,occupants
727,7.62983E+08,structural
728,8.07788E+00,occupants
728,6.31359E+08,structural
729,8.42028E+01,occupants
729,5.46143E+09,structural
730,8.35068E+01,occupants
730,5.33276E+09,structural
731,8.56421E+01,occupants
731,6.03225E+09,structural
732,1.82472E+02,occupants
732,1.06930E+10,structural
733,1.76901E+02,occupants
733,1.00162E+10,structural
734,1.90486E+02,occupants
734,1.16168E+10,structural
735,1.00009E+01,occupants
735,1.03690E+09,structural
736,1.09022E+01,occupants
736,6.60445E+08,structural
737,9.20879E+00,occupants
737,7.69651E+08,structural
738,3.16092E+00,occupants
738,3.85413E+08,structural
739,3.52970E+00,occupants
739,3.04184E+08,structural
740,2.82460E+00,occupants
740,3.25475E+08,structural
741,8.18116E-01,occupants
741,7.93109E+07,structural
742,9.32641E-01,occupants
742,1.53039E+08,structural
743,7.12831E-01,occupants
743,1.28747E+08,structural
744,2.74184E+01,occupants
744,2.12663E+09,structural
745,2.90071E+01,occupants
745,1.98121E+09,structural
746,2.60494E+01,occupants
746,1.90011E+09,structural
747,6.92535E+01,occupants
747,4.26665E+09,structural
748,7.05363E+01,occupants
748,3.97790E+09,structural
749,6.85741E+01,occupants
749,4.18267E+09,structural
750,7.68123E+00,occupants
750,5.88259E+08,structural
751,8.20920E+00,occupants
751,7.40456E+08,structural
752,7.20149E+00,occupants
752,6.69016E+08,structural
753,2.62224E+00,occupants
753,1.84540E+08,structural
754,2.88648E+00,occupants
754,2.10359E+08,structural
755,2.38435E+00,occupants
755,2.52468E+08,structural
756,7.11055E-01,occupants
756,7.00181E+07,structural
757,8.14656E-01,occupants
757,1.09218E+08,structural
758,6.19318E-01,occupants
758,8.92844E+07,structural
759,1.95641E+01,occupants
759,1.45818E+09,structural
760,2.04069E+01,occupants
760,1.32567E+09,structural
761,1.87986E+01,occupants
761,1.48496E+09,structural
762,4.67558E+01,occupants
762,2.94863E+09,structural
763,4.76868E+01,occupants
763,2.80402E+09,structural
764,4.60159E+01,occupants
764,3.23179E+09,structural
765,7.92756E+00,occupants
765,9.50916E+08,structural
766,8.69052E+00,occupants
766,7.25237E+08,structural
767,7.23519E+00,occupants
767,6.44008E+08,structural
768,2.32959E+00,occupants
768,2.65281E+08,structural
769,2.62094E+00,occupants
769,3.55552E+08,structural
770,2.08007E+00,occupants
770,2.49027E+08,structural
771,6.17693E-01,occupants
771,1.21550E+08,structural
772,7.11567E-01,occupants
772,9.46495E+07,structural
773,5.38215E-01,occupants
773,1.07980E+08,structural
774,2.44293E+01,occupants
774,1.55565E+09,structural
775,2.60156E+01,occupants
775,1.61896E+09,structural
776,2.30492E+01,occupants
776,1.86512E+09,structural
777,6.99200E+01,occupants
777,4.11344E+09,structural
778,7.18071E+01,occupants
778,3.98923E+09,structural
779,6.84994E+01,occupants
779,4.38934E+09,structural
780,2.12557E+00,occupants
780,3.22478E+08,structural
781,2.32115E+00,occupants
781,2.74842E+08,structural
782,1.96193E+00,occupants
782,3.47783E+08,structural
783,8.66756E-01,occupants
783,1.48178E+08,structural
784,9.55000E-01,occupants
784,1.07903E+08,structural
785,7.86510E-01,occupants
785,1.01410E+08,structural
786,3.66694E-01,occupants
786,3.22122E+07,structural
787,4.15928E-01,occupants
787,2.18522E+07,structural
788,3.20853E-01,occupants
788,2.93511E+07,structural
789,7.20228E+00,occupants
789,9.01440E+08,structural
790,7.67323E+00,occupants
790,8.34530E+08,structural
791,6.84064E+00,occupants
791,7.31900E+08,structural
792,2.88872E+01,occupants
792,2.24456E+09,structural
793,2.95061E+01,occupants
793,1.98547E+09,structural
794,2.86181E+01,occupants
794,2.50585E+09,structural
795,3.29478E+00,occupants
795,4.14158E+08,structural
796,3.50755E+00,occupants
796,4.42153E+08,structural
797,3.12864E+00,occupants
797,4.30071E+08,structural
798,8.93638E-01,occupants
798,2.10228E+08,structural
799,9.72485E-01,occupants
799,2.04044E+08,structural
800,8.29575E-01,occupants
800,1.71021E+08,structural
801,2.01789E-01,occupants
801,6.59667E+07,structural
802,2.31027E-01,occupants
802,5.24113E+07,structural
803,1.77596E-01,occupants
803,6.36736E+07,structural
804,1.10610E+01,occupants
804,8.87075E+08,structural
805,1.15468E+01,occupants
805,1.06866E+09,structural
806,1.06677E+01,occupants
806,1.03257E+09,structural
807,3.36706E+01,occupants
807,2.18024E+09,structural
808,3.43436E+01,occupants
808,1.94806E+09,structural
809,3.32799E+01,occupants
809,2.49578E+09,structural
810,1.53647E+01,occupants
810,1.21445E+09,structural
811,1.62725E+01,occupants
811,1.28614E+09,structural
812,1.45201E+01,occupants
812,1.18817E+09,structural
813,6.08962E+00,occupants
813,6.47857E+08,structural
814,6.63250E+00,occupants
814,6.20873E+08,structural
815,5.57828E+00,occupants
815,7.99907E+08,structural
816,1.87964E+00,occupants
816,2.16620E+08,structural
817,2.10894E+00,occupants
817,2.76170E+08,structural
818,1.66290E+00,occupants
818,2.29435E+08,structural
819,3.38568E+01,occupants
819,2.56972E+09,structural
820,3.49400E+01,occupants
820,2.27757E+09,structural
821,3.29167E+01,occupants
821,2.59083E+09,structural
822,7.35332E+01,occupants
822,6.21974E+09,structural
823,7.39604E+01,occupants
823,4.51773E+09,structural
824,7.37751E+01,occupants
824,5.38427E+09,structural
825,1.15612E+01,occupants
825,6.76508E+08,structural
826,1.21827E+01,occupants
826,6.26797E+08,structural
827,1.09914E+01,occupants
827,5.72375E+08,structural
828,5.08397E+00,occupants
828,2.31472E+08,structural
829,5.51519E+00,occupants
829,2.60299E+08,structural
830,4.67683E+00,occupants
830,2.34322E+08,structural
831,1.86621E+00,occupants
831,8.24353E+07,structural
832,2.10907E+00,occupants
832,7.62450E+07,structural
833,1.64348E+00,occupants
833,9.24094E+07,structural
834,2.67017E+01,occupants
834,1.77472E+09,structural
835,2.74084E+01,occupants
835,1.40414E+09,structural
836,2.64319E+01,occupants
836,1.93886E+09,structural
837,7.18219E+01,occupants
837,5.28050E+09,structural
838,7.08267E+01,occupants
838,3.59685E+09,structural
839,7.52703E+01,occupants
839,6.47938E+09,structural
840,8.32856E-01,occupants
840,1.12540E+08,structural
841,9.26807E-01,occupants
841,1.11631E+08,structural
842,7.48482E-01,occupants
842,9.10506E+07,structural
843,3.26804E-01,occupants
843,4.18861E+07,structural
844,3.72322E-01,occupants
844,3.47174E+07,structural
845,2.86274E-01,occupants
845,3.53554E+07,structural
846,1.17939E-01,occupants
846,1.31316E+07,structural
847,1.38450E-01,occupants
847,2.03780E+07,structural
848,9.98518E-02,occupants
848,1.02375E+07,structural
849,2.39074E+00,occupants
849,2.22044E+08,structural
850,2.60200E+00,occupants
850,2.80524E+08,structural
851,2.20096E+00,occupants
851,3.19346E+08,structural
852,8.66661E+00,occupants
852,7.17792E+08,structural
853,9.24917E+00,occupants
853,7.02922E+08,structural
854,8.15814E+00,occupants
854,8.34709E+08,structural
855,6.41057E+00,occupants
855,5.35654E+08,structural
856,6.82151E+00,occupants
856,5.11113E+08,structural
857,6.10807E+00,occupants
857,5.28450E+08,structural
858,2.25261E+00,occupants
858,2.67148E+08,structural
859,2.43599E+00,occupants
859,2.35111E+08,structural
860,2.09246E+00,occupants
860,2.35966E+08,structural
861,7.88421E-01,occupants
861,7.54536E+07,structural
862,8.75185E-01,occupants
862,6.77268E+07,structural
863,7.10074E-01,occupants
863,8.36121E+07,structural
864,2.02810E+01,occupants
864,1.47851E+09,structural
865,2.10093E+01,occupants
865,1.58473E+09,structural
866,1.97815E+01,occupants
866,1.42788E+09,structural
867,6.48585E+01,occupants
867,3.77139E+09,structural
868,6.52061E+01,occupants
868,3.21427E+09,structural
869,6.51212E+01,occupants
869,3.56491E+09,structural
870,9.93375E+00,occupants
870,8.90404E+08,structural
871,1.05028E+01,occupants
871,1.04559E+09,structural
872,9.44613E+00,occupants
872,1.04597E+09,structural
873,3.86900E+00,occupants
873,4.61649E+08,structural
874,4.13185E+00,occupants
874,3.70571E+08,structural
875,3.63015E+00,occupants
875,4.91879E+08,structural
876,1.48211E+00,occupants
876,1.44505E+08,structural
877,1.61953E+00,occupants
877,1.76911E+08,structural
878,1.35550E+00,occupants
878,1.85271E+08,structural
879,2.62252E+01,occupants
879,1.78332E+09,structural
880,2.73036E+01,occupants
880,1.73735E+09,structural
881,2.53504E+01,occupants
881,1.99564E+09,structural
882,7.11661E+01,occupants
882,4.26088E+09,structural
883,7.20817E+01,occupants
883,4.41086E+09,structural
884,7.08172E+01,occupants
884,4.66127E+09,structural
885,9.63679E+00,occupants
885,7.50165E+08,structural
886,1.02638E+01,occupants
886,8.07198E+08,structural
887,9.10232E+00,occupants
887,8.06046E+08,structural
888,2.93704E+00,occupants
888,3.21258E+08,structural
889,3.25158E+00,occupants
889,3.33954E+08,structural
890,2.66485E+00,occupants
890,3.34907E+08,structural
891,7.65191E-01,occupants
891,9.75380E+07,structural
892,8.90279E-01,occupants
892,1.26167E+08,structural
893,6.57366E-01,occupants
893,9.74638E+07,structural
894,2.81947E+01,occupants
894,1.81688E+09,structural
895,2.89993E+01,occupants
895,2.05033E+09,structural
896,2.76406E+01,occupants
896,1.92453E+09,structural
897,7.62369E+01,occupants
897,4.68726E+09,structural
898,7.57249E+01,occupants
898,4.48627E+09,structural
899,7.74399E+01,occupants
899,5.30338E+09,structural
900,7.98299E+00,occupants
900,7.07931E+08,structural
901,8.44597E+00,occupants
901,9.90454E+08,structural
902,7.59219E+00,occupants
902,7.02139E+08,structural
903,3.17391E+00,occupants
903,4.13685E+08,structural
904,3.42076E+00,occupants
904,3.76114E+08,structural
905,2.94979E+00,occupants
905,4.50160E+08,structural
906,1.20803E+00,occupants
906,2.17255E+08,structural
907,1.34018E+00,occupants
907,1.40047E+08,structural
908,1.08473E+00,occupants
908,1.44999E+08,structural
909,2.09805E+01,occupants
909,1.61989E+09,structural
910,2.17804E+01,occupants
910,1.79798E+09,structural
911,2.03827E+01,occupants
911,1.66649E+09,structural
912,5.98960E+01,occupants
912,4.25358E+09,structural
913,6.07117E+01,occupants
913,4.07923E+09,structural
914,5.97120E+01,occupants
914,4.68312E+09,structural
915,2.56617E+01,occupants
915,1.23371E+09,structural
916,2.61228E+01,occupants
916,1.29169E+09,structural
917,2.54212E+01,occupants
917,1.35934E+09,structural
918,1.02177E+01,occupants
918,6.92446E+08,structural
919,1.06639E+01,occupants
919,7.09517E+08,structural
920,9.81960E+00,occupants
920,5.87309E+08,structural
921,2.64339E+00,occupants
921,3.03050E+08,structural
922,2.82732E+00,occupants
922,2.26768E+08,structural
923,2.48964E+00,occupants
923,1.99333E+08,structural
924,5.32773E+01,occupants
924,2.35095E+09,structural
925,5.27781E+01,occupants
925,2.44820E+09,structural
926,5.42107E+01,occupants
926,2.83283E+09,structural
927,1.13452E+02,occupants
927,5.31148E+09,structural
928,1.09177E+02,occupants
928,5.48365E+09,structural
929,1.19171E+02,occupants
929,6.46705E+09,structural
930,8.68613E+00,occupants
930,5.83739E+08,structural
931,9.35252E+00,occupants
931,7.90725E+08,structural
932,8.08133E+00,occupants
932,8.06524E+08,structural
933,3.14320E+00,occupants
933,2.79597E+08,structural
934,3.49809E+00,occupants
934,3.19748E+08,structural
935,2.82903E+00,occupants
935,3.55512E+08,structural
936,8.86456E-01,occupants
936,1.09504E+08,structural
937,1.02725E+00,occupants
937,1.22712E+08,structural
938,7.63612E-01,occupants
938,8.95701E+07,structural
939,2.22422E+01,occupants
939,1.66376E+09,structural
940,2.32883E+01,occupants
940,1.45076E+09,structural
941,2.13706E+01,occupants
941,1.90857E+09,structural
942,5.75789E+01,occupants
942,3.82378E+09,structural
943,5.85536E+01,occupants
943,3.89153E+09,structural
944,5.71388E+01,occupants
944,4.22187E+09,structural
945,1.73204E+01,occupants
945,1.33438E+09,structural
946,1.84284E+01,occupants
946,1.51517E+09,structural
947,1.64229E+01,occupants
947,1.51656E+09,structural
948,5.24913E+00,occupants
948,5.85874E+08,structural
949,5.75793E+00,occupants
949,5.55029E+08,structural
950,4.80924E+00,occupants
950,5.19874E+08,structural
951,1.16856E+00,occupants
951,1.95189E+08,structural
952,1.32402E+00,occupants
952,2.63143E+08,structural
953,1.03306E+00,occupants
953,1.66194E+08,structural
954,4.91147E+01,occupants
954,3.39080E+09,structural
955,5.05392E+01,occupants
955,2.98840E+09,structural
956,4.81225E+01,occupants
956,3.67264E+09,structural
957,1.30400E+02,occupants
957,7.33199E+09,structural
958,1.29256E+02,occupants
958,6.99074E+09,structural
959,1.32896E+02,occupants
959,7.12720E+09,structural
960,1.27320E+01,occupants
960,1.25673E+09,structural
961,1.29665E+01,occupants
961,1.15218E+09,structural
962,1.27721E+01,occupants
962,1.23733E+09,structural
963,3.67081E+00,occupants
963,4.68408E+08,structural
964,3.84807E+00,occupants
964,5.98900E+08,structural
965,3.55320E+00,occupants
965,5.90564E+08,structural
966,7.97999E-01,occupants
966,2.78771E+08,structural
967,8.75237E-01,occupants
967,1.03514E+08,structural
968,7.42213E-01,occupants
968,8.75138E+07,structural
969,3.84220E+01,occupants
969,2.45728E+09,structural
970,3.79682E+01,occupants
970,2.30720E+09,structural
971,3.96793E+01,occupants
971,2.87413E+09,structural
972,1.09704E+02,occupants
972,6.24532E+09,structural
973,1.04952E+02,occupants
973,5.99842E+09,structural
974,1.17229E+02,occupants
974,7.34976E+09,structural
975,5.07855E+01,occupants
975,2.37967E+09,structural
976,4.98579E+01,occupants
976,1.78160E+09,structural
977,5.19747E+01,occupants
977,2.19362E+09,structural
978,2.17331E+01,occupants
978,1.08165E+09,structural
979,2.14039E+01,occupants
979,9.85385E+08,structural
980,2.22104E+01,occupants
980,1.05815E+09,structural
981,6.69780E+00,occupants
981,4.49305E+08,structural
982,6.70883E+00,occupants
982,5.87555E+08,structural
983,6.81665E+00,occupants
983,4.41189E+08,structural
984,1.04262E+02,occupants
984,4.17200E+09,structural
985,1.01781E+02,occupants
985,4.02918E+09,structural
986,1.07498E+02,occupants
986,4.52110E+09,structural
987,2.18601E+02,occupants
987,1.02041E+10,structural
988,2.11254E+02,occupants
988,9.59268E+09,structural
989,2.28934E+02,occupants
989,1.12456E+10,structural
990,7.61660E+00,occupants
990,4.57181E+08,structural
991,8.25910E+00,occupants
991,5.52624E+08,structural
992,7.04984E+00,occupants
992,5.00904E+08,structural
993,2.40924E+00,occupants
993,2.57598E+08,structural
994,2.64335E+00,occupants
994,2.46509E+08,structural
995,2.18953E+00,occupants
995,2.31536E+08,structural
996,8.11304E-01,occupants
996,8.02805E+07,structural
997,9.13019E-01,occupants
997,7.68248E+07,structural
998,7.18562E-01,occupants
998,6.78214E+07,structural
999,2.31101E+01,occupants
999,1.31565E+09,structural
1000,2.43371E+01,occupants
1000,1.35562E+09,structural
1001,2.19918E+01,occupants
1001,1.38579E+09,structural
1002,6.13149E+01,occupants
1002,3.50214E+09,structural
1003,6.24007E+01,occupants
1003,3.49071E+09,structural
1004,6.07270E+01,occupants
1004,4.26694E+09,structural
1005,1.48030E+01,occupants
1005,1.01764E+09,structural
1006,1.48772E+01,occupants
1006,9.59196E+08,structural
1007,1.48650E+01,occupants
1007,1.06085E+09,structural
1008,4.82628E+00,occupants
1008,4.99683E+08,structural
1009,4.95408E+00,occupants
1009,4.82316E+08,structural
1010,4.78451E+00,occupants
1010,3.73026E+08,structural
1011,1.11302E+00,occupants
1011,1.83972E+08,structural
1012,1.20191E+00,occupants
1012,2.15162E+08,structural
1013,1.06422E+00,occupants
1013,1.31383E+08,structural
1014,3.84281E+01,occupants
1014,2.33468E+09,structural
1015,3.82467E+01,occupants
1015,2.16231E+09,structural
1016,3.89180E+01,occupants
1016,2.41355E+09,structural
1017,9.60088E+01,occupants
1017,4.87715E+09,structural
1018,9.42214E+01,occupants
1018,5.33872E+09,structural
1019,9.89180E+01,occupants
1019,5.31710E+09,structural
1020,9.65373E+00,occupants
1020,8.30126E+08,structural
1021,1.01340E+01,occupants
1021,8.78889E+08,structural
1022,9.28430E+00,occupants
1022,8.77232E+08,structural
1023,2.78124E+00,occupants
1023,3.61276E+08,structural
1024,3.02497E+00,occupants
1024,3.82413E+08,structural
1025,2.58838E+00,occupants
1025,3.84328E+08,structural
1026,6.07399E-01,occupants
1026,1.28210E+08,structural
1027,6.83052E-01,occupants
1027,1.44327E+08,structural
1028,5.45808E-01,occupants
1028,1.26094E+08,structural
1029,3.00522E+01,occupants
1029,2.00620E+09,structural
1030,3.04569E+01,occupants
1030,1.92490E+09,structural
1031,3.00510E+01,occupants
1031,2.24432E+09,structural
1032,9.22285E+01,occupants
1032,4.91924E+09,structural
1033,9.02760E+01,occupants
1033,4.97256E+09,structural
1034,9.55050E+01,occupants
1034,5.02601E+09,structural
1035,4.66610E+00,occupants
1035,4.09657E+08,structural
1036,5.13262E+00,occupants
1036,4.89011E+08,structural
1037,4.23469E+00,occupants
1037,6.21781E+08,structural
1038,1.41698E+00,occupants
1038,2.02194E+08,structural
1039,1.58809E+00,occupants
1039,2.25110E+08,structural
1040,1.26795E+00,occupants
1040,2.52751E+08,structural
1041,3.91372E-01,occupants
1041,7.58158E+07,structural
1042,4.41553E-01,occupants
1042,7.56366E+07,structural
1043,3.50094E-01,occupants
1043,6.25558E+07,structural
1044,1.38355E+01,occupants
1044,9.69977E+08,structural
1045,1.48375E+01,occupants
1045,1.07044E+09,structural
1046,1.29451E+01,occupants
1046,1.05624E+09,structural
1047,4.07495E+01,occupants
1047,2.68544E+09,structural
1048,4.22081E+01,occupants
1048,2.97833E+09,structural
1049,3.95607E+01,occupants
1049,2.89872E+09,structural
1050,2.83871E+01,occupants
1050,1.91922E+09,structural
1051,2.77401E+01,occupants
1051,2.04327E+09,structural
1052,2.94091E+01,occupants
1052,1.99724E+09,structural
1053,9.93638E+00,occupants
1053,8.13060E+08,structural
1054,9.87629E+00,occupants
1054,9.43963E+08,structural
1055,1.00968E+01,occupants
1055,8.49957E+08,structural
1056,3.16928E+00,occupants
1056,3.41944E+08,structural
1057,3.27423E+00,occupants
1057,3.26234E+08,structural
1058,3.09294E+00,occupants
1058,3.54033E+08,structural
1059,7.68515E+01,occupants
1059,4.38868E+09,structural
1060,7.42807E+01,occupants
1060,4.08125E+09,structural
1061,8.06270E+01,occupants
1061,4.66889E+09,structural
1062,2.05185E+02,occupants
1062,9.93167E+09,structural
1063,1.95736E+02,occupants
1063,9.06319E+09,structural
1064,2.19180E+02,occupants
1064,1.21015E+10,structural
1065,5.97362E+00,occupants
1065,4.08382E+08,structural
1066,6.38476E+00,occupants
1066,3.93214E+08,structural
1067,5.60617E+00,occupants
1067,4.54578E+08,structural
1068,1.95404E+00,occupants
1068,1.62289E+08,structural
1069,2.15977E+00,occupants
1069,1.27613E+08,structural
1070,1.77740E+00,occupants
1070,1.51129E+08,structural
1071,4.89781E-01,occupants
1071,6.00397E+07,structural
1072,5.59664E-01,occupants
1072,6.47066E+07,structural
1073,4.30364E-01,occupants
1073,5.65716E+07,structural
1074,1.64064E+01,occupants
1074,1.14318E+09,structural
1075,1.70977E+01,occupants
1075,1.23074E+09,structural
1076,1.58303E+01,occupants
1076,1.07538E+09,structural
1077,4.47879E+01,occupants
1077,2.73665E+09,structural
1078,4.53894E+01,occupants
1078,2.48520E+09,structural
1079,4.45783E+01,occupants
1079,3.06319E+09,structural
1080,4.59618E+00,occupants
1080,3.84295E+08,structural
1081,5.00936E+00,occupants
1081,5.08245E+08,structural
1082,4.23472E+00,occupants
1082,4.00958E+08,structural
1083,1.54849E+00,occupants
1083,2.23879E+08,structural
1084,1.72580E+00,occupants
1084,2.36791E+08,structural
1085,1.38706E+00,occupants
1085,1.47101E+08,structural
1086,4.41114E-01,occupants
1086,9.01990E+07,structural
1087,5.06554E-01,occupants
1087,7.12509E+07,structural
1088,3.80807E-01,occupants
1088,4.97642E+07,structural
1089,1.35828E+01,occupants
1089,1.04787E+09,structural
1090,1.44667E+01,occupants
1090,1.03388E+09,structural
1091,1.28568E+01,occupants
1091,1.03627E+09,structural
1092,4.33167E+01,occupants
1092,2.86967E+09,structural
1093,4.46398E+01,occupants
1093,2.72835E+09,structural
1094,4.24847E+01,occupants
1094,2.77213E+09,structural
1095,1.13200E+01,occupants
1095,2.78211E+08,structural
1096,1.19851E+01,occupants
1096,2.92401E+08,structural
1097,1.06938E+01,occupants
1097,3.16221E+08,structural
1098,5.40387E+00,occupants
1098,1.27688E+08,structural
1099,5.88567E+00,occupants
1099,1.64415E+08,structural
1100,4.95222E+00,occupants
1100,8.27475E+07,structural
1101,1.72057E+00,occupants
1101,4.30825E+07,structural
1102,1.94243E+00,occupants
1102,6.48048E+07,structural
1103,1.50887E+00,occupants
1103,4.09581E+07,structural
1104,2.00872E+01,occupants
1104,5.82980E+08,structural
1105,2.07313E+01,occupants
1105,5.59861E+08,structural
1106,1.94472E+01,occupants
1106,7.59716E+08,structural
1107,3.78758E+01,occupants
1107,1.46477E+09,structural
1108,3.81207E+01,occupants
1108,1.53385E+09,structural
1109,3.78255E+01,occupants
1109,2.04016E+09,structural
1110,1.24470E+01,occupants
1110,6.74656E+08,structural
1111,1.33595E+01,occupants
1111,6.68130E+08,structural
1112,1.15806E+01,occupants
1112,6.46436E+08,structural
1113,4.69641E+00,occupants
1113,2.76625E+08,structural
1114,5.19179E+00,occupants
1114,2.28273E+08,structural
1115,4.23663E+00,occupants
1115,2.65749E+08,structural
1116,1.20771E+00,occupants
1116,8.34198E+07,structural
1117,1.38669E+00,occupants
1117,1.32094E+08,structural
1118,1.04634E+00,occupants
1118,1.17451E+08,structural
1119,2.86654E+01,occupants
1119,1.38823E+09,structural
1120,3.00856E+01,occupants
1120,1.70421E+09,structural
1121,2.74149E+01,occupants
1121,1.81675E+09,structural
1122,6.82349E+01,occupants
1122,3.93387E+09,structural
1123,6.96953E+01,occupants
1123,3.79630E+09,structural
1124,6.72777E+01,occupants
1124,4.14806E+09,structural
1125,2.26535E+01,occupants
1125,1.72531E+09,structural
1126,2.18736E+01,occupants
1126,1.76462E+09,structural
1127,2.43429E+01,occupants
1127,2.07288E+09,structural
1128,7.28863E+00,occupants
1128,4.71905E+08,structural
1129,7.28947E+00,occupants
1129,6.84446E+08,structural
1130,7.43537E+00,occupants
1130,5.22101E+08,structural
1131,1.66596E+00,occupants
1131,1.00453E+08,structural
1132,1.71861E+00,occupants
1132,1.46317E+08,structural
1133,1.63008E+00,occupants
1133,1.53506E+08,structural
1134,6.38478E+01,occupants
1134,3.85329E+09,structural
1135,5.81683E+01,occupants
1135,3.57313E+09,structural
1136,7.52845E+01,occupants
1136,7.44542E+09,structural
1137,1.95308E+02,occupants
1137,2.07765E+10,structural
1138,1.61775E+02,occupants
1138,9.13825E+09,structural
1139,2.55254E+02,occupants
1139,2.63162E+10,structural
1140,4.01605E+00,occupants
1140,5.28016E+08,structural
1141,4.31046E+00,occupants
1141,5.46951E+08,structural
1142,3.76263E+00,occupants
1142,6.23892E+08,structural
1143,1.14480E+00,occupants
1143,2.53128E+08,structural
1144,1.28878E+00,occupants
1144,2.48412E+08,structural
1145,1.02585E+00,occupants
1145,2.43311E+08,structural
1146,2.54516E-01,occupants
1146,9.84174E+07,structural
1147,3.02181E-01,occupants
1147,7.81629E+07,structural
1148,2.15259E-01,occupants
1148,8.81724E+07,structural
1149,1.26744E+01,occupants
1149,1.30194E+09,structural
1150,1.31434E+01,occupants
1150,1.18772E+09,structural
1151,1.23966E+01,occupants
1151,1.21808E+09,structural
1152,4.06355E+01,occupants
1152,2.91077E+09,structural
1153,4.08707E+01,occupants
1153,2.95020E+09,structural
1154,4.09417E+01,occupants
1154,3.10761E+09,structural
1155,5.11887E+00,occupants
1155,5.09178E+08,structural
1156,5.55788E+00,occupants
1156,4.43521E+08,structural
1157,4.74490E+00,occupants
1157,4.62874E+08,structural
1158,1.84741E+00,occupants
1158,2.04066E+08,structural
1159,2.06578E+00,occupants
1159,2.07515E+08,structural
1160,1.65364E+00,occupants
1160,1.41574E+08,structural
1161,5.47726E-01,occupants
1161,7.01836E+07,structural
1162,6.33733E-01,occupants
1162,6.25010E+07,structural
1163,4.72028E-01,occupants
1163,8.30051E+07,structural
1164,1.38878E+01,occupants
1164,9.91344E+08,structural
1165,1.46209E+01,occupants
1165,9.39014E+08,structural
1166,1.32948E+01,occupants
1166,1.14143E+09,structural
1167,4.06554E+01,occupants
1167,2.84161E+09,structural
1168,4.12694E+01,occupants
1168,2.53286E+09,structural
1169,4.06674E+01,occupants
1169,2.85958E+09,structural
1170,7.33011E-01,occupants
1170,1.33648E+08,structural
1171,8.33129E-01,occupants
1171,1.52997E+08,structural
1172,6.43584E-01,occupants
1172,1.23954E+08,structural
1173,1.80230E-01,occupants
1173,4.81189E+07,structural
1174,2.09617E-01,occupants
1174,4.86050E+07,structural
1175,1.55354E-01,occupants
1175,4.27143E+07,structural
1176,3.48084E-02,occupants
1176,1.31224E+07,structural
1177,4.19359E-02,occupants
1177,2.29795E+07,structural
1178,2.90449E-02,occupants
1178,1.23198E+07,structural
1179,2.96774E+00,occupants
1179,3.62891E+08,structural
1180,3.29142E+00,occupants
1180,4.89370E+08,structural
1181,2.67899E+00,occupants
1181,3.79961E+08,structural
1182,1.30508E+01,occupants
1182,1.29688E+09,structural
1183,1.40894E+01,occupants
1183,1.21453E+09,structural
1184,1.21131E+01,occupants
1184,1.09991E+09,structural
1185,8.68392E+00,occupants
1185,8.48212E+08,structural
1186,9.11795E+00,occupants
1186,6.78677E+08,structural
1187,8.34045E+00,occupants
1187,6.83033E+08,structural
1188,2.23381E+00,occupants
1188,3.27423E+08,structural
1189,2.40350E+00,occupants
1189,3.01922E+08,structural
1190,2.12485E+00,occupants
1190,3.18780E+08,structural
1191,4.86089E-01,occupants
1191,1.02344E+08,structural
1192,5.33540E-01,occupants
1192,1.09361E+08,structural
1193,4.49706E-01,occupants
1193,1.04667E+08,structural
1194,2.72752E+01,occupants
1194,1.84864E+09,structural
1195,2.79743E+01,occupants
1195,1.66783E+09,structural
1196,2.69467E+01,occupants
1196,1.95559E+09,structural
1197,7.62015E+01,occupants
1197,4.41600E+09,structural
1198,7.56524E+01,occupants
1198,4.17196E+09,structural
1199,7.77678E+01,occupants
1199,4.47970E+09,structural
1200,1.51516E+01,occupants
1200,9.27629E+08,structural
1201,1.56364E+01,occupants
1201,8.77037E+08,structural
1202,1.48188E+01,occupants
1202,1.05616E+09,structural
1203,5.04804E+00,occupants
1203,4.43145E+08,structural
1204,5.38268E+00,occupants
1204,3.91100E+08,structural
1205,4.76269E+00,occupants
1205,3.88190E+08,structural
1206,1.46409E+00,occupants
1206,1.57041E+08,structural
1207,1.61807E+00,occupants
1207,1.66194E+08,structural
1208,1.33321E+00,occupants
1208,1.39388E+08,structural
1209,4.05989E+01,occupants
1209,2.35327E+09,structural
1210,4.08557E+01,occupants
1210,2.09968E+09,structural
1211,4.06502E+01,occupants
1211,2.17521E+09,structural
1212,1.03559E+02,occupants
1212,5.11602E+09,structural
1213,1.01963E+02,occupants
1213,5.15399E+09,structural
1214,1.06011E+02,occupants
1214,5.29114E+09,structural
1215,6.01493E+00,occupants
1215,3.94141E+08,structural
1216,6.35466E+00,occupants
1216,4.36587E+08,structural
1217,5.71422E+00,occupants
1217,4.83973E+08,structural
1218,2.52108E+00,occupants
1218,1.83335E+08,structural
1219,2.70748E+00,occupants
1219,1.49311E+08,structural
1220,2.34705E+00,occupants
1220,1.71928E+08,structural
1221,9.03672E-01,occupants
1221,4.22884E+07,structural
1222,1.00431E+00,occupants
1222,5.54137E+07,structural
1223,8.11555E-01,occupants
1223,5.88274E+07,structural
1224,1.62647E+01,occupants
1224,1.31298E+09,structural
1225,1.68517E+01,occupants
1225,1.27442E+09,structural
1226,1.59576E+01,occupants
1226,1.35612E+09,structural
1227,5.14402E+01,occupants
1227,4.80378E+09,structural
1228,5.08899E+01,occupants
1228,2.88775E+09,structural
1229,5.43231E+01,occupants
1229,3.45077E+09,structural
1230,7.79251E+00,occupants
1230,7.92653E+08,structural
1231,8.21653E+00,occupants
1231,8.13811E+08,structural
1232,7.46485E+00,occupants
1232,8.95493E+08,structural
1233,2.89380E+00,occupants
1233,3.97581E+08,structural
1234,3.18758E+00,occupants
1234,3.14107E+08,structural
1235,2.62889E+00,occupants
1235,3.48168E+08,structural
1236,9.55657E-01,occupants
1236,8.67753E+07,structural
1237,1.09572E+00,occupants
1237,1.24409E+08,structural
1238,8.31774E-01,occupants
1238,9.03045E+07,structural
1239,2.20754E+01,occupants
1239,1.92303E+09,structural
1240,2.21357E+01,occupants
1240,2.00647E+09,structural
1241,2.22785E+01,occupants
1241,1.90793E+09,structural
1242,7.13392E+01,occupants
1242,5.22264E+09,structural
1243,6.87515E+01,occupants
1243,5.36221E+09,structural
1244,7.51457E+01,occupants
1244,5.51140E+09,structural
1245,4.59857E+00,occupants
1245,5.00141E+08,structural
1246,5.01094E+00,occupants
1246,3.51999E+08,structural
1247,4.22281E+00,occupants
1247,4.58418E+08,structural
1248,1.47909E+00,occupants
1248,1.67296E+08,structural
1249,1.68633E+00,occupants
1249,1.66626E+08,structural
1250,1.29941E+00,occupants
1250,1.54151E+08,structural
1251,3.86250E-01,occupants
1251,4.82160E+07,structural
1252,4.62066E-01,occupants
1252,5.92341E+07,structural
1253,3.20988E-01,occupants
1253,4.16890E+07,structural
1254,1.35749E+01,occupants
1254,1.16591E+09,structural
1255,1.41660E+01,occupants
1255,1.24591E+09,structural
1256,1.30663E+01,occupants
1256,1.19359E+09,structural
1257,4.15926E+01,occupants
1257,3.13131E+09,structural
1258,4.18138E+01,occupants
1258,2.86098E+09,structural
1259,4.16214E+01,occupants
1259,2.62037E+09,structural
1260,1.88203E+01,occupants
1260,1.24105E+09,structural
1261,1.95518E+01,occupants
1261,1.36057E+09,structural
1262,1.82555E+01,occupants
1262,1.54386E+09,structural
1263,7.37569E+00,occupants
1263,7.23344E+08,structural
1264,7.87477E+00,occupants
1264,5.41378E+08,structural
1265,6.93245E+00,occupants
1265,6.35418E+08,structural
1266,2.27332E+00,occupants
1266,2.51527E+08,structural
1267,2.49874E+00,occupants
1267,2.89230E+08,structural
1268,2.06178E+00,occupants
1268,2.43833E+08,structural
1269,4.44987E+01,occupants
1269,2.99870E+09,structural
1270,4.48468E+01,occupants
1270,2.94987E+09,structural
1271,4.48426E+01,occupants
1271,3.66119E+09,structural
1272,1.14001E+02,occupants
1272,7.94833E+09,structural
1273,1.09910E+02,occupants
1273,6.61415E+09,structural
1274,1.22400E+02,occupants
1274,1.00568E+10,structural
1275,2.51518E+00,occupants
1275,2.49033E+08,structural
1276,2.74803E+00,occupants
1276,3.58699E+08,structural
1277,2.30274E+00,occupants
1277,2.77184E+08,structural
1278,1.21056E+00,occupants
1278,1.71817E+08,structural
1279,1.29847E+00,occupants
1279,9.66576E+07,structural
1280,1.13449E+00,occupants
1280,1.60284E+08,structural
1281,7.01038E-01,occupants
1281,6.05163E+07,structural
1282,7.55813E-01,occupants
1282,4.27674E+07,structural
1283,6.49275E-01,occupants
1283,5.06328E+07,structural
1284,7.11964E+00,occupants
1284,6.68243E+08,structural
1285,7.86389E+00,occupants
1285,5.57199E+08,structural
1286,6.49771E+00,occupants
1286,6.76378E+08,structural
1287,2.39669E+01,occupants
1287,1.70745E+09,structural
1288,2.56665E+01,occupants
1288,1.81965E+09,structural
1289,2.24611E+01,occupants
1289,1.74408E+09,structural
1290,1.12701E+00,occupants
1290,1.16053E+08,structural
1291,1.25089E+00,occupants
1291,1.73708E+08,structural
1292,1.01624E+00,occupants
1292,2.04850E+08,structural
1293,3.39896E-01,occupants
1293,4.00330E+07,structural
1294,3.77029E-01,occupants
1294,5.54999E+07,structural
1295,3.07855E-01,occupants
1295,4.95130E+07,structural
1296,7.92875E-02,occupants
1296,1.64917E+07,structural
1297,8.90210E-02,occupants
1297,1.90840E+07,structural
1298,7.05810E-02,occupants
1298,1.84620E+07,structural
1299,3.96434E+00,occupants
1299,4.20880E+08,structural
1300,4.39595E+00,occupants
1300,4.29692E+08,structural
1301,3.61705E+00,occupants
1301,3.34839E+08,structural
1302,1.43789E+01,occupants
1302,9.00963E+08,structural
1303,1.53807E+01,occupants
1303,8.37368E+08,structural
1304,1.35634E+01,occupants
1304,8.58496E+08,structural
1305,4.77337E+00,occupants
1305,4.13044E+08,structural
1306,5.25871E+00,occupants
1306,4.53831E+08,structural
1307,4.34311E+00,occupants
1307,3.70216E+08,structural
1308,1.23227E+00,occupants
1308,1.39519E+08,structural
1309,1.40999E+00,occupants
1309,1.71250E+08,structural
1310,1.07301E+00,occupants
1310,1.47795E+08,structural
1311,2.20368E-01,occupants
1311,4.51130E+07,structural
1312,2.63178E-01,occupants
1312,4.66263E+07,structural
1313,1.83042E-01,occupants
1313,3.88952E+07,structural
1314,1.57532E+01,occupants
1314,1.10731E+09,structural
1315,1.67339E+01,occupants
1315,1.12987E+09,structural
1316,1.49016E+01,occupants
1316,1.26038E+09,structural
1317,4.94472E+01,occupants
1317,2.87995E+09,structural
1318,5.03705E+01,occupants
1318,2.93280E+09,structural
1319,4.88107E+01,occupants
1319,2.73964E+09,structural
1320,4.28730E+00,occupants
1320,6.51813E+08,structural
1321,4.70980E+00,occupants
1321,4.47696E+08,structural
1322,3.91851E+00,occupants
1322,6.12954E+08,structural
1323,1.10317E+00,occupants
1323,2.31245E+08,structural
1324,1.25925E+00,occupants
1324,3.01840E+08,structural
1325,9.67743E-01,occupants
1325,1.76309E+08,structural
1326,2.03508E-01,occupants
1326,7.40142E+07,structural
1327,2.45588E-01,occupants
1327,1.37907E+08,structural
1328,1.68148E-01,occupants
1328,7.32425E+07,structural
1329,1.40531E+01,occupants
1329,1.45180E+09,structural
1330,1.49179E+01,occupants
1330,1.24474E+09,structural
1331,1.33435E+01,occupants
1331,1.29875E+09,structural
1332,4.31283E+01,occupants
1332,3.09033E+09,structural
1333,4.40400E+01,occupants
1333,3.30040E+09,structural
1334,4.27045E+01,occupants
1334,3.37709E+09,structural
1335,6.20479E+00,occupants
1335,5.31561E+08,structural
1336,6.42905E+00,occupants
1336,4.97527E+08,structural
1337,6.08590E+00,occupants
1337,6.41754E+08,structural
1338,1.66024E+00,occupants
1338,2.02441E+08,structural
1339,1.80855E+00,occupants
1339,2.14825E+08,structural
1340,1.54244E+00,occupants
1340,1.91597E+08,structural
1341,3.46996E-01,occupants
1341,5.81576E+07,structural
1342,3.93209E-01,occupants
1342,5.79028E+07,structural
1343,3.05976E-01,occupants
1343,6.75881E+07,structural
1344,2.04417E+01,occupants
1344,1.31535E+09,structural
1345,2.03550E+01,occupants
1345,1.24158E+09,structural
1346,2.09746E+01,occupants
1346,1.47609E+09,structural
1347,6.63529E+01,occupants
1347,3.37006E+09,structural
1348,6.40731E+01,occupants
1348,3.42159E+09,structural
1349,7.00449E+01,occupants
1349,3.58210E+09,structural
1350,1.66174E+01,occupants
1350,8.31956E+08,structural
1351,1.79466E+01,occupants
1351,8.64701E+08,structural
1352,1.54806E+01,occupants
1352,8.74574E+08,structural
1353,5.67042E+00,occupants
1353,3.24780E+08,structural
1354,6.25179E+00,occupants
1354,3.34154E+08,structural
1355,5.15028E+00,occupants
1355,3.11854E+08,structural
1356,1.65414E+00,occupants
1356,1.41258E+08,structural
1357,1.84880E+00,occupants
1357,1.38486E+08,structural
1358,1.48105E+00,occupants
1358,1.27376E+08,structural
1359,4.30339E+01,occupants
1359,1.99713E+09,structural
1360,4.49748E+01,occupants
1360,1.92545E+09,structural
1361,4.14307E+01,occupants
1361,2.21203E+09,structural
1362,1.07341E+02,occupants
1362,5.43361E+09,structural
1363,1.07862E+02,occupants
1363,5.05309E+09,structural
1364,1.07899E+02,occupants
1364,5.85762E+09,structural
1365,1.95480E+01,occupants
1365,1.52924E+09,structural
1366,1.91529E+01,occupants
1366,1.47505E+09,structural
1367,2.01334E+01,occupants
1367,1.57566E+09,structural
1368,6.28991E+00,occupants
1368,7.33327E+08,structural
1369,6.28839E+00,occupants
1369,7.44432E+08,structural
1370,6.32459E+00,occupants
1370,6.73026E+08,structural
1371,1.93513E+00,occupants
1371,2.89254E+08,structural
1372,2.05823E+00,occupants
1372,2.10285E+08,structural
1373,1.82374E+00,occupants
1373,3.42406E+08,structural
1374,5.60633E+01,occupants
1374,3.04024E+09,structural
1375,5.48903E+01,occupants
1375,3.02124E+09,structural
1376,5.76995E+01,occupants
1376,3.85975E+09,structural
1377,1.50738E+02,occupants
1377,7.23862E+09,structural
1378,1.47188E+02,occupants
1378,7.44793E+09,structural
1379,1.55860E+02,occupants
1379,8.64295E+09,structural
1380,2.23292E+01,occupants
1380,1.90855E+09,structural
1381,2.34497E+01,occupants
1381,1.66709E+09,structural
1382,2.13563E+01,occupants
1382,1.71866E+09,structural
1383,6.76653E+00,occupants
1383,8.16961E+08,structural
1384,7.30389E+00,occupants
1384,9.20139E+08,structural
1385,6.31119E+00,occupants
1385,7.45606E+08,structural
1386,1.75397E+00,occupants
1386,2.65940E+08,structural
1387,1.92056E+00,occupants
1387,3.16372E+08,structural
1388,1.60390E+00,occupants
1388,2.62256E+08,structural
1389,6.02792E+01,occupants
1389,3.94508E+09,structural
1390,6.13745E+01,occupants
1390,3.96966E+09,structural
1391,5.96618E+01,occupants
1391,4.29874E+09,structural
1392,1.56418E+02,occupants
1392,8.49856E+09,structural
1393,1.53953E+02,occupants
1393,8.31490E+09,structural
1394,1.60396E+02,occupants
1394,9.45790E+09,structural
1395,2.17063E+01,occupants
1395,1.37395E+09,structural
1396,2.31031E+01,occupants
1396,1.21131E+09,structural
1397,2.04064E+01,occupants
1397,1.32747E+09,structural
1398,8.14684E+00,occupants
1398,8.21020E+08,structural
1399,8.85070E+00,occupants
1399,6.81279E+08,structural
1400,7.50187E+00,occupants
1400,6.53177E+08,structural
1401,2.13741E+00,occupants
1401,2.36328E+08,structural
1402,2.37603E+00,occupants
1402,4.15515E+08,structural
1403,1.93233E+00,occupants
1403,2.41388E+08,structural
1404,4.63442E+01,occupants
1404,2.47905E+09,structural
1405,4.85976E+01,occupants
1405,2.56565E+09,structural
1406,4.42672E+01,occupants
1406,2.48618E+09,structural
1407,9.31879E+01,occupants
1407,4.54059E+09,structural
1408,9.59914E+01,occupants
1408,4.86758E+09,structural
1409,9.07376E+01,occupants
1409,5.06261E+09,structural
1410,2.61110E+00,occupants
1410,3.11198E+08,structural
1411,2.90373E+00,occupants
1411,4.34140E+08,structural
1412,2.34120E+00,occupants
1412,4.44342E+08,structural
1413,8.33614E-01,occupants
1413,1.66744E+08,structural
1414,9.60815E-01,occupants
1414,1.75245E+08,structural
1415,7.21306E-01,occupants
1415,1.28646E+08,structural
1416,1.97955E-01,occupants
1416,4.79570E+07,structural
1417,2.40083E-01,occupants
1417,4.25052E+07,structural
1418,1.61471E-01,occupants
1418,4.24383E+07,structural
1419,7.52599E+00,occupants
1419,8.47178E+08,structural
1420,8.10415E+00,occupants
1420,9.42009E+08,structural
1421,7.02206E+00,occupants
1421,7.67294E+08,structural
1422,2.26382E+01,occupants
1422,2.20322E+09,structural
1423,2.35384E+01,occupants
1423,2.22236E+09,structural
1424,2.19351E+01,occupants
1424,2.05859E+09,structural
1425,6.10472E+00,occupants
1425,5.65052E+08,structural
1426,6.60054E+00,occupants
1426,5.45017E+08,structural
1427,5.71218E+00,occupants
1427,5.66126E+08,structural
1428,1.78758E+00,occupants
1428,1.85501E+08,structural
1429,1.98706E+00,occupants
1429,2.11909E+08,structural
1430,1.60880E+00,occupants
1430,2.21397E+08,structural
1431,5.03938E-01,occupants
1431,8.86711E+07,structural
1432,5.63212E-01,occupants
1432,7.63657E+07,structural
1433,4.49817E-01,occupants
1433,8.89667E+07,structural
1434,1.98474E+01,occupants
1434,1.63415E+09,structural
1435,2.06226E+01,occupants
1435,1.48175E+09,structural
1436,1.93642E+01,occupants
1436,1.61802E+09,structural
1437,6.49212E+01,occupants
1437,4.03405E+09,structural
1438,6.43894E+01,occupants
1438,4.25083E+09,structural
1439,6.68012E+01,occupants
1439,4.58891E+09,structural
1440,9.82053E+00,occupants
1440,8.92047E+08,structural
1441,1.04014E+01,occupants
1441,1.10104E+09,structural
1442,9.32040E+00,occupants
1442,1.00746E+09,structural
1443,3.99992E+00,occupants
1443,4.65278E+08,structural
1444,4.31607E+00,occupants
1444,3.86410E+08,structural
1445,3.71130E+00,occupants
1445,4.83382E+08,structural
1446,1.67060E+00,occupants
1446,1.84562E+08,structural
1447,1.83202E+00,occupants
1447,2.14354E+08,structural
1448,1.52652E+00,occupants
1448,1.66061E+08,structural
1449,2.58332E+01,occupants
1449,1.84924E+09,structural
1450,2.66940E+01,occupants
1450,2.59581E+09,structural
1451,2.51709E+01,occupants
1451,2.30305E+09,structural
1452,7.28353E+01,occupants
1452,4.94609E+09,structural
1453,7.30899E+01,occupants
1453,4.98148E+09,structural
1454,7.31916E+01,occupants
1454,4.84185E+09,structural
1455,5.43957E+00,occupants
1455,5.31896E+08,structural
1456,5.66283E+00,occupants
1456,5.06584E+08,structural
1457,5.25080E+00,occupants
1457,4.63717E+08,structural
1458,2.25008E+00,occupants
1458,2.38111E+08,structural
1459,2.37758E+00,occupants
1459,2.55831E+08,structural
1460,2.13283E+00,occupants
1460,1.94777E+08,structural
1461,7.47199E-01,occupants
1461,7.70314E+07,structural
1462,8.22726E-01,occupants
1462,9.72396E+07,structural
1463,6.79166E-01,occupants
1463,7.16601E+07,structural
1464,1.27793E+01,occupants
1464,1.02362E+09,structural
1465,1.31809E+01,occupants
1465,1.03987E+09,structural
1466,1.24430E+01,occupants
1466,1.16943E+09,structural
1467,3.49752E+01,occupants
1467,2.31903E+09,structural
1468,3.55831E+01,occupants
1468,2.78956E+09,structural
1469,3.46870E+01,occupants
1469,2.81280E+09,structural
1470,3.71805E+00,occupants
1470,2.64801E+08,structural
1471,4.17831E+00,occupants
1471,2.30829E+08,structural
1472,3.31725E+00,occupants
1472,2.15295E+08,structural
1473,1.06348E+00,occupants
1473,1.06297E+08,structural
1474,1.23609E+00,occupants
1474,9.28624E+07,structural
1475,9.15787E-01,occupants
1475,6.20781E+07,structural
1476,2.30398E-01,occupants
1476,2.08053E+07,structural
1477,2.81202E-01,occupants
1477,2.74480E+07,structural
1478,1.90355E-01,occupants
1478,1.86667E+07,structural
1479,1.12698E+01,occupants
1479,7.07919E+08,structural
1480,1.21569E+01,occupants
1480,6.40741E+08,structural
1481,1.04410E+01,occupants
1481,5.72708E+08,structural
1482,2.97587E+01,occupants
1482,1.67947E+09,structural
1483,3.08998E+01,occupants
1483,1.69895E+09,structural
1484,2.87491E+01,occupants
1484,1.86658E+09,structural
1485,7.01420E+00,occupants
1485,3.66901E+08,structural
1486,7.53660E+00,occupants
1486,3.64198E+08,structural
1487,6.53598E+00,occupants
1487,3.19505E+08,structural
1488,2.09952E+00,occupants
1488,9.79876E+07,structural
1489,2.36674E+00,occupants
1489,1.42304E+08,structural
1490,1.85979E+00,occupants
1490,1.06152E+08,structural
1491,2.71329E-01,occupants
1491,3.18986E+07,structural
1492,3.25731E-01,occupants
1492,5.34931E+07,structural
1493,2.22465E-01,occupants
1493,2.78413E+07,structural
1494,1.57460E+01,occupants
1494,8.55239E+08,structural
1495,1.64682E+01,occupants
1495,1.09544E+09,structural
1496,1.50996E+01,occupants
1496,6.75807E+08,structural
1497,3.57308E+01,occupants
1497,2.15499E+09,structural
1498,3.66403E+01,occupants
1498,2.11687E+09,structural
1499,3.51070E+01,occupants
1499,2.56280E+09,structural
