#,,"generated_by='OpenQuake engine 3.13.0-gitd2db5fa', start_date='2021-10-23T15:55:39', checksum=1653129626"
event_id,loss,loss_type
0,1.92114E-01,occupants
0,4.05856E+07,structural
1,2.09556E-01,occupants
1,1.22171E+07,structural
2,1.75815E-01,occupants
2,4.14770E+07,structural
3,3.30115E-02,occupants
3,6.19389E+06,structural
4,3.63051E-02,occupants
4,5.53485E+06,structural
5,2.98460E-02,occupants
5,1.34979E+06,structural
6,3.78352E-03,occupants
6,2.86718E+06,structural
7,4.24779E-03,occupants
7,4.61985E+06,structural
8,3.33316E-03,occupants
8,1.25664E+07,structural
9,8.99601E-01,occupants
9,3.47042E+07,structural
10,9.66984E-01,occupants
10,8.67071E+07,structural
11,8.36158E-01,occupants
11,2.95735E+07,structural
12,3.53841E+00,occupants
12,9.53577E+07,structural
13,3.71973E+00,occupants
13,9.45871E+07,structural
14,3.36473E+00,occupants
14,1.93795E+08,structural
15,7.58628E+00,occupants
15,5.08262E+08,structural
16,7.94384E+00,occupants
16,4.50089E+08,structural
17,7.23834E+00,occupants
17,3.66375E+08,structural
18,2.84873E+00,occupants
18,1.41521E+08,structural
19,3.04736E+00,occupants
19,2.71057E+08,structural
20,2.66639E+00,occupants
20,2.18096E+08,structural
21,6.27997E-01,occupants
21,6.28870E+07,structural
22,6.97084E-01,occupants
22,5.92001E+07,structural
23,5.75574E-01,occupants
23,4.32325E+07,structural
24,1.54903E+01,occupants
24,7.91134E+08,structural
25,1.59383E+01,occupants
25,7.64533E+08,structural
26,1.50215E+01,occupants
26,7.10027E+08,structural
27,2.86949E+01,occupants
27,1.40995E+09,structural
28,2.90659E+01,occupants
28,1.35769E+09,structural
29,2.83730E+01,occupants
29,1.34917E+09,structural
30,4.82722E-01,occupants
30,1.05700E+07,structural
31,5.24112E-01,occupants
31,1.86383E+07,structural
32,4.45271E-01,occupants
32,1.52338E+07,structural
33,1.16846E-01,occupants
33,9.06270E+06,structural
34,1.29560E-01,occupants
34,3.81765E+06,structural
35,1.04971E-01,occupants
35,2.64220E+06,structural
36,1.55049E-02,occupants
36,8.43275E+05,structural
37,1.77968E-02,occupants
37,2.10986E+06,structural
38,1.34946E-02,occupants
38,1.23934E+06,structural
39,1.46268E+00,occupants
39,3.73480E+07,structural
40,1.55020E+00,occupants
40,5.40187E+07,structural
41,1.37710E+00,occupants
41,4.52721E+07,structural
42,3.72806E+00,occupants
42,1.57315E+08,structural
43,3.87546E+00,occupants
43,1.65038E+08,structural
44,3.58774E+00,occupants
44,1.72457E+08,structural
45,7.28796E+00,occupants
45,4.88580E+08,structural
46,7.63222E+00,occupants
46,4.14391E+08,structural
47,6.98984E+00,occupants
47,5.13635E+08,structural
48,2.31035E+00,occupants
48,2.64988E+08,structural
49,2.48047E+00,occupants
49,2.40591E+08,structural
50,2.14777E+00,occupants
50,1.02058E+08,structural
51,5.08806E-01,occupants
51,6.00432E+07,structural
52,5.54096E-01,occupants
52,5.31787E+07,structural
53,4.64970E-01,occupants
53,6.06621E+07,structural
54,1.79343E+01,occupants
54,6.96075E+08,structural
55,1.81683E+01,occupants
55,7.61045E+08,structural
56,1.78416E+01,occupants
56,1.02662E+09,structural
57,3.89040E+01,occupants
57,1.70327E+09,structural
58,3.78669E+01,occupants
58,1.60048E+09,structural
59,4.04462E+01,occupants
59,1.90656E+09,structural
60,1.31737E+00,occupants
60,1.40336E+08,structural
61,1.41367E+00,occupants
61,9.92787E+07,structural
62,1.22259E+00,occupants
62,1.84061E+08,structural
63,3.44884E-01,occupants
63,2.18568E+07,structural
64,3.77180E-01,occupants
64,1.78794E+07,structural
65,3.18476E-01,occupants
65,3.32025E+07,structural
66,6.85704E-02,occupants
66,3.37743E+06,structural
67,7.63238E-02,occupants
67,4.91502E+06,structural
68,6.18744E-02,occupants
68,9.91769E+06,structural
69,4.08435E+00,occupants
69,2.58530E+08,structural
70,4.31864E+00,occupants
70,2.48218E+08,structural
71,3.87775E+00,occupants
71,1.51603E+08,structural
72,1.05150E+01,occupants
72,5.37982E+08,structural
73,1.08127E+01,occupants
73,5.68470E+08,structural
74,1.02668E+01,occupants
74,5.87143E+08,structural
75,6.31946E+00,occupants
75,4.28029E+08,structural
76,6.62134E+00,occupants
76,5.43704E+08,structural
77,6.04042E+00,occupants
77,3.82865E+08,structural
78,2.17807E+00,occupants
78,1.96832E+08,structural
79,2.33692E+00,occupants
79,1.88328E+08,structural
80,2.02393E+00,occupants
80,1.42240E+08,structural
81,4.26481E-01,occupants
81,6.49958E+07,structural
82,4.69469E-01,occupants
82,4.38179E+07,structural
83,3.84761E-01,occupants
83,4.12653E+07,structural
84,1.40064E+01,occupants
84,8.36867E+08,structural
85,1.43800E+01,occupants
85,7.91252E+08,structural
86,1.36917E+01,occupants
86,7.57692E+08,structural
87,2.88003E+01,occupants
87,1.40879E+09,structural
88,2.89860E+01,occupants
88,1.42600E+09,structural
89,2.88226E+01,occupants
89,1.44377E+09,structural
90,1.87223E+00,occupants
90,2.20241E+08,structural
91,1.88889E+00,occupants
91,2.29243E+08,structural
92,1.86519E+00,occupants
92,7.37738E+07,structural
93,6.73704E-01,occupants
93,1.01552E+08,structural
94,6.92519E-01,occupants
94,7.84793E+07,structural
95,6.62754E-01,occupants
95,3.80647E+07,structural
96,1.65908E-01,occupants
96,1.00113E+07,structural
97,1.73493E-01,occupants
97,2.05726E+07,structural
98,1.59099E-01,occupants
98,1.17498E+07,structural
99,4.43125E+00,occupants
99,3.15509E+08,structural
100,4.44307E+00,occupants
100,2.37016E+08,structural
101,4.43021E+00,occupants
101,4.26464E+08,structural
102,1.03795E+01,occupants
102,7.18575E+08,structural
103,1.04305E+01,occupants
103,6.30673E+08,structural
104,1.03539E+01,occupants
104,6.19611E+08,structural
105,4.50362E+00,occupants
105,3.10064E+08,structural
106,4.77128E+00,occupants
106,2.63643E+08,structural
107,4.24298E+00,occupants
107,3.70169E+08,structural
108,1.38993E+00,occupants
108,9.42965E+07,structural
109,1.51366E+00,occupants
109,1.40449E+08,structural
110,1.26985E+00,occupants
110,1.23312E+08,structural
111,2.41880E-01,occupants
111,4.35395E+07,structural
112,2.71283E-01,occupants
112,2.84942E+07,structural
113,2.13842E-01,occupants
113,2.71131E+07,structural
114,1.05257E+01,occupants
114,5.50049E+08,structural
115,1.09311E+01,occupants
115,6.40643E+08,structural
116,1.01367E+01,occupants
116,4.80953E+08,structural
117,2.14804E+01,occupants
117,1.01231E+09,structural
118,2.18404E+01,occupants
118,8.26920E+08,structural
119,2.12066E+01,occupants
119,8.94646E+08,structural
120,1.23764E+00,occupants
120,5.65245E+07,structural
121,1.32133E+00,occupants
121,7.69298E+07,structural
122,1.16215E+00,occupants
122,5.44422E+07,structural
123,3.48369E-01,occupants
123,1.17481E+07,structural
124,3.77490E-01,occupants
124,1.77013E+07,structural
125,3.21490E-01,occupants
125,8.95218E+06,structural
126,5.87712E-02,occupants
126,5.31321E+06,structural
127,6.55831E-02,occupants
127,6.34353E+06,structural
128,5.26531E-02,occupants
128,3.42450E+06,structural
129,3.61393E+00,occupants
129,2.24228E+08,structural
130,3.80161E+00,occupants
130,1.80916E+08,structural
131,3.44079E+00,occupants
131,2.34374E+08,structural
132,1.01935E+01,occupants
132,4.39732E+08,structural
133,1.05359E+01,occupants
133,5.47427E+08,structural
134,9.93143E+00,occupants
134,3.15796E+08,structural
135,2.31575E+00,occupants
135,7.88717E+07,structural
136,2.40581E+00,occupants
136,8.85554E+07,structural
137,2.22907E+00,occupants
137,1.55327E+08,structural
138,1.00039E+00,occupants
138,4.63176E+07,structural
139,1.05326E+00,occupants
139,1.05162E+08,structural
140,9.51385E-01,occupants
140,6.65964E+07,structural
141,3.00496E-01,occupants
141,1.49687E+07,structural
142,3.20147E-01,occupants
142,2.61402E+07,structural
143,2.81781E-01,occupants
143,1.31988E+07,structural
144,4.50147E+00,occupants
144,2.70891E+08,structural
145,4.64064E+00,occupants
145,2.70683E+08,structural
146,4.37074E+00,occupants
146,2.51787E+08,structural
147,8.87967E+00,occupants
147,4.43430E+08,structural
148,9.10308E+00,occupants
148,4.65351E+08,structural
149,8.67293E+00,occupants
149,5.12546E+08,structural
150,1.74031E+00,occupants
150,1.20517E+08,structural
151,1.81682E+00,occupants
151,7.87128E+07,structural
152,1.66740E+00,occupants
152,1.66072E+08,structural
153,6.69365E-01,occupants
153,3.03741E+07,structural
154,7.09304E-01,occupants
154,3.87299E+07,structural
155,6.32584E-01,occupants
155,7.35006E+07,structural
156,1.73342E-01,occupants
156,8.56658E+06,structural
157,1.86397E-01,occupants
157,1.68839E+07,structural
158,1.61294E-01,occupants
158,2.32631E+07,structural
159,3.82909E+00,occupants
159,9.70585E+07,structural
160,3.95688E+00,occupants
160,1.04047E+08,structural
161,3.70654E+00,occupants
161,1.91032E+08,structural
162,7.71997E+00,occupants
162,2.53035E+08,structural
163,7.86039E+00,occupants
163,3.06297E+08,structural
164,7.59161E+00,occupants
164,1.96428E+08,structural
165,1.75946E+00,occupants
165,1.36046E+08,structural
166,1.89359E+00,occupants
166,1.61335E+08,structural
167,1.62959E+00,occupants
167,1.52189E+08,structural
168,3.61898E-01,occupants
168,5.88437E+07,structural
169,4.02359E-01,occupants
169,5.86211E+07,structural
170,3.22701E-01,occupants
170,4.63996E+07,structural
171,4.05107E-02,occupants
171,1.43796E+07,structural
172,4.62646E-02,occupants
172,1.68741E+07,structural
173,3.50015E-02,occupants
173,1.01298E+07,structural
174,6.11244E+00,occupants
174,5.91332E+08,structural
175,6.45511E+00,occupants
175,5.13318E+08,structural
176,5.78277E+00,occupants
176,4.01853E+08,structural
177,1.75839E+01,occupants
177,1.02769E+09,structural
178,1.81680E+01,occupants
178,1.11664E+09,structural
179,1.70455E+01,occupants
179,1.18162E+09,structural
180,2.15446E+00,occupants
180,1.16685E+08,structural
181,2.28130E+00,occupants
181,1.61381E+08,structural
182,2.03049E+00,occupants
182,1.53907E+08,structural
183,7.10608E-01,occupants
183,8.35646E+07,structural
184,7.69018E-01,occupants
184,3.19428E+07,structural
185,6.59298E-01,occupants
185,4.75687E+07,structural
186,1.44360E-01,occupants
186,1.17332E+07,structural
187,1.60108E-01,occupants
187,7.87921E+06,structural
188,1.29109E-01,occupants
188,1.41151E+07,structural
189,5.32497E+00,occupants
189,3.18471E+08,structural
190,5.55549E+00,occupants
190,3.10180E+08,structural
191,5.11052E+00,occupants
191,3.32577E+08,structural
192,1.37986E+01,occupants
192,6.75600E+08,structural
193,1.41001E+01,occupants
193,6.83676E+08,structural
194,1.35637E+01,occupants
194,7.34079E+08,structural
195,2.24776E+00,occupants
195,1.88795E+08,structural
196,2.39061E+00,occupants
196,9.99014E+07,structural
197,2.11067E+00,occupants
197,1.65940E+08,structural
198,6.75502E-01,occupants
198,4.09725E+07,structural
199,7.34662E-01,occupants
199,8.28197E+07,structural
200,6.25498E-01,occupants
200,6.77573E+07,structural
201,1.27858E-01,occupants
201,1.61639E+07,structural
202,1.42346E-01,occupants
202,8.35672E+06,structural
203,1.13924E-01,occupants
203,1.14105E+07,structural
204,6.39514E+00,occupants
204,4.58892E+08,structural
205,6.70448E+00,occupants
205,3.04132E+08,structural
206,6.11035E+00,occupants
206,4.17335E+08,structural
207,1.84337E+01,occupants
207,9.49258E+08,structural
208,1.88427E+01,occupants
208,1.20495E+09,structural
209,1.81060E+01,occupants
209,9.79671E+08,structural
210,3.51944E+00,occupants
210,1.84995E+08,structural
211,3.63445E+00,occupants
211,2.53251E+08,structural
212,3.42343E+00,occupants
212,1.85052E+08,structural
213,1.30073E+00,occupants
213,7.90694E+07,structural
214,1.37602E+00,occupants
214,1.03092E+08,structural
215,1.23127E+00,occupants
215,5.22202E+07,structural
216,3.00668E-01,occupants
216,2.05282E+07,structural
217,3.29782E-01,occupants
217,3.39298E+07,structural
218,2.76388E-01,occupants
218,1.12319E+07,structural
219,7.45909E+00,occupants
219,3.26565E+08,structural
220,7.49892E+00,occupants
220,3.22062E+08,structural
221,7.44647E+00,occupants
221,4.49804E+08,structural
222,1.46222E+01,occupants
222,5.65115E+08,structural
223,1.43436E+01,occupants
223,6.33268E+08,structural
224,1.49956E+01,occupants
224,7.39347E+08,structural
225,1.50935E+00,occupants
225,1.09951E+08,structural
226,1.60865E+00,occupants
226,9.88878E+07,structural
227,1.41696E+00,occupants
227,1.01648E+08,structural
228,2.87150E-01,occupants
228,2.20836E+07,structural
229,3.14766E-01,occupants
229,2.83823E+07,structural
230,2.61838E-01,occupants
230,2.73468E+07,structural
231,2.63910E-02,occupants
231,2.35928E+07,structural
232,3.01046E-02,occupants
232,6.03847E+06,structural
233,2.30347E-02,occupants
233,6.85217E+06,structural
234,5.47479E+00,occupants
234,3.60770E+08,structural
235,5.71083E+00,occupants
235,2.98964E+08,structural
236,5.24726E+00,occupants
236,4.18651E+08,structural
237,1.57989E+01,occupants
237,9.65449E+08,structural
238,1.61777E+01,occupants
238,8.67374E+08,structural
239,1.54573E+01,occupants
239,8.05971E+08,structural
240,1.29031E+00,occupants
240,3.86365E+07,structural
241,1.35652E+00,occupants
241,4.27232E+07,structural
242,1.23202E+00,occupants
242,9.34330E+07,structural
243,4.57860E-01,occupants
243,1.27563E+07,structural
244,4.86296E-01,occupants
244,2.59306E+07,structural
245,4.31451E-01,occupants
245,1.62681E+07,structural
246,1.27765E-01,occupants
246,2.97531E+06,structural
247,1.37400E-01,occupants
247,7.92862E+06,structural
248,1.18515E-01,occupants
248,3.68794E+06,structural
249,3.39962E+00,occupants
249,1.66626E+08,structural
250,3.54124E+00,occupants
250,1.89364E+08,structural
251,3.28891E+00,occupants
251,2.30652E+08,structural
252,9.99491E+00,occupants
252,5.71447E+08,structural
253,1.02278E+01,occupants
253,4.21250E+08,structural
254,9.91764E+00,occupants
254,5.46046E+08,structural
255,2.42774E+00,occupants
255,1.71607E+08,structural
256,2.54356E+00,occupants
256,2.36101E+08,structural
257,2.31763E+00,occupants
257,1.35262E+08,structural
258,7.12915E-01,occupants
258,5.25773E+07,structural
259,7.68223E-01,occupants
259,2.89246E+07,structural
260,6.63179E-01,occupants
260,1.05464E+08,structural
261,1.31659E-01,occupants
261,1.24066E+07,structural
262,1.45584E-01,occupants
262,1.30266E+07,structural
263,1.18204E-01,occupants
263,1.08321E+07,structural
264,6.29867E+00,occupants
264,2.83834E+08,structural
265,6.48155E+00,occupants
265,2.52143E+08,structural
266,6.13960E+00,occupants
266,3.18195E+08,structural
267,1.43206E+01,occupants
267,6.68276E+08,structural
268,1.45456E+01,occupants
268,6.05526E+08,structural
269,1.41525E+01,occupants
269,6.40852E+08,structural
270,3.45915E-01,occupants
270,1.66384E+07,structural
271,3.70559E-01,occupants
271,2.85732E+07,structural
272,3.23662E-01,occupants
272,1.62604E+07,structural
273,1.04102E-01,occupants
273,1.06704E+07,structural
274,1.13302E-01,occupants
274,1.00539E+07,structural
275,9.55558E-02,occupants
275,3.59488E+06,structural
276,1.91287E-02,occupants
276,8.59464E+05,structural
277,2.17078E-02,occupants
277,1.50263E+06,structural
278,1.71033E-02,occupants
278,1.70646E+06,structural
279,1.04518E+00,occupants
279,7.50371E+07,structural
280,1.11257E+00,occupants
280,5.68821E+07,structural
281,9.80210E-01,occupants
281,7.35456E+07,structural
282,3.32275E+00,occupants
282,1.97437E+08,structural
283,3.50562E+00,occupants
283,2.19283E+08,structural
284,3.16293E+00,occupants
284,2.14025E+08,structural
285,1.08946E+01,occupants
285,7.11674E+08,structural
286,1.13560E+01,occupants
286,7.75763E+08,structural
287,1.04429E+01,occupants
287,6.14215E+08,structural
288,4.42540E+00,occupants
288,2.82021E+08,structural
289,4.69805E+00,occupants
289,3.50149E+08,structural
290,4.15928E+00,occupants
290,3.87853E+08,structural
291,1.13394E+00,occupants
291,1.42949E+08,structural
292,1.23568E+00,occupants
292,7.07810E+07,structural
293,1.03426E+00,occupants
293,8.05921E+07,structural
294,2.09108E+01,occupants
294,1.14350E+09,structural
295,2.14595E+01,occupants
295,1.25904E+09,structural
296,2.03842E+01,occupants
296,1.21506E+09,structural
297,3.39424E+01,occupants
297,1.75905E+09,structural
298,3.42881E+01,occupants
298,1.70553E+09,structural
299,3.36858E+01,occupants
299,1.79355E+09,structural
300,2.38857E+00,occupants
300,8.44565E+07,structural
301,2.47142E+00,occupants
301,7.22243E+07,structural
302,2.32869E+00,occupants
302,1.29655E+08,structural
303,1.02984E+00,occupants
303,2.51609E+07,structural
304,1.08227E+00,occupants
304,2.33245E+07,structural
305,9.80912E-01,occupants
305,3.27253E+07,structural
306,2.88162E-01,occupants
306,6.35323E+06,structural
307,3.12081E-01,occupants
307,8.99908E+06,structural
308,2.65164E-01,occupants
308,5.23443E+06,structural
309,5.49526E+00,occupants
309,4.45598E+08,structural
310,5.61556E+00,occupants
310,3.08024E+08,structural
311,5.49555E+00,occupants
311,3.26189E+08,structural
312,1.45761E+01,occupants
312,8.49109E+08,structural
313,1.45626E+01,occupants
313,9.27466E+08,structural
314,1.48753E+01,occupants
314,9.58430E+08,structural
315,2.27999E+00,occupants
315,1.07246E+08,structural
316,2.40764E+00,occupants
316,4.29590E+07,structural
317,2.15672E+00,occupants
317,1.56115E+08,structural
318,7.20920E-01,occupants
318,2.54804E+07,structural
319,7.76345E-01,occupants
319,5.10082E+07,structural
320,6.67105E-01,occupants
320,6.10194E+07,structural
321,1.22674E-01,occupants
321,1.91990E+07,structural
322,1.37645E-01,occupants
322,7.61641E+06,structural
323,1.11205E-01,occupants
323,4.19916E+06,structural
324,5.21653E+00,occupants
324,3.19468E+08,structural
325,5.40881E+00,occupants
325,2.54252E+08,structural
326,5.02961E+00,occupants
326,2.21818E+08,structural
327,1.13300E+01,occupants
327,6.27065E+08,structural
328,1.16290E+01,occupants
328,6.28464E+08,structural
329,1.10638E+01,occupants
329,6.10133E+08,structural
330,1.06188E+00,occupants
330,9.42044E+07,structural
331,1.12924E+00,occupants
331,1.44184E+08,structural
332,1.00236E+00,occupants
332,7.52209E+07,structural
333,1.90463E-01,occupants
333,2.31454E+07,structural
334,2.12294E-01,occupants
334,2.14381E+07,structural
335,1.72513E-01,occupants
335,2.19367E+07,structural
336,2.28832E-02,occupants
336,7.79125E+06,structural
337,2.61818E-02,occupants
337,5.85198E+06,structural
338,1.97924E-02,occupants
338,4.33425E+06,structural
339,4.72778E+00,occupants
339,2.49207E+08,structural
340,4.85332E+00,occupants
340,3.84876E+08,structural
341,4.64819E+00,occupants
341,3.22686E+08,structural
342,1.71444E+01,occupants
342,6.91095E+08,structural
343,1.71778E+01,occupants
343,5.72522E+08,structural
344,1.72757E+01,occupants
344,6.79995E+08,structural
345,1.65636E+00,occupants
345,1.62843E+08,structural
346,1.75283E+00,occupants
346,7.80689E+07,structural
347,1.56933E+00,occupants
347,1.08843E+08,structural
348,3.86544E-01,occupants
348,3.27595E+07,structural
349,4.19306E-01,occupants
349,6.95591E+07,structural
350,3.59413E-01,occupants
350,3.99387E+07,structural
351,6.38258E-02,occupants
351,1.02702E+07,structural
352,7.14842E-02,occupants
352,8.84026E+06,structural
353,5.75239E-02,occupants
353,7.23191E+06,structural
354,5.68691E+00,occupants
354,3.00078E+08,structural
355,5.89685E+00,occupants
355,3.34658E+08,structural
356,5.52147E+00,occupants
356,3.39359E+08,structural
357,1.63189E+01,occupants
357,8.56437E+08,structural
358,1.65804E+01,occupants
358,7.15044E+08,structural
359,1.61677E+01,occupants
359,7.89022E+08,structural
360,7.50004E-01,occupants
360,5.56557E+07,structural
361,7.92403E-01,occupants
361,4.65914E+07,structural
362,7.10889E-01,occupants
362,4.75699E+07,structural
363,2.81573E-01,occupants
363,1.62058E+07,structural
364,2.97226E-01,occupants
364,1.30920E+07,structural
365,2.67170E-01,occupants
365,2.02856E+07,structural
366,9.49875E-02,occupants
366,5.86889E+06,structural
367,1.02983E-01,occupants
367,3.87353E+06,structural
368,8.75028E-02,occupants
368,4.10571E+06,structural
369,2.68351E+00,occupants
369,1.19870E+08,structural
370,2.84703E+00,occupants
370,1.52682E+08,structural
371,2.53525E+00,occupants
371,1.85936E+08,structural
372,1.02599E+01,occupants
372,4.40984E+08,structural
373,1.06564E+01,occupants
373,5.92981E+08,structural
374,9.90135E+00,occupants
374,4.72473E+08,structural
375,1.70869E-01,occupants
375,7.96830E+06,structural
376,1.83083E-01,occupants
376,6.35688E+06,structural
377,1.59400E-01,occupants
377,1.13553E+07,structural
378,5.46535E-02,occupants
378,9.02430E+06,structural
379,5.97578E-02,occupants
379,3.25017E+06,structural
380,4.98023E-02,occupants
380,5.92986E+06,structural
381,9.88633E-03,occupants
381,3.16503E+05,structural
382,1.12143E-02,occupants
382,2.12730E+06,structural
383,8.71925E-03,occupants
383,1.71166E+06,structural
384,4.40995E-01,occupants
384,3.64182E+07,structural
385,4.64156E-01,occupants
385,2.66429E+07,structural
386,4.19194E-01,occupants
386,2.80905E+07,structural
387,1.31480E+00,occupants
387,1.14312E+08,structural
388,1.36876E+00,occupants
388,7.38088E+07,structural
389,1.26695E+00,occupants
389,1.18106E+08,structural
390,2.43310E+00,occupants
390,1.25179E+08,structural
391,2.54912E+00,occupants
391,2.28160E+08,structural
392,2.32537E+00,occupants
392,1.76647E+08,structural
393,8.66278E-01,occupants
393,1.42765E+08,structural
394,9.15141E-01,occupants
394,2.62719E+07,structural
395,8.18598E-01,occupants
395,5.78563E+07,structural
396,2.35302E-01,occupants
396,2.78309E+07,structural
397,2.53034E-01,occupants
397,7.81808E+07,structural
398,2.19423E-01,occupants
398,9.62141E+06,structural
399,6.13279E+00,occupants
399,2.19770E+08,structural
400,6.36237E+00,occupants
400,3.45877E+08,structural
401,5.90530E+00,occupants
401,3.53919E+08,structural
402,1.49688E+01,occupants
402,8.04967E+08,structural
403,1.54108E+01,occupants
403,7.60424E+08,structural
404,1.45467E+01,occupants
404,8.78543E+08,structural
405,4.93548E+00,occupants
405,3.32237E+08,structural
406,5.21004E+00,occupants
406,3.98972E+08,structural
407,4.66657E+00,occupants
407,2.96781E+08,structural
408,1.65698E+00,occupants
408,1.28311E+08,structural
409,1.78761E+00,occupants
409,1.85928E+08,structural
410,1.53820E+00,occupants
410,1.97770E+08,structural
411,3.26158E-01,occupants
411,3.70048E+07,structural
412,3.63081E-01,occupants
412,4.70925E+07,structural
413,2.97007E-01,occupants
413,3.95519E+07,structural
414,1.04303E+01,occupants
414,6.45262E+08,structural
415,1.07925E+01,occupants
415,5.61247E+08,structural
416,1.00543E+01,occupants
416,4.32920E+08,structural
417,1.77269E+01,occupants
417,7.54670E+08,structural
418,1.80860E+01,occupants
418,8.57043E+08,structural
419,1.73643E+01,occupants
419,8.59436E+08,structural
420,7.53616E+00,occupants
420,3.92510E+08,structural
421,7.88082E+00,occupants
421,5.03908E+08,structural
422,7.21220E+00,occupants
422,3.56568E+08,structural
423,2.86299E+00,occupants
423,1.88168E+08,structural
424,3.06554E+00,occupants
424,2.02218E+08,structural
425,2.66684E+00,occupants
425,1.23626E+08,structural
426,6.15694E-01,occupants
426,1.10818E+08,structural
427,6.78618E-01,occupants
427,7.29885E+07,structural
428,5.55087E-01,occupants
428,1.36419E+08,structural
429,1.43103E+01,occupants
429,6.69095E+08,structural
430,1.46639E+01,occupants
430,5.77513E+08,structural
431,1.40212E+01,occupants
431,8.18151E+08,structural
432,2.27993E+01,occupants
432,1.08573E+09,structural
433,2.28939E+01,occupants
433,1.00131E+09,structural
434,2.28980E+01,occupants
434,1.10622E+09,structural
435,1.57934E+00,occupants
435,1.63257E+08,structural
436,1.71963E+00,occupants
436,1.77217E+08,structural
437,1.45801E+00,occupants
437,1.84111E+08,structural
438,2.98496E-01,occupants
438,4.30098E+07,structural
439,3.29474E-01,occupants
439,4.92654E+07,structural
440,2.69012E-01,occupants
440,4.78066E+07,structural
441,3.20405E-02,occupants
441,2.53528E+07,structural
442,3.58758E-02,occupants
442,9.31969E+06,structural
443,2.83314E-02,occupants
443,9.77937E+06,structural
444,5.94670E+00,occupants
444,4.48005E+08,structural
445,6.30454E+00,occupants
445,4.44504E+08,structural
446,5.60134E+00,occupants
446,4.77060E+08,structural
447,1.70487E+01,occupants
447,8.82479E+08,structural
448,1.76631E+01,occupants
448,9.15372E+08,structural
449,1.64628E+01,occupants
449,9.49590E+08,structural
450,1.78584E+00,occupants
450,1.89054E+08,structural
451,1.92918E+00,occupants
451,9.98708E+07,structural
452,1.65591E+00,occupants
452,1.89481E+08,structural
453,4.24900E-01,occupants
453,1.15301E+08,structural
454,4.65084E-01,occupants
454,4.94156E+07,structural
455,3.88538E-01,occupants
455,4.12692E+07,structural
456,6.62579E-02,occupants
456,1.07942E+07,structural
457,7.33275E-02,occupants
457,7.98016E+06,structural
458,5.99166E-02,occupants
458,9.31066E+06,structural
459,5.95733E+00,occupants
459,3.32251E+08,structural
460,6.31593E+00,occupants
460,3.26896E+08,structural
461,5.61246E+00,occupants
461,3.63437E+08,structural
462,1.67340E+01,occupants
462,9.12109E+08,structural
463,1.73732E+01,occupants
463,8.03893E+08,structural
464,1.61540E+01,occupants
464,8.31593E+08,structural
465,2.56916E+00,occupants
465,1.43926E+08,structural
466,2.71906E+00,occupants
466,1.55306E+08,structural
467,2.42597E+00,occupants
467,1.16832E+08,structural
468,6.72689E-01,occupants
468,5.49085E+07,structural
469,7.27468E-01,occupants
469,3.66914E+07,structural
470,6.19038E-01,occupants
470,1.11452E+08,structural
471,1.05670E-01,occupants
471,2.02789E+07,structural
472,1.16473E-01,occupants
472,4.50354E+07,structural
473,9.50883E-02,occupants
473,9.28132E+06,structural
474,7.31523E+00,occupants
474,3.24340E+08,structural
475,7.58331E+00,occupants
475,3.93101E+08,structural
476,7.08104E+00,occupants
476,3.61250E+08,structural
477,1.88637E+01,occupants
477,9.72438E+08,structural
478,1.89384E+01,occupants
478,8.24345E+08,structural
479,1.89064E+01,occupants
479,9.24283E+08,structural
480,1.29407E+00,occupants
480,6.42641E+07,structural
481,1.35967E+00,occupants
481,7.88971E+07,structural
482,1.23315E+00,occupants
482,1.47886E+08,structural
483,5.87603E-01,occupants
483,2.38741E+07,structural
484,6.14263E-01,occupants
484,2.27718E+07,structural
485,5.61902E-01,occupants
485,2.59273E+07,structural
486,2.64075E-01,occupants
486,7.39530E+06,structural
487,2.77477E-01,occupants
487,1.31249E+07,structural
488,2.50868E-01,occupants
488,8.15317E+06,structural
489,3.33293E+00,occupants
489,2.61689E+08,structural
490,3.52035E+00,occupants
490,2.89050E+08,structural
491,3.15252E+00,occupants
491,1.61459E+08,structural
492,1.00316E+01,occupants
492,6.33637E+08,structural
493,1.04972E+01,occupants
493,6.56242E+08,structural
494,9.60578E+00,occupants
494,5.45734E+08,structural
495,1.33346E+00,occupants
495,4.03434E+07,structural
496,1.37649E+00,occupants
496,5.22284E+07,structural
497,1.30329E+00,occupants
497,7.11611E+07,structural
498,4.66938E-01,occupants
498,1.83566E+07,structural
499,4.92921E-01,occupants
499,1.76458E+07,structural
500,4.44402E-01,occupants
500,1.46234E+07,structural
501,1.46072E-01,occupants
501,5.01091E+06,structural
502,1.56711E-01,occupants
502,5.75168E+06,structural
503,1.35789E-01,occupants
503,5.11027E+06,structural
504,3.85352E+00,occupants
504,2.44973E+08,structural
505,3.87110E+00,occupants
505,2.56689E+08,structural
506,3.90254E+00,occupants
506,2.29778E+08,structural
507,1.21006E+01,occupants
507,7.04867E+08,structural
508,1.17824E+01,occupants
508,7.18113E+08,structural
509,1.26391E+01,occupants
509,6.91472E+08,structural
510,1.94119E+00,occupants
510,1.53767E+08,structural
511,2.09910E+00,occupants
511,1.70116E+08,structural
512,1.78965E+00,occupants
512,1.69709E+08,structural
513,4.51411E-01,occupants
513,4.33877E+07,structural
514,4.96055E-01,occupants
514,6.06782E+07,structural
515,4.07825E-01,occupants
515,4.72432E+07,structural
516,5.86166E-02,occupants
516,1.58361E+07,structural
517,6.56214E-02,occupants
517,9.63726E+06,structural
518,5.18392E-02,occupants
518,1.11170E+07,structural
519,5.95198E+00,occupants
519,3.46991E+08,structural
520,6.29337E+00,occupants
520,3.39381E+08,structural
521,5.62204E+00,occupants
521,4.77437E+08,structural
522,1.48350E+01,occupants
522,8.81094E+08,structural
523,1.53818E+01,occupants
523,8.98842E+08,structural
524,1.43136E+01,occupants
524,7.84654E+08,structural
525,4.79376E+00,occupants
525,3.37825E+08,structural
526,5.01957E+00,occupants
526,3.34422E+08,structural
527,4.60185E+00,occupants
527,2.70014E+08,structural
528,1.66507E+00,occupants
528,1.25550E+08,structural
529,1.77994E+00,occupants
529,1.53022E+08,structural
530,1.55763E+00,occupants
530,7.61784E+07,structural
531,3.72595E-01,occupants
531,2.96698E+07,structural
532,4.07435E-01,occupants
532,4.28657E+07,structural
533,3.39374E-01,occupants
533,5.67640E+07,structural
534,1.12176E+01,occupants
534,6.18042E+08,structural
535,1.14180E+01,occupants
535,6.65349E+08,structural
536,1.11367E+01,occupants
536,5.42294E+08,structural
537,2.50504E+01,occupants
537,1.08600E+09,structural
538,2.47353E+01,occupants
538,1.21290E+09,structural
539,2.56101E+01,occupants
539,1.15241E+09,structural
540,2.40606E+00,occupants
540,1.90995E+08,structural
541,2.47022E+00,occupants
541,7.92642E+07,structural
542,2.34755E+00,occupants
542,9.81564E+07,structural
543,1.14594E+00,occupants
543,4.40237E+07,structural
544,1.19041E+00,occupants
544,1.12446E+08,structural
545,1.10262E+00,occupants
545,1.10238E+08,structural
546,4.29203E-01,occupants
546,6.36412E+07,structural
547,4.53057E-01,occupants
547,6.50723E+07,structural
548,4.05864E-01,occupants
548,9.20662E+06,structural
549,4.61488E+00,occupants
549,2.14934E+08,structural
550,4.68877E+00,occupants
550,2.87918E+08,structural
551,4.55153E+00,occupants
551,2.40085E+08,structural
552,9.20080E+00,occupants
552,5.05039E+08,structural
553,9.31228E+00,occupants
553,5.71824E+08,structural
554,9.12001E+00,occupants
554,5.71078E+08,structural
555,4.45506E-01,occupants
555,3.99586E+07,structural
556,4.83594E-01,occupants
556,4.21972E+07,structural
557,4.10210E-01,occupants
557,5.23116E+07,structural
558,8.57959E-02,occupants
558,1.26596E+07,structural
559,9.49537E-02,occupants
559,1.24270E+07,structural
560,7.71040E-02,occupants
560,9.85076E+06,structural
561,9.39070E-03,occupants
561,1.97519E+06,structural
562,1.05643E-02,occupants
562,2.03740E+06,structural
563,8.40726E-03,occupants
563,8.06786E+06,structural
564,1.71584E+00,occupants
564,1.40067E+08,structural
565,1.83815E+00,occupants
565,1.03488E+08,structural
566,1.60717E+00,occupants
566,1.01093E+08,structural
567,5.77231E+00,occupants
567,2.30113E+08,structural
568,6.07575E+00,occupants
568,3.35403E+08,structural
569,5.48906E+00,occupants
569,3.85576E+08,structural
570,1.05037E+00,occupants
570,1.10881E+08,structural
571,1.14752E+00,occupants
571,8.05631E+07,structural
572,9.57442E-01,occupants
572,8.70853E+07,structural
573,1.74203E-01,occupants
573,3.58546E+07,structural
574,1.94035E-01,occupants
574,3.72349E+07,structural
575,1.55996E-01,occupants
575,2.50696E+07,structural
576,1.84101E-02,occupants
576,8.10312E+06,structural
577,2.10417E-02,occupants
577,4.65769E+06,structural
578,1.61717E-02,occupants
578,7.93217E+06,structural
579,4.37858E+00,occupants
579,2.29430E+08,structural
580,4.63988E+00,occupants
580,2.99483E+08,structural
581,4.14355E+00,occupants
581,2.44348E+08,structural
582,1.35999E+01,occupants
582,7.12892E+08,structural
583,1.39609E+01,occupants
583,6.51267E+08,structural
584,1.32813E+01,occupants
584,8.06662E+08,structural
585,1.80136E+00,occupants
585,2.02750E+08,structural
586,1.91853E+00,occupants
586,9.17459E+07,structural
587,1.68727E+00,occupants
587,1.02336E+08,structural
588,5.29506E-01,occupants
588,4.15140E+07,structural
589,5.73701E-01,occupants
589,8.60248E+07,structural
590,4.89236E-01,occupants
590,3.39529E+07,structural
591,1.01192E-01,occupants
591,1.97470E+07,structural
592,1.11568E-01,occupants
592,1.89827E+07,structural
593,9.12511E-02,occupants
593,2.04627E+07,structural
594,4.99195E+00,occupants
594,3.59126E+08,structural
595,5.24870E+00,occupants
595,3.10093E+08,structural
596,4.75550E+00,occupants
596,3.08439E+08,structural
597,1.27863E+01,occupants
597,8.16107E+08,structural
598,1.31786E+01,occupants
598,8.20057E+08,structural
599,1.24346E+01,occupants
599,6.52260E+08,structural
600,6.93532E+00,occupants
600,5.12225E+08,structural
601,7.21004E+00,occupants
601,6.18644E+08,structural
602,6.66820E+00,occupants
602,3.34052E+08,structural
603,2.20364E+00,occupants
603,1.82370E+08,structural
604,2.34018E+00,occupants
604,2.57837E+08,structural
605,2.07061E+00,occupants
605,2.26537E+08,structural
606,3.19234E-01,occupants
606,3.72311E+07,structural
607,3.53226E-01,occupants
607,1.02112E+08,structural
608,2.92767E-01,occupants
608,2.93609E+07,structural
609,1.37339E+01,occupants
609,8.89854E+08,structural
610,1.40135E+01,occupants
610,8.55855E+08,structural
611,1.34395E+01,occupants
611,8.52126E+08,structural
612,2.16463E+01,occupants
612,1.29397E+09,structural
613,2.18680E+01,occupants
613,1.21020E+09,structural
614,2.14524E+01,occupants
614,1.34406E+09,structural
615,6.27127E-01,occupants
615,2.48228E+07,structural
616,6.66373E-01,occupants
616,9.30687E+07,structural
617,5.88942E-01,occupants
617,2.53472E+07,structural
618,1.91206E-01,occupants
618,2.70378E+07,structural
619,2.04986E-01,occupants
619,1.91347E+07,structural
620,1.78105E-01,occupants
620,1.97515E+07,structural
621,4.51424E-02,occupants
621,7.66424E+06,structural
622,4.96164E-02,occupants
622,2.35861E+06,structural
623,4.11022E-02,occupants
623,3.24970E+06,structural
624,2.06824E+00,occupants
624,1.58061E+08,structural
625,2.18379E+00,occupants
625,7.04719E+07,structural
626,1.96051E+00,occupants
626,8.47263E+07,structural
627,7.01023E+00,occupants
627,2.39081E+08,structural
628,7.27289E+00,occupants
628,4.78005E+08,structural
629,6.76156E+00,occupants
629,3.87137E+08,structural
630,1.10227E-01,occupants
630,1.35883E+07,structural
631,1.05080E-01,occupants
631,3.93042E+07,structural
632,1.34208E-01,occupants
632,1.48242E+07,structural
633,1.48514E-02,occupants
633,1.74042E+06,structural
634,1.53384E-02,occupants
634,9.33117E+06,structural
635,1.72330E-02,occupants
635,2.99649E+06,structural
636,1.09250E-03,occupants
636,6.07298E+05,structural
637,1.20702E-03,occupants
637,1.16325E+06,structural
638,1.17842E-03,occupants
638,1.19774E+06,structural
639,6.33085E-01,occupants
639,2.79911E+07,structural
640,5.77538E-01,occupants
640,5.15942E+07,structural
641,7.73992E-01,occupants
641,1.09123E+08,structural
642,3.19967E+00,occupants
642,1.58164E+08,structural
643,2.88825E+00,occupants
643,1.99302E+08,structural
644,3.72446E+00,occupants
644,1.67165E+08,structural
645,2.39359E+00,occupants
645,2.28728E+08,structural
646,2.56831E+00,occupants
646,2.73644E+08,structural
647,2.22658E+00,occupants
647,2.15199E+08,structural
648,6.06775E-01,occupants
648,3.41331E+07,structural
649,6.62708E-01,occupants
649,4.42397E+07,structural
650,5.57199E-01,occupants
650,4.42460E+07,structural
651,1.01588E-01,occupants
651,1.40253E+07,structural
652,1.14019E-01,occupants
652,1.15440E+07,structural
653,9.14415E-02,occupants
653,1.68254E+07,structural
654,7.03321E+00,occupants
654,3.84514E+08,structural
655,7.40296E+00,occupants
655,3.42865E+08,structural
656,6.68059E+00,occupants
656,3.94178E+08,structural
657,1.73172E+01,occupants
657,7.67478E+08,structural
658,1.79230E+01,occupants
658,8.30241E+08,structural
659,1.67268E+01,occupants
659,8.60977E+08,structural
660,1.30768E+01,occupants
660,7.37631E+08,structural
661,1.35432E+01,occupants
661,8.27942E+08,structural
662,1.26333E+01,occupants
662,7.74287E+08,structural
663,5.63231E+00,occupants
663,4.02543E+08,structural
664,5.94689E+00,occupants
664,3.01058E+08,structural
665,5.33241E+00,occupants
665,4.15089E+08,structural
666,1.51909E+00,occupants
666,1.07023E+08,structural
667,1.64298E+00,occupants
667,1.13761E+08,structural
668,1.40051E+00,occupants
668,1.44030E+08,structural
669,2.44750E+01,occupants
669,1.30196E+09,structural
670,2.49994E+01,occupants
670,1.28835E+09,structural
671,2.40062E+01,occupants
671,1.19406E+09,structural
672,4.13772E+01,occupants
672,1.98432E+09,structural
673,4.15123E+01,occupants
673,1.82802E+09,structural
674,4.14823E+01,occupants
674,1.93407E+09,structural
675,1.30636E+00,occupants
675,3.61941E+07,structural
676,1.35417E+00,occupants
676,4.03865E+07,structural
677,1.28061E+00,occupants
677,3.21333E+07,structural
678,5.26555E-01,occupants
678,1.41071E+07,structural
679,5.53037E-01,occupants
679,1.94077E+07,structural
680,5.06451E-01,occupants
680,1.54435E+07,structural
681,2.06616E-01,occupants
681,3.04384E+06,structural
682,2.18915E-01,occupants
682,1.09807E+07,structural
683,1.95088E-01,occupants
683,3.59979E+06,structural
684,3.32097E+00,occupants
684,1.14924E+08,structural
685,3.37340E+00,occupants
685,1.02803E+08,structural
686,3.34786E+00,occupants
686,1.48710E+08,structural
687,8.68381E+00,occupants
687,3.44504E+08,structural
688,8.61841E+00,occupants
688,3.23527E+08,structural
689,8.89202E+00,occupants
689,3.15406E+08,structural
690,9.07391E-01,occupants
690,1.04147E+08,structural
691,9.69832E-01,occupants
691,5.61714E+07,structural
692,8.55556E-01,occupants
692,1.06932E+08,structural
693,1.39653E-01,occupants
693,2.25207E+07,structural
694,1.51458E-01,occupants
694,2.84694E+07,structural
695,1.29077E-01,occupants
695,2.09914E+07,structural
696,1.60118E-02,occupants
696,6.20347E+06,structural
697,1.73949E-02,occupants
697,5.11999E+06,structural
698,1.47289E-02,occupants
698,1.51647E+06,structural
699,4.55971E+00,occupants
699,3.71027E+08,structural
700,4.70444E+00,occupants
700,2.03011E+08,structural
701,4.43078E+00,occupants
701,2.53832E+08,structural
702,1.64530E+01,occupants
702,6.92712E+08,structural
703,1.65378E+01,occupants
703,7.34495E+08,structural
704,1.64025E+01,occupants
704,7.67829E+08,structural
705,1.12872E+00,occupants
705,3.06885E+07,structural
706,1.18495E+00,occupants
706,3.97908E+07,structural
707,1.07537E+00,occupants
707,2.74287E+07,structural
708,4.21446E-01,occupants
708,1.13579E+07,structural
709,4.44681E-01,occupants
709,6.00852E+06,structural
710,3.99264E-01,occupants
710,1.08957E+07,structural
711,1.71612E-01,occupants
711,3.37537E+06,structural
712,1.79725E-01,occupants
712,5.31336E+06,structural
713,1.63606E-01,occupants
713,1.01772E+07,structural
714,2.77485E+00,occupants
714,1.29039E+08,structural
715,2.87594E+00,occupants
715,8.88027E+07,structural
716,2.69067E+00,occupants
716,8.75520E+07,structural
717,6.32877E+00,occupants
717,2.54220E+08,structural
718,6.40858E+00,occupants
718,2.09776E+08,structural
719,6.30567E+00,occupants
719,2.13391E+08,structural
720,6.35185E-01,occupants
720,4.03550E+07,structural
721,6.55635E-01,occupants
721,6.23485E+07,structural
722,6.17095E-01,occupants
722,7.88202E+07,structural
723,2.55816E-01,occupants
723,1.31130E+07,structural
724,2.65351E-01,occupants
724,3.18567E+07,structural
725,2.46626E-01,occupants
725,2.07646E+07,structural
726,1.06646E-01,occupants
726,1.65201E+07,structural
727,1.12754E-01,occupants
727,3.36908E+06,structural
728,1.00712E-01,occupants
728,8.73177E+06,structural
729,1.87740E+00,occupants
729,9.50266E+07,structural
730,1.93554E+00,occupants
730,1.33592E+08,structural
731,1.82412E+00,occupants
731,2.02428E+08,structural
732,5.74750E+00,occupants
732,3.10064E+08,structural
733,5.87921E+00,occupants
733,3.61821E+08,structural
734,5.62829E+00,occupants
734,4.13753E+08,structural
735,2.30756E+00,occupants
735,2.12754E+08,structural
736,2.47116E+00,occupants
736,2.06725E+08,structural
737,2.14838E+00,occupants
737,1.63768E+08,structural
738,4.79784E-01,occupants
738,9.31218E+07,structural
739,5.24078E-01,occupants
739,4.67164E+07,structural
740,4.41013E-01,occupants
740,5.41686E+07,structural
741,7.68634E-02,occupants
741,1.99702E+07,structural
742,8.48519E-02,occupants
742,6.06105E+06,structural
743,6.93395E-02,occupants
743,8.23434E+06,structural
744,8.40950E+00,occupants
744,5.96252E+08,structural
745,8.79136E+00,occupants
745,4.88761E+08,structural
746,8.04587E+00,occupants
746,4.71934E+08,structural
747,2.24412E+01,occupants
747,1.05751E+09,structural
748,2.26805E+01,occupants
748,1.16674E+09,structural
749,2.22855E+01,occupants
749,1.04270E+09,structural
750,1.29565E+00,occupants
750,1.13373E+08,structural
751,1.40571E+00,occupants
751,1.30508E+08,structural
752,1.19281E+00,occupants
752,8.41667E+07,structural
753,3.38116E-01,occupants
753,3.22394E+07,structural
754,3.66772E-01,occupants
754,3.58096E+07,structural
755,3.11504E-01,occupants
755,3.58123E+07,structural
756,7.70853E-02,occupants
756,1.08432E+07,structural
757,8.45295E-02,occupants
757,7.56880E+06,structural
758,7.03138E-02,occupants
758,6.65284E+06,structural
759,4.26884E+00,occupants
759,3.39508E+08,structural
760,4.52855E+00,occupants
760,3.24414E+08,structural
761,4.01606E+00,occupants
761,2.34350E+08,structural
762,1.13140E+01,occupants
762,7.02582E+08,structural
763,1.17364E+01,occupants
763,5.60522E+08,structural
764,1.09078E+01,occupants
764,7.02046E+08,structural
765,7.39953E+00,occupants
765,4.80399E+08,structural
766,7.74737E+00,occupants
766,5.39132E+08,structural
767,7.06831E+00,occupants
767,5.74141E+08,structural
768,2.09063E+00,occupants
768,1.62856E+08,structural
769,2.23983E+00,occupants
769,1.80673E+08,structural
770,1.94579E+00,occupants
770,1.54254E+08,structural
771,4.96524E-01,occupants
771,5.25914E+07,structural
772,5.31752E-01,occupants
772,7.61249E+07,structural
773,4.62162E-01,occupants
773,4.14568E+07,structural
774,1.90885E+01,occupants
774,1.21805E+09,structural
775,1.95067E+01,occupants
775,1.21042E+09,structural
776,1.87295E+01,occupants
776,1.14013E+09,structural
777,3.88585E+01,occupants
777,2.03096E+09,structural
778,3.86302E+01,occupants
778,1.97547E+09,structural
779,3.91805E+01,occupants
779,1.96597E+09,structural
780,5.09033E-01,occupants
780,6.19741E+07,structural
781,5.57890E-01,occupants
781,6.27949E+07,structural
782,4.62234E-01,occupants
782,5.05754E+07,structural
783,9.58150E-02,occupants
783,1.76952E+07,structural
784,1.06634E-01,occupants
784,1.95259E+07,structural
785,8.53625E-02,occupants
785,1.94269E+07,structural
786,9.64693E-03,occupants
786,3.24653E+06,structural
787,1.10733E-02,occupants
787,5.34151E+06,structural
788,8.29355E-03,occupants
788,1.15744E+07,structural
789,2.00316E+00,occupants
789,1.28011E+08,structural
790,2.15151E+00,occupants
790,1.36874E+08,structural
791,1.86640E+00,occupants
791,1.97781E+08,structural
792,6.95751E+00,occupants
792,3.98865E+08,structural
793,7.33383E+00,occupants
793,4.98435E+08,structural
794,6.60063E+00,occupants
794,5.09171E+08,structural
795,3.49051E+00,occupants
795,2.64155E+08,structural
796,3.72100E+00,occupants
796,3.11567E+08,structural
797,3.29093E+00,occupants
797,2.43247E+08,structural
798,8.30859E-01,occupants
798,1.20751E+08,structural
799,9.05598E-01,occupants
799,1.07444E+08,structural
800,7.60548E-01,occupants
800,1.32163E+08,structural
801,1.18346E-01,occupants
801,1.31344E+07,structural
802,1.31653E-01,occupants
802,2.45681E+07,structural
803,1.05856E-01,occupants
803,3.51741E+07,structural
804,1.09482E+01,occupants
804,7.63042E+08,structural
805,1.13718E+01,occupants
805,6.15257E+08,structural
806,1.05540E+01,occupants
806,6.28272E+08,structural
807,2.79627E+01,occupants
807,1.35270E+09,structural
808,2.82982E+01,occupants
808,1.42248E+09,structural
809,2.77079E+01,occupants
809,1.38412E+09,structural
810,2.14285E+01,occupants
810,8.81676E+08,structural
811,2.15345E+01,occupants
811,1.04911E+09,structural
812,2.13468E+01,occupants
812,9.83820E+08,structural
813,1.74525E+01,occupants
813,7.64489E+08,structural
814,1.76694E+01,occupants
814,8.13838E+08,structural
815,1.72419E+01,occupants
815,8.31975E+08,structural
816,1.27588E+01,occupants
816,5.84912E+08,structural
817,1.30421E+01,occupants
817,5.75591E+08,structural
818,1.24627E+01,occupants
818,6.93049E+08,structural
819,2.70440E+01,occupants
819,1.11543E+09,structural
820,2.68815E+01,occupants
820,1.05431E+09,structural
821,2.72309E+01,occupants
821,1.24450E+09,structural
822,3.79213E+01,occupants
822,1.55366E+09,structural
823,3.72458E+01,occupants
823,1.58453E+09,structural
824,3.87211E+01,occupants
824,1.82442E+09,structural
825,1.29074E+01,occupants
825,7.39174E+08,structural
826,1.32499E+01,occupants
826,6.64610E+08,structural
827,1.25807E+01,occupants
827,7.51606E+08,structural
828,7.35160E+00,occupants
828,5.11305E+08,structural
829,7.65880E+00,occupants
829,5.23248E+08,structural
830,7.04767E+00,occupants
830,5.27131E+08,structural
831,2.76831E+00,occupants
831,1.02272E+08,structural
832,2.95856E+00,occupants
832,3.06940E+08,structural
833,2.59527E+00,occupants
833,2.61342E+08,structural
834,1.97930E+01,occupants
834,9.77577E+08,structural
835,2.01575E+01,occupants
835,1.12727E+09,structural
836,1.94151E+01,occupants
836,1.09867E+09,structural
837,3.07578E+01,occupants
837,1.49972E+09,structural
838,3.11545E+01,occupants
838,1.64936E+09,structural
839,3.04208E+01,occupants
839,1.36215E+09,structural
840,7.13759E+00,occupants
840,3.80769E+08,structural
841,7.34545E+00,occupants
841,4.36225E+08,structural
842,6.93573E+00,occupants
842,4.08687E+08,structural
843,3.37338E+00,occupants
843,2.37658E+08,structural
844,3.47472E+00,occupants
844,1.56270E+08,structural
845,3.28028E+00,occupants
845,1.75767E+08,structural
846,1.23868E+00,occupants
846,1.36010E+08,structural
847,1.28308E+00,occupants
847,4.60869E+07,structural
848,1.19960E+00,occupants
848,9.44205E+07,structural
849,1.38555E+01,occupants
849,6.96912E+08,structural
850,1.42699E+01,occupants
850,7.90833E+08,structural
851,1.34766E+01,occupants
851,5.93369E+08,structural
852,2.70771E+01,occupants
852,1.34122E+09,structural
853,2.75694E+01,occupants
853,1.37479E+09,structural
854,2.67684E+01,occupants
854,1.59637E+09,structural
855,1.11438E+00,occupants
855,4.05956E+07,structural
856,1.19208E+00,occupants
856,4.99358E+07,structural
857,1.04285E+00,occupants
857,5.55008E+07,structural
858,3.59352E-01,occupants
858,1.75616E+07,structural
859,3.84532E-01,occupants
859,1.24272E+07,structural
860,3.35068E-01,occupants
860,1.51346E+07,structural
861,1.10586E-01,occupants
861,5.74040E+06,structural
862,1.18964E-01,occupants
862,3.93237E+06,structural
863,1.03263E-01,occupants
863,8.31107E+06,structural
864,3.68394E+00,occupants
864,1.29490E+08,structural
865,3.91487E+00,occupants
865,1.65243E+08,structural
866,3.47085E+00,occupants
866,1.47569E+08,structural
867,1.15986E+01,occupants
867,3.85347E+08,structural
868,1.20678E+01,occupants
868,5.41738E+08,structural
869,1.12052E+01,occupants
869,4.74649E+08,structural
870,9.79603E-01,occupants
870,6.29406E+07,structural
871,1.02996E+00,occupants
871,5.47083E+07,structural
872,9.32129E-01,occupants
872,3.29484E+07,structural
873,3.74447E-01,occupants
873,1.31040E+07,structural
874,4.00467E-01,occupants
874,3.86681E+07,structural
875,3.49851E-01,occupants
875,1.82505E+07,structural
876,9.63073E-02,occupants
876,3.41581E+06,structural
877,1.05479E-01,occupants
877,4.07063E+06,structural
878,8.75479E-02,occupants
878,6.35323E+06,structural
879,2.32697E+00,occupants
879,1.39113E+08,structural
880,2.43241E+00,occupants
880,1.68992E+08,structural
881,2.23075E+00,occupants
881,1.44979E+08,structural
882,6.28907E+00,occupants
882,3.73243E+08,structural
883,6.52660E+00,occupants
883,3.73252E+08,structural
884,6.08336E+00,occupants
884,4.42377E+08,structural
885,1.27796E+00,occupants
885,1.09384E+08,structural
886,1.34197E+00,occupants
886,9.68328E+07,structural
887,1.21645E+00,occupants
887,6.69353E+07,structural
888,3.55183E-01,occupants
888,1.57121E+07,structural
889,3.78782E-01,occupants
889,2.68460E+07,structural
890,3.33805E-01,occupants
890,2.08414E+07,structural
891,5.93631E-02,occupants
891,5.03212E+06,structural
892,6.37449E-02,occupants
892,1.98574E+07,structural
893,5.51189E-02,occupants
893,2.56323E+06,structural
894,3.39726E+00,occupants
894,2.34606E+08,structural
895,3.53539E+00,occupants
895,1.39902E+08,structural
896,3.26919E+00,occupants
896,1.39883E+08,structural
897,7.80513E+00,occupants
897,3.18540E+08,structural
898,8.02902E+00,occupants
898,2.63541E+08,structural
899,7.60758E+00,occupants
899,4.19348E+08,structural
900,7.93926E+00,occupants
900,4.86207E+08,structural
901,8.25584E+00,occupants
901,4.59578E+08,structural
902,7.62500E+00,occupants
902,2.97238E+08,structural
903,3.39978E+00,occupants
903,2.91412E+08,structural
904,3.61106E+00,occupants
904,2.16997E+08,structural
905,3.19368E+00,occupants
905,3.02732E+08,structural
906,8.48450E-01,occupants
906,9.37156E+07,structural
907,9.22666E-01,occupants
907,5.56038E+07,structural
908,7.75958E-01,occupants
908,9.65372E+07,structural
909,1.38027E+01,occupants
909,6.73289E+08,structural
910,1.41474E+01,occupants
910,6.81079E+08,structural
911,1.34675E+01,occupants
911,7.10780E+08,structural
912,2.06425E+01,occupants
912,1.04705E+09,structural
913,2.08990E+01,occupants
913,9.23231E+08,structural
914,2.04183E+01,occupants
914,9.42725E+08,structural
915,5.71828E+00,occupants
915,3.17570E+08,structural
916,5.99270E+00,occupants
916,3.34368E+08,structural
917,5.45317E+00,occupants
917,4.07867E+08,structural
918,2.34604E+00,occupants
918,1.66894E+08,structural
919,2.48163E+00,occupants
919,1.32461E+08,structural
920,2.21655E+00,occupants
920,8.31534E+07,structural
921,6.87190E-01,occupants
921,3.76453E+07,structural
922,7.43733E-01,occupants
922,7.05505E+07,structural
923,6.34379E-01,occupants
923,7.52096E+07,structural
924,1.29058E+01,occupants
924,9.36246E+08,structural
925,1.34142E+01,occupants
925,7.83544E+08,structural
926,1.24170E+01,occupants
926,8.21520E+08,structural
927,2.76875E+01,occupants
927,1.28633E+09,structural
928,2.82977E+01,occupants
928,1.35952E+09,structural
929,2.70737E+01,occupants
929,1.43740E+09,structural
930,2.26608E-01,occupants
930,2.15358E+07,structural
931,2.49017E-01,occupants
931,3.22231E+07,structural
932,2.08660E-01,occupants
932,2.33050E+07,structural
933,3.83471E-02,occupants
933,5.77563E+06,structural
934,4.30445E-02,occupants
934,6.91934E+06,structural
935,3.41529E-02,occupants
935,4.18529E+06,structural
936,3.91887E-03,occupants
936,1.14162E+06,structural
937,4.56089E-03,occupants
937,1.80085E+06,structural
938,3.41511E-03,occupants
938,8.18227E+05,structural
939,1.00353E+00,occupants
939,5.49641E+07,structural
940,1.06393E+00,occupants
940,5.66443E+07,structural
941,9.52357E-01,occupants
941,4.26178E+07,structural
942,3.77645E+00,occupants
942,2.38466E+08,structural
943,3.86530E+00,occupants
943,2.03751E+08,structural
944,3.74740E+00,occupants
944,2.29833E+08,structural
945,7.63932E+00,occupants
945,3.19674E+08,structural
946,7.75653E+00,occupants
946,4.04131E+08,structural
947,7.51552E+00,occupants
947,2.82915E+08,structural
948,5.41036E+00,occupants
948,2.78163E+08,structural
949,5.53989E+00,occupants
949,2.83978E+08,structural
950,5.28503E+00,occupants
950,2.78131E+08,structural
951,3.05301E+00,occupants
951,1.83246E+08,structural
952,3.17897E+00,occupants
952,1.22638E+08,structural
953,2.92939E+00,occupants
953,9.95850E+07,structural
954,1.06539E+01,occupants
954,3.43661E+08,structural
955,1.08117E+01,occupants
955,4.58217E+08,structural
956,1.05143E+01,occupants
956,3.80122E+08,structural
957,1.60198E+01,occupants
957,7.06763E+08,structural
958,1.61760E+01,occupants
958,7.67700E+08,structural
959,1.59530E+01,occupants
959,6.97950E+08,structural
960,3.15459E+00,occupants
960,4.06427E+08,structural
961,3.34358E+00,occupants
961,2.52955E+08,structural
962,2.98145E+00,occupants
962,3.28665E+08,structural
963,6.52856E-01,occupants
963,7.13725E+07,structural
964,7.07292E-01,occupants
964,8.77072E+07,structural
965,6.02068E-01,occupants
965,6.33839E+07,structural
966,5.80444E-02,occupants
966,1.02902E+07,structural
967,6.57889E-02,occupants
967,1.64867E+07,structural
968,5.10689E-02,occupants
968,3.00286E+07,structural
969,9.15565E+00,occupants
969,6.12642E+08,structural
970,9.49348E+00,occupants
970,5.63349E+08,structural
971,8.81652E+00,occupants
971,7.93625E+08,structural
972,1.95491E+01,occupants
972,1.12450E+09,structural
973,1.99828E+01,occupants
973,1.18829E+09,structural
974,1.91418E+01,occupants
974,1.13770E+09,structural
975,2.89376E+00,occupants
975,6.96079E+07,structural
976,3.04384E+00,occupants
976,8.59259E+07,structural
977,2.75389E+00,occupants
977,9.97988E+07,structural
978,1.00638E+00,occupants
978,8.94880E+07,structural
979,1.08278E+00,occupants
979,9.36070E+07,structural
980,9.37618E-01,occupants
980,9.75344E+07,structural
981,2.10502E-01,occupants
981,2.36949E+07,structural
982,2.33897E-01,occupants
982,1.55097E+07,structural
983,1.90004E-01,occupants
983,2.07920E+07,structural
984,6.21060E+00,occupants
984,2.66997E+08,structural
985,6.38388E+00,occupants
985,2.46816E+08,structural
986,6.07215E+00,occupants
986,2.43047E+08,structural
987,1.11724E+01,occupants
987,4.50823E+08,structural
988,1.11248E+01,occupants
988,4.30026E+08,structural
989,1.14157E+01,occupants
989,4.72962E+08,structural
990,4.55916E+00,occupants
990,2.78859E+08,structural
991,4.72743E+00,occupants
991,3.27126E+08,structural
992,4.42786E+00,occupants
992,2.30410E+08,structural
993,1.13278E+00,occupants
993,8.89860E+07,structural
994,1.19198E+00,occupants
994,1.24426E+08,structural
995,1.07970E+00,occupants
995,7.88544E+07,structural
996,1.91344E-01,occupants
996,1.76415E+07,structural
997,2.06875E-01,occupants
997,2.38874E+07,structural
998,1.78775E-01,occupants
998,1.42305E+07,structural
999,1.45362E+01,occupants
999,7.02732E+08,structural
1000,1.48724E+01,occupants
1000,8.76877E+08,structural
1001,1.42510E+01,occupants
1001,7.39750E+08,structural
1002,3.70057E+01,occupants
1002,1.58583E+09,structural
1003,3.71564E+01,occupants
1003,1.71323E+09,structural
1004,3.69886E+01,occupants
1004,1.73883E+09,structural
1005,4.28557E+00,occupants
1005,1.90311E+08,structural
1006,4.54628E+00,occupants
1006,2.19183E+08,structural
1007,4.05141E+00,occupants
1007,1.73383E+08,structural
1008,1.50108E+00,occupants
1008,8.70893E+07,structural
1009,1.60221E+00,occupants
1009,8.36237E+07,structural
1010,1.40181E+00,occupants
1010,1.03974E+08,structural
1011,4.58312E-01,occupants
1011,2.62054E+07,structural
1012,4.86616E-01,occupants
1012,1.97922E+07,structural
1013,4.29823E-01,occupants
1013,1.41227E+07,structural
1014,1.01481E+01,occupants
1014,6.58762E+08,structural
1015,1.05520E+01,occupants
1015,5.85778E+08,structural
1016,9.76167E+00,occupants
1016,5.49433E+08,structural
1017,2.06949E+01,occupants
1017,1.13442E+09,structural
1018,2.10942E+01,occupants
1018,9.88023E+08,structural
1019,2.03504E+01,occupants
1019,9.52398E+08,structural
1020,2.22452E+00,occupants
1020,1.98938E+08,structural
1021,2.37539E+00,occupants
1021,2.33871E+08,structural
1022,2.07800E+00,occupants
1022,1.45262E+08,structural
1023,3.79762E-01,occupants
1023,4.42761E+07,structural
1024,4.17718E-01,occupants
1024,3.29935E+07,structural
1025,3.45438E-01,occupants
1025,9.43613E+07,structural
1026,2.92370E-02,occupants
1026,1.65784E+07,structural
1027,3.26958E-02,occupants
1027,2.02353E+07,structural
1028,2.58601E-02,occupants
1028,2.07022E+07,structural
1029,7.50744E+00,occupants
1029,5.55407E+08,structural
1030,7.82935E+00,occupants
1030,6.09735E+08,structural
1031,7.19772E+00,occupants
1031,4.87504E+08,structural
1032,1.69529E+01,occupants
1032,8.93009E+08,structural
1033,1.73046E+01,occupants
1033,1.01027E+09,structural
1034,1.65910E+01,occupants
1034,9.68106E+08,structural
1035,5.56560E+00,occupants
1035,3.74017E+08,structural
1036,5.81822E+00,occupants
1036,3.57689E+08,structural
1037,5.32440E+00,occupants
1037,3.21479E+08,structural
1038,2.34642E+00,occupants
1038,9.10948E+07,structural
1039,2.47939E+00,occupants
1039,1.84020E+08,structural
1040,2.22679E+00,occupants
1040,1.88865E+08,structural
1041,7.56770E-01,occupants
1041,3.48957E+07,structural
1042,8.06635E-01,occupants
1042,9.17581E+07,structural
1043,7.09296E-01,occupants
1043,6.65267E+07,structural
1044,1.13151E+01,occupants
1044,5.00794E+08,structural
1045,1.16933E+01,occupants
1045,5.36902E+08,structural
1046,1.09682E+01,occupants
1046,4.15626E+08,structural
1047,2.04726E+01,occupants
1047,8.61557E+08,structural
1048,2.07967E+01,occupants
1048,7.51318E+08,structural
1049,2.02211E+01,occupants
1049,9.35391E+08,structural
1050,1.76173E+00,occupants
1050,1.89029E+08,structural
1051,1.87471E+00,occupants
1051,1.43451E+08,structural
1052,1.65561E+00,occupants
1052,1.57946E+08,structural
1053,4.54958E-01,occupants
1053,3.20722E+07,structural
1054,4.96286E-01,occupants
1054,6.41799E+07,structural
1055,4.16246E-01,occupants
1055,4.69774E+07,structural
1056,6.92954E-02,occupants
1056,1.55022E+07,structural
1057,7.70871E-02,occupants
1057,7.67455E+06,structural
1058,6.17900E-02,occupants
1058,9.05723E+06,structural
1059,5.29629E+00,occupants
1059,2.89209E+08,structural
1060,5.52141E+00,occupants
1060,4.07543E+08,structural
1061,5.09269E+00,occupants
1061,4.12072E+08,structural
1062,1.45016E+01,occupants
1062,7.47631E+08,structural
1063,1.47007E+01,occupants
1063,8.74555E+08,structural
1064,1.43928E+01,occupants
1064,7.41686E+08,structural
1065,2.88703E+00,occupants
1065,2.02757E+08,structural
1066,3.06900E+00,occupants
1066,2.85143E+08,structural
1067,2.70986E+00,occupants
1067,2.58909E+08,structural
1068,4.77232E-01,occupants
1068,8.67495E+07,structural
1069,5.22112E-01,occupants
1069,6.39880E+07,structural
1070,4.33756E-01,occupants
1070,5.70910E+07,structural
1071,2.86458E-02,occupants
1071,7.91572E+06,structural
1072,3.25719E-02,occupants
1072,2.00939E+07,structural
1073,2.53599E-02,occupants
1073,2.20439E+07,structural
1074,9.49052E+00,occupants
1074,5.69625E+08,structural
1075,9.83594E+00,occupants
1075,5.71924E+08,structural
1076,9.15926E+00,occupants
1076,6.76377E+08,structural
1077,2.10182E+01,occupants
1077,1.10023E+09,structural
1078,2.12154E+01,occupants
1078,1.19381E+09,structural
1079,2.08497E+01,occupants
1079,1.27195E+09,structural
1080,5.42221E+00,occupants
1080,2.12289E+08,structural
1081,5.63177E+00,occupants
1081,2.20090E+08,structural
1082,5.22360E+00,occupants
1082,2.27709E+08,structural
1083,2.48043E+00,occupants
1083,2.00213E+08,structural
1084,2.62290E+00,occupants
1084,8.88048E+07,structural
1085,2.34273E+00,occupants
1085,2.13058E+08,structural
1086,7.14774E-01,occupants
1086,2.96157E+07,structural
1087,7.73122E-01,occupants
1087,2.70039E+07,structural
1088,6.58864E-01,occupants
1088,3.61285E+07,structural
1089,9.48038E+00,occupants
1089,4.86825E+08,structural
1090,9.70759E+00,occupants
1090,3.78964E+08,structural
1091,9.27607E+00,occupants
1091,4.46380E+08,structural
1092,1.65789E+01,occupants
1092,6.68114E+08,structural
1093,1.67915E+01,occupants
1093,7.42921E+08,structural
1094,1.64875E+01,occupants
1094,6.61856E+08,structural
1095,1.95854E+00,occupants
1095,1.41123E+08,structural
1096,2.05741E+00,occupants
1096,8.84138E+07,structural
1097,1.86764E+00,occupants
1097,8.88983E+07,structural
1098,5.18230E-01,occupants
1098,3.77333E+07,structural
1099,5.62572E-01,occupants
1099,2.84034E+07,structural
1100,4.76070E-01,occupants
1100,3.46049E+07,structural
1101,7.17689E-02,occupants
1101,1.25631E+07,structural
1102,7.97895E-02,occupants
1102,1.69532E+07,structural
1103,6.40504E-02,occupants
1103,6.18451E+06,structural
1104,5.50933E+00,occupants
1104,2.84054E+08,structural
1105,5.63294E+00,occupants
1105,3.91642E+08,structural
1106,5.42445E+00,occupants
1106,1.99817E+08,structural
1107,1.48460E+01,occupants
1107,6.61131E+08,structural
1108,1.48255E+01,occupants
1108,6.39707E+08,structural
1109,1.49244E+01,occupants
1109,6.37229E+08,structural
1110,4.65078E+00,occupants
1110,2.84842E+08,structural
1111,4.87646E+00,occupants
1111,2.99383E+08,structural
1112,4.44460E+00,occupants
1112,2.72661E+08,structural
1113,1.96741E+00,occupants
1113,1.81501E+08,structural
1114,2.06959E+00,occupants
1114,1.73966E+08,structural
1115,1.86842E+00,occupants
1115,1.16089E+08,structural
1116,6.72991E-01,occupants
1116,4.25279E+07,structural
1117,7.12594E-01,occupants
1117,6.66103E+07,structural
1118,6.34196E-01,occupants
1118,1.64571E+07,structural
1119,1.00952E+01,occupants
1119,5.62700E+08,structural
1120,1.04696E+01,occupants
1120,4.97634E+08,structural
1121,9.74217E+00,occupants
1121,5.48120E+08,structural
1122,2.03364E+01,occupants
1122,9.33481E+08,structural
1123,2.05972E+01,occupants
1123,1.00456E+09,structural
1124,2.01919E+01,occupants
1124,8.92490E+08,structural
1125,1.63001E+00,occupants
1125,1.17419E+08,structural
1126,1.76731E+00,occupants
1126,1.07744E+08,structural
1127,1.50662E+00,occupants
1127,6.67626E+07,structural
1128,3.51098E-01,occupants
1128,4.81894E+07,structural
1129,3.85805E-01,occupants
1129,2.98599E+07,structural
1130,3.17736E-01,occupants
1130,3.53787E+07,structural
1131,5.53324E-02,occupants
1131,7.45484E+06,structural
1132,6.17878E-02,occupants
1132,6.50417E+06,structural
1133,4.95742E-02,occupants
1133,1.01826E+07,structural
1134,5.61785E+00,occupants
1134,2.71602E+08,structural
1135,5.94400E+00,occupants
1135,3.37769E+08,structural
1136,5.30066E+00,occupants
1136,2.96235E+08,structural
1137,1.42817E+01,occupants
1137,6.36434E+08,structural
1138,1.47965E+01,occupants
1138,7.65000E+08,structural
1139,1.37760E+01,occupants
1139,5.78664E+08,structural
1140,3.87017E+00,occupants
1140,2.11092E+08,structural
1141,4.03178E+00,occupants
1141,1.67524E+08,structural
1142,3.71662E+00,occupants
1142,2.08617E+08,structural
1143,1.67142E+00,occupants
1143,9.51729E+07,structural
1144,1.77004E+00,occupants
1144,1.11293E+08,structural
1145,1.57813E+00,occupants
1145,1.02811E+08,structural
1146,4.68210E-01,occupants
1146,2.13868E+07,structural
1147,5.08322E-01,occupants
1147,2.31463E+07,structural
1148,4.29147E-01,occupants
1148,4.39653E+07,structural
1149,7.69062E+00,occupants
1149,3.67541E+08,structural
1150,7.88763E+00,occupants
1150,2.87547E+08,structural
1151,7.49188E+00,occupants
1151,3.97317E+08,structural
1152,1.63856E+01,occupants
1152,6.50745E+08,structural
1153,1.64916E+01,occupants
1153,6.88568E+08,structural
1154,1.63466E+01,occupants
1154,8.04025E+08,structural
1155,2.82563E+00,occupants
1155,2.44457E+08,structural
1156,2.98370E+00,occupants
1156,1.89321E+08,structural
1157,2.71166E+00,occupants
1157,1.38592E+08,structural
1158,8.42278E-01,occupants
1158,8.30374E+07,structural
1159,9.07690E-01,occupants
1159,5.47167E+07,structural
1160,7.91354E-01,occupants
1160,7.43150E+07,structural
1161,2.27063E-01,occupants
1161,2.12676E+07,structural
1162,2.45886E-01,occupants
1162,2.96624E+07,structural
1163,2.10030E-01,occupants
1163,2.83215E+07,structural
1164,8.52239E+00,occupants
1164,4.75001E+08,structural
1165,8.67710E+00,occupants
1165,4.77421E+08,structural
1166,8.59154E+00,occupants
1166,4.02388E+08,structural
1167,2.46689E+01,occupants
1167,1.04698E+09,structural
1168,2.38049E+01,occupants
1168,1.07153E+09,structural
1169,2.61686E+01,occupants
1169,1.14555E+09,structural
1170,3.35879E+00,occupants
1170,2.64727E+08,structural
1171,3.54167E+00,occupants
1171,4.38484E+08,structural
1172,3.18179E+00,occupants
1172,2.48643E+08,structural
1173,7.08706E-01,occupants
1173,6.93829E+07,structural
1174,7.68992E-01,occupants
1174,1.56442E+08,structural
1175,6.49927E-01,occupants
1175,9.31515E+07,structural
1176,5.90913E-02,occupants
1176,2.25304E+07,structural
1177,6.57527E-02,occupants
1177,2.59225E+07,structural
1178,5.26934E-02,occupants
1178,2.28954E+07,structural
1179,9.13323E+00,occupants
1179,6.95991E+08,structural
1180,9.40737E+00,occupants
1180,6.62233E+08,structural
1181,8.88382E+00,occupants
1181,6.06344E+08,structural
1182,1.77067E+01,occupants
1182,1.14062E+09,structural
1183,1.78120E+01,occupants
1183,1.15409E+09,structural
1184,1.77022E+01,occupants
1184,1.23653E+09,structural
1185,1.01040E+00,occupants
1185,8.05848E+07,structural
1186,1.06376E+00,occupants
1186,1.20916E+08,structural
1187,9.66696E-01,occupants
1187,6.43172E+07,structural
1188,3.68964E-01,occupants
1188,6.42230E+07,structural
1189,3.91732E-01,occupants
1189,2.91133E+07,structural
1190,3.46759E-01,occupants
1190,3.09190E+07,structural
1191,1.10479E-01,occupants
1191,4.28022E+06,structural
1192,1.19734E-01,occupants
1192,1.83232E+07,structural
1193,1.01782E-01,occupants
1193,4.46487E+06,structural
1194,2.84063E+00,occupants
1194,1.66723E+08,structural
1195,2.92701E+00,occupants
1195,2.12539E+08,structural
1196,2.77225E+00,occupants
1196,2.52293E+08,structural
1197,8.94462E+00,occupants
1197,4.80401E+08,structural
1198,8.93330E+00,occupants
1198,5.52052E+08,structural
1199,9.02197E+00,occupants
1199,5.29856E+08,structural
1200,4.02648E+00,occupants
1200,2.22664E+08,structural
1201,4.16509E+00,occupants
1201,2.33873E+08,structural
1202,3.89128E+00,occupants
1202,2.27283E+08,structural
1203,2.09835E+00,occupants
1203,8.68195E+07,structural
1204,2.18664E+00,occupants
1204,1.13887E+08,structural
1205,2.01184E+00,occupants
1205,8.60435E+07,structural
1206,8.57998E-01,occupants
1206,7.41290E+07,structural
1207,9.01695E-01,occupants
1207,4.74046E+07,structural
1208,8.15414E-01,occupants
1208,1.30116E+08,structural
1209,6.96884E+00,occupants
1209,3.64300E+08,structural
1210,7.18140E+00,occupants
1210,3.31195E+08,structural
1211,6.76566E+00,occupants
1211,3.77515E+08,structural
1212,1.26750E+01,occupants
1212,6.25049E+08,structural
1213,1.30291E+01,occupants
1213,6.90918E+08,structural
1214,1.23370E+01,occupants
1214,6.02257E+08,structural
1215,3.36784E+00,occupants
1215,1.83093E+08,structural
1216,3.51649E+00,occupants
1216,2.38404E+08,structural
1217,3.22985E+00,occupants
1217,2.27319E+08,structural
1218,1.29016E+00,occupants
1218,9.88255E+07,structural
1219,1.36662E+00,occupants
1219,1.23596E+08,structural
1220,1.21708E+00,occupants
1220,1.60080E+08,structural
1221,3.55985E-01,occupants
1221,3.77954E+07,structural
1222,3.83154E-01,occupants
1222,1.12237E+07,structural
1223,3.29446E-01,occupants
1223,1.68084E+07,structural
1224,8.04998E+00,occupants
1224,5.72571E+08,structural
1225,8.28859E+00,occupants
1225,5.27025E+08,structural
1226,7.83524E+00,occupants
1226,5.14222E+08,structural
1227,1.94945E+01,occupants
1227,1.05334E+09,structural
1228,1.96856E+01,occupants
1228,1.02947E+09,structural
1229,1.93554E+01,occupants
1229,9.59238E+08,structural
1230,4.18854E-01,occupants
1230,1.28136E+07,structural
1231,4.51953E-01,occupants
1231,3.83488E+07,structural
1232,3.90150E-01,occupants
1232,1.90791E+07,structural
1233,4.53393E-02,occupants
1233,4.52844E+06,structural
1234,5.09055E-02,occupants
1234,5.06757E+06,structural
1235,4.08875E-02,occupants
1235,2.77358E+06,structural
1236,2.29103E-03,occupants
1236,2.97339E+05,structural
1237,2.68812E-03,occupants
1237,1.17391E+06,structural
1238,1.94620E-03,occupants
1238,1.80229E+05,structural
1239,2.11936E+00,occupants
1239,1.43128E+08,structural
1240,2.21649E+00,occupants
1240,6.54843E+07,structural
1241,2.04040E+00,occupants
1241,9.48390E+07,structural
1242,7.39529E+00,occupants
1242,4.25299E+08,structural
1243,7.54030E+00,occupants
1243,2.97508E+08,structural
1244,7.31220E+00,occupants
1244,3.21934E+08,structural
1245,5.59073E-01,occupants
1245,4.35490E+07,structural
1246,6.07813E-01,occupants
1246,6.74300E+07,structural
1247,5.17717E-01,occupants
1247,4.19189E+07,structural
1248,1.17019E-01,occupants
1248,2.78806E+07,structural
1249,1.28339E-01,occupants
1249,1.22052E+07,structural
1250,1.06367E-01,occupants
1250,1.60253E+07,structural
1251,1.80181E-02,occupants
1251,1.13287E+06,structural
1252,1.98116E-02,occupants
1252,3.02325E+06,structural
1253,1.62866E-02,occupants
1253,2.83076E+06,structural
1254,2.31668E+00,occupants
1254,1.95430E+08,structural
1255,2.47183E+00,occupants
1255,1.86093E+08,structural
1256,2.17310E+00,occupants
1256,1.62675E+08,structural
1257,9.13322E+00,occupants
1257,6.03319E+08,structural
1258,9.49159E+00,occupants
1258,6.30818E+08,structural
1259,8.86436E+00,occupants
1259,6.72609E+08,structural
1260,2.05159E+00,occupants
1260,1.83164E+08,structural
1261,2.20693E+00,occupants
1261,1.47408E+08,structural
1262,1.90794E+00,occupants
1262,1.11884E+08,structural
1263,4.89185E-01,occupants
1263,5.67222E+07,structural
1264,5.41572E-01,occupants
1264,5.44713E+07,structural
1265,4.38278E-01,occupants
1265,4.28142E+07,structural
1266,5.96276E-02,occupants
1266,1.75546E+07,structural
1267,6.78430E-02,occupants
1267,1.68398E+07,structural
1268,5.16288E-02,occupants
1268,1.60091E+07,structural
1269,5.81982E+00,occupants
1269,4.13626E+08,structural
1270,6.12785E+00,occupants
1270,4.97612E+08,structural
1271,5.52318E+00,occupants
1271,3.69239E+08,structural
1272,1.32550E+01,occupants
1272,8.02170E+08,structural
1273,1.37178E+01,occupants
1273,7.14735E+08,structural
1274,1.28106E+01,occupants
1274,7.32421E+08,structural
1275,2.34890E+00,occupants
1275,1.24436E+08,structural
1276,2.48182E+00,occupants
1276,1.69125E+08,structural
1277,2.22826E+00,occupants
1277,1.28065E+08,structural
1278,7.69904E-01,occupants
1278,2.24268E+07,structural
1279,8.31850E-01,occupants
1279,3.28237E+07,structural
1280,7.10599E-01,occupants
1280,2.33647E+07,structural
1281,1.46696E-01,occupants
1281,1.38731E+07,structural
1282,1.61890E-01,occupants
1282,1.01330E+07,structural
1283,1.32061E-01,occupants
1283,1.42552E+07,structural
1284,5.52544E+00,occupants
1284,2.57072E+08,structural
1285,5.72662E+00,occupants
1285,2.63775E+08,structural
1286,5.36808E+00,occupants
1286,2.99725E+08,structural
1287,1.20538E+01,occupants
1287,4.26573E+08,structural
1288,1.22100E+01,occupants
1288,4.56727E+08,structural
1289,1.20463E+01,occupants
1289,4.39171E+08,structural
1290,3.10652E+00,occupants
1290,2.55641E+08,structural
1291,3.27385E+00,occupants
1291,3.01161E+08,structural
1292,2.94761E+00,occupants
1292,2.07129E+08,structural
1293,1.02202E+00,occupants
1293,4.28400E+07,structural
1294,1.07564E+00,occupants
1294,5.07408E+07,structural
1295,9.69961E-01,occupants
1295,3.38222E+07,structural
1296,3.06040E-01,occupants
1296,2.78839E+07,structural
1297,3.27813E-01,occupants
1297,3.17452E+07,structural
1298,2.85167E-01,occupants
1298,3.21534E+07,structural
1299,9.48875E+00,occupants
1299,6.26398E+08,structural
1300,9.85385E+00,occupants
1300,5.88621E+08,structural
1301,9.13871E+00,occupants
1301,5.55269E+08,structural
1302,2.28354E+01,occupants
1302,1.12530E+09,structural
1303,2.31018E+01,occupants
1303,1.43142E+09,structural
1304,2.26227E+01,occupants
1304,1.11206E+09,structural
1305,1.15424E+00,occupants
1305,1.23985E+08,structural
1306,1.25626E+00,occupants
1306,7.83776E+07,structural
1307,1.05681E+00,occupants
1307,1.01843E+08,structural
1308,2.43926E-01,occupants
1308,9.01763E+07,structural
1309,2.71378E-01,occupants
1309,3.61967E+07,structural
1310,2.20272E-01,occupants
1310,3.40882E+07,structural
1311,2.98103E-02,occupants
1311,8.21236E+06,structural
1312,3.44507E-02,occupants
1312,4.80768E+06,structural
1313,2.59266E-02,occupants
1313,7.70813E+06,structural
1314,4.19954E+00,occupants
1314,4.20748E+08,structural
1315,4.49505E+00,occupants
1315,3.06141E+08,structural
1316,3.93277E+00,occupants
1316,3.53739E+08,structural
1317,1.31341E+01,occupants
1317,6.68496E+08,structural
1318,1.37262E+01,occupants
1318,8.53436E+08,structural
1319,1.25573E+01,occupants
1319,8.25588E+08,structural
1320,7.71137E-01,occupants
1320,8.15175E+07,structural
1321,8.04884E-01,occupants
1321,6.48268E+07,structural
1322,7.46213E-01,occupants
1322,8.76704E+07,structural
1323,1.70323E-01,occupants
1323,2.09581E+07,structural
1324,1.82005E-01,occupants
1324,2.45730E+07,structural
1325,1.62187E-01,occupants
1325,1.72052E+07,structural
1326,3.00906E-02,occupants
1326,3.92445E+06,structural
1327,3.32400E-02,occupants
1327,3.85492E+06,structural
1328,2.77285E-02,occupants
1328,4.68420E+06,structural
1329,3.01602E+00,occupants
1329,2.70056E+08,structural
1330,3.12332E+00,occupants
1330,2.01871E+08,structural
1331,2.93750E+00,occupants
1331,2.18336E+08,structural
1332,1.02868E+01,occupants
1332,6.18861E+08,structural
1333,1.04925E+01,occupants
1333,6.24017E+08,structural
1334,1.01270E+01,occupants
1334,5.21945E+08,structural
1335,5.51009E+00,occupants
1335,3.08558E+08,structural
1336,5.79574E+00,occupants
1336,3.63870E+08,structural
1337,5.23530E+00,occupants
1337,3.20070E+08,structural
1338,1.95377E+00,occupants
1338,1.80259E+08,structural
1339,2.10125E+00,occupants
1339,1.41275E+08,structural
1340,1.80948E+00,occupants
1340,2.09244E+08,structural
1341,3.82224E-01,occupants
1341,3.32921E+07,structural
1342,4.21256E-01,occupants
1342,1.15781E+08,structural
1343,3.44143E-01,occupants
1343,3.44607E+07,structural
1344,1.09991E+01,occupants
1344,5.83655E+08,structural
1345,1.13446E+01,occupants
1345,5.57496E+08,structural
1346,1.06709E+01,occupants
1346,5.53031E+08,structural
1347,1.79674E+01,occupants
1347,8.37360E+08,structural
1348,1.81929E+01,occupants
1348,7.98889E+08,structural
1349,1.78041E+01,occupants
1349,8.52563E+08,structural
1350,3.32871E+00,occupants
1350,2.54428E+08,structural
1351,3.57067E+00,occupants
1351,2.81322E+08,structural
1352,3.09292E+00,occupants
1352,2.77047E+08,structural
1353,8.01687E-01,occupants
1353,1.18590E+08,structural
1354,8.74796E-01,occupants
1354,1.33036E+08,structural
1355,7.32127E-01,occupants
1355,9.02817E+07,structural
1356,1.13745E-01,occupants
1356,1.53949E+07,structural
1357,1.28060E-01,occupants
1357,1.96951E+07,structural
1358,1.01845E-01,occupants
1358,2.06735E+07,structural
1359,1.00644E+01,occupants
1359,6.71358E+08,structural
1360,1.05612E+01,occupants
1360,5.92970E+08,structural
1361,9.57686E+00,occupants
1361,6.31772E+08,structural
1362,2.37130E+01,occupants
1362,1.34701E+09,structural
1363,2.43453E+01,occupants
1363,1.36604E+09,structural
1364,2.30991E+01,occupants
1364,1.47341E+09,structural
1365,3.49440E+00,occupants
1365,1.62255E+08,structural
1366,3.62874E+00,occupants
1366,1.80464E+08,structural
1367,3.38232E+00,occupants
1367,2.51866E+08,structural
1368,1.21786E+00,occupants
1368,7.52864E+07,structural
1369,1.29053E+00,occupants
1369,1.00936E+08,structural
1370,1.14862E+00,occupants
1370,7.82422E+07,structural
1371,2.60215E-01,occupants
1371,2.29214E+07,structural
1372,2.85572E-01,occupants
1372,4.17851E+07,structural
1373,2.40440E-01,occupants
1373,2.27211E+07,structural
1374,8.03988E+00,occupants
1374,3.81178E+08,structural
1375,8.16970E+00,occupants
1375,4.74633E+08,structural
1376,7.96577E+00,occupants
1376,4.49673E+08,structural
1377,1.75000E+01,occupants
1377,6.94484E+08,structural
1378,1.74372E+01,occupants
1378,8.10302E+08,structural
1379,1.77530E+01,occupants
1379,8.25089E+08,structural
1380,3.40582E+00,occupants
1380,1.65931E+08,structural
1381,3.58730E+00,occupants
1381,1.92529E+08,structural
1382,3.24248E+00,occupants
1382,1.47120E+08,structural
1383,1.20208E+00,occupants
1383,1.38161E+08,structural
1384,1.28321E+00,occupants
1384,9.06524E+07,structural
1385,1.12274E+00,occupants
1385,6.77153E+07,structural
1386,2.55831E-01,occupants
1386,8.74016E+06,structural
1387,2.80680E-01,occupants
1387,2.05058E+07,structural
1388,2.32393E-01,occupants
1388,2.48633E+07,structural
1389,8.36426E+00,occupants
1389,4.68006E+08,structural
1390,8.70201E+00,occupants
1390,5.43687E+08,structural
1391,8.07331E+00,occupants
1391,5.58162E+08,structural
1392,1.99175E+01,occupants
1392,1.05014E+09,structural
1393,2.02398E+01,occupants
1393,1.15545E+09,structural
1394,1.98350E+01,occupants
1394,1.09225E+09,structural
1395,6.16196E+00,occupants
1395,4.72058E+08,structural
1396,6.47989E+00,occupants
1396,2.51380E+08,structural
1397,5.86401E+00,occupants
1397,3.81563E+08,structural
1398,2.26498E+00,occupants
1398,1.07181E+08,structural
1399,2.41696E+00,occupants
1399,1.27088E+08,structural
1400,2.11702E+00,occupants
1400,1.35916E+08,structural
1401,5.55590E-01,occupants
1401,6.53524E+07,structural
1402,6.00200E-01,occupants
1402,7.34876E+07,structural
1403,5.11893E-01,occupants
1403,1.01887E+08,structural
1404,1.29388E+01,occupants
1404,6.20049E+08,structural
1405,1.33831E+01,occupants
1405,7.98503E+08,structural
1406,1.25069E+01,occupants
1406,7.25464E+08,structural
1407,2.27312E+01,occupants
1407,1.07670E+09,structural
1408,2.31802E+01,occupants
1408,1.09655E+09,structural
1409,2.23076E+01,occupants
1409,8.82769E+08,structural
1410,3.13160E+00,occupants
1410,1.37539E+08,structural
1411,3.25416E+00,occupants
1411,2.43094E+08,structural
1412,3.01946E+00,occupants
1412,2.12462E+08,structural
1413,1.15767E+00,occupants
1413,7.94837E+07,structural
1414,1.21872E+00,occupants
1414,6.31355E+07,structural
1415,1.09816E+00,occupants
1415,6.81420E+07,structural
1416,3.14438E-01,occupants
1416,1.59860E+07,structural
1417,3.40690E-01,occupants
1417,2.64864E+07,structural
1418,2.90794E-01,occupants
1418,1.28133E+07,structural
1419,7.77703E+00,occupants
1419,4.83295E+08,structural
1420,7.94192E+00,occupants
1420,5.43691E+08,structural
1421,7.65728E+00,occupants
1421,4.47264E+08,structural
1422,1.80626E+01,occupants
1422,1.08399E+09,structural
1423,1.80237E+01,occupants
1423,9.56719E+08,structural
1424,1.82393E+01,occupants
1424,9.33116E+08,structural
1425,2.85451E-01,occupants
1425,2.01175E+07,structural
1426,3.06211E-01,occupants
1426,7.01515E+07,structural
1427,2.66657E-01,occupants
1427,1.88076E+07,structural
1428,8.61858E-02,occupants
1428,2.25876E+07,structural
1429,9.30643E-02,occupants
1429,1.07730E+07,structural
1430,7.96114E-02,occupants
1430,4.18732E+06,structural
1431,1.82057E-02,occupants
1431,2.17648E+06,structural
1432,2.04488E-02,occupants
1432,3.01228E+06,structural
1433,1.63683E-02,occupants
1433,8.90202E+05,structural
1434,1.02948E+00,occupants
1434,9.35791E+07,structural
1435,1.10223E+00,occupants
1435,5.25661E+07,structural
1436,9.63004E-01,occupants
1436,7.32180E+07,structural
1437,4.17292E+00,occupants
1437,2.39297E+08,structural
1438,4.39506E+00,occupants
1438,3.32310E+08,structural
1439,3.96037E+00,occupants
1439,2.15820E+08,structural
1440,1.72211E+01,occupants
1440,7.73000E+08,structural
1441,1.74209E+01,occupants
1441,8.38297E+08,structural
1442,1.70337E+01,occupants
1442,7.48394E+08,structural
1443,1.31137E+01,occupants
1443,5.41607E+08,structural
1444,1.33711E+01,occupants
1444,5.98771E+08,structural
1445,1.28634E+01,occupants
1445,6.43046E+08,structural
1446,7.73715E+00,occupants
1446,5.12351E+08,structural
1447,8.03195E+00,occupants
1447,3.37900E+08,structural
1448,7.44898E+00,occupants
1448,4.77035E+08,structural
1449,2.11850E+01,occupants
1449,8.43225E+08,structural
1450,2.12850E+01,occupants
1450,8.73754E+08,structural
1451,2.10947E+01,occupants
1451,8.65331E+08,structural
1452,2.75035E+01,occupants
1452,1.09279E+09,structural
1453,2.75898E+01,occupants
1453,1.10877E+09,structural
1454,2.74377E+01,occupants
1454,1.09005E+09,structural
1455,3.37973E+00,occupants
1455,2.23995E+08,structural
1456,3.53135E+00,occupants
1456,2.22917E+08,structural
1457,3.23289E+00,occupants
1457,2.67727E+08,structural
1458,1.33813E+00,occupants
1458,2.08895E+07,structural
1459,1.42496E+00,occupants
1459,9.38484E+07,structural
1460,1.25356E+00,occupants
1460,8.01397E+07,structural
1461,3.25504E-01,occupants
1461,3.26774E+07,structural
1462,3.56050E-01,occupants
1462,4.13159E+07,structural
1463,2.98065E-01,occupants
1463,3.04596E+07,structural
1464,6.55266E+00,occupants
1464,2.92581E+08,structural
1465,6.74294E+00,occupants
1465,3.43984E+08,structural
1466,6.37216E+00,occupants
1466,3.15731E+08,structural
1467,1.16621E+01,occupants
1467,6.01446E+08,structural
1468,1.18816E+01,occupants
1468,5.93100E+08,structural
1469,1.14782E+01,occupants
1469,5.64786E+08,structural
1470,5.74876E+00,occupants
1470,3.19231E+08,structural
1471,5.86071E+00,occupants
1471,1.99321E+08,structural
1472,5.76546E+00,occupants
1472,2.95869E+08,structural
1473,1.83487E+00,occupants
1473,9.98507E+07,structural
1474,1.94338E+00,occupants
1474,1.54076E+08,structural
1475,1.76857E+00,occupants
1475,1.87808E+08,structural
1476,4.29966E-01,occupants
1476,4.22526E+07,structural
1477,4.65692E-01,occupants
1477,4.80180E+07,structural
1478,3.99300E-01,occupants
1478,2.66285E+07,structural
1479,1.41090E+01,occupants
1479,7.59969E+08,structural
1480,1.39674E+01,occupants
1480,6.00206E+08,structural
1481,1.44898E+01,occupants
1481,7.38303E+08,structural
1482,2.99336E+01,occupants
1482,1.23256E+09,structural
1483,2.91344E+01,occupants
1483,1.34478E+09,structural
1484,3.08386E+01,occupants
1484,1.34310E+09,structural
1485,1.41824E+00,occupants
1485,1.43242E+08,structural
1486,1.50385E+00,occupants
1486,9.65089E+07,structural
1487,1.33892E+00,occupants
1487,4.60662E+07,structural
1488,4.11089E-01,occupants
1488,6.46907E+07,structural
1489,4.47620E-01,occupants
1489,5.16404E+07,structural
1490,3.76056E-01,occupants
1490,2.12356E+07,structural
1491,7.01646E-02,occupants
1491,4.07232E+06,structural
1492,7.83001E-02,occupants
1492,1.15730E+07,structural
1493,6.23495E-02,occupants
1493,8.34543E+06,structural
1494,3.66385E+00,occupants
1494,1.81962E+08,structural
1495,3.79373E+00,occupants
1495,2.74411E+08,structural
1496,3.56916E+00,occupants
1496,1.27659E+08,structural
1497,8.36353E+00,occupants
1497,5.36506E+08,structural
1498,8.34759E+00,occupants
1498,4.43777E+08,structural
1499,8.59829E+00,occupants
1499,4.93754E+08,structural
