#,,"generated_by='OpenQuake engine 3.13.0-gitd2db5fa', start_date='2021-10-23T16:30:31', checksum=440673534"
event_id,loss,loss_type
0,1.08346E+02,occupants
0,1.67994E+09,structural
1,4.33760E+01,occupants
1,8.15768E+08,structural
2,1.48716E+01,occupants
2,3.15810E+08,structural
3,2.56291E+02,occupants
3,3.60575E+09,structural
4,6.12824E+02,occupants
4,7.99717E+09,structural
5,1.08346E+02,occupants
5,1.90483E+09,structural
6,4.33760E+01,occupants
6,7.61638E+08,structural
7,1.48716E+01,occupants
7,3.74499E+08,structural
8,2.56291E+02,occupants
8,3.47495E+09,structural
9,6.12824E+02,occupants
9,8.38237E+09,structural
10,1.08346E+02,occupants
10,1.54377E+09,structural
11,4.33760E+01,occupants
11,8.13612E+08,structural
12,1.48716E+01,occupants
12,2.80948E+08,structural
13,2.56291E+02,occupants
13,4.06289E+09,structural
14,6.12824E+02,occupants
14,8.05100E+09,structural
15,8.78746E+01,occupants
15,7.08173E+08,structural
16,4.19232E+01,occupants
16,3.55100E+08,structural
17,1.62803E+01,occupants
17,9.70483E+07,structural
18,1.70222E+02,occupants
18,1.56327E+09,structural
19,3.35216E+02,occupants
19,3.26505E+09,structural
20,8.78746E+01,occupants
20,6.33948E+08,structural
21,4.19232E+01,occupants
21,3.33001E+08,structural
22,1.62803E+01,occupants
22,1.38756E+08,structural
23,1.70222E+02,occupants
23,1.44226E+09,structural
24,3.35216E+02,occupants
24,3.01444E+09,structural
25,8.78746E+01,occupants
25,6.43521E+08,structural
26,4.19232E+01,occupants
26,3.13303E+08,structural
27,1.62803E+01,occupants
27,1.23535E+08,structural
28,1.70222E+02,occupants
28,1.31352E+09,structural
29,3.35216E+02,occupants
29,3.27326E+09,structural
30,1.55832E+02,occupants
30,1.53157E+09,structural
31,7.15692E+01,occupants
31,8.89469E+08,structural
32,2.61964E+01,occupants
32,2.42917E+08,structural
33,3.07361E+02,occupants
33,2.72587E+09,structural
34,5.96690E+02,occupants
34,4.85436E+09,structural
35,1.55832E+02,occupants
35,1.43151E+09,structural
36,7.15692E+01,occupants
36,8.31011E+08,structural
37,2.61964E+01,occupants
37,3.27785E+08,structural
38,3.07361E+02,occupants
38,2.46710E+09,structural
39,5.96690E+02,occupants
39,5.14542E+09,structural
40,1.55832E+02,occupants
40,1.61877E+09,structural
41,7.15692E+01,occupants
41,5.92161E+08,structural
42,2.61964E+01,occupants
42,1.89922E+08,structural
43,3.07361E+02,occupants
43,2.58425E+09,structural
44,5.96690E+02,occupants
44,5.07666E+09,structural
45,2.99477E+01,occupants
45,3.62586E+08,structural
46,1.26273E+01,occupants
46,1.67275E+08,structural
47,4.09615E+00,occupants
47,6.31502E+07,structural
48,6.51177E+01,occupants
48,8.51281E+08,structural
49,1.46627E+02,occupants
49,1.90312E+09,structural
50,2.99477E+01,occupants
50,3.85815E+08,structural
51,1.26273E+01,occupants
51,1.56670E+08,structural
52,4.09615E+00,occupants
52,4.90242E+07,structural
53,6.51177E+01,occupants
53,7.77285E+08,structural
54,1.46627E+02,occupants
54,2.25128E+09,structural
55,2.99477E+01,occupants
55,3.60984E+08,structural
56,1.26273E+01,occupants
56,1.70363E+08,structural
57,4.09615E+00,occupants
57,5.56539E+07,structural
58,6.51177E+01,occupants
58,8.32085E+08,structural
59,1.46627E+02,occupants
59,1.84231E+09,structural
60,2.25566E+01,occupants
60,6.39128E+08,structural
61,6.69651E+00,occupants
61,3.08731E+08,structural
62,1.69985E+00,occupants
62,1.27404E+08,structural
63,7.21502E+01,occupants
63,1.57861E+09,structural
64,2.34077E+02,occupants
64,4.07831E+09,structural
65,2.25566E+01,occupants
65,7.66223E+08,structural
66,6.69651E+00,occupants
66,2.83888E+08,structural
67,1.69985E+00,occupants
67,1.49526E+08,structural
68,7.21502E+01,occupants
68,1.78210E+09,structural
69,2.34077E+02,occupants
69,3.78927E+09,structural
70,2.25566E+01,occupants
70,9.56102E+08,structural
71,6.69651E+00,occupants
71,2.93461E+08,structural
72,1.69985E+00,occupants
72,1.39604E+08,structural
73,7.21502E+01,occupants
73,1.80184E+09,structural
74,2.34077E+02,occupants
74,4.26460E+09,structural
75,2.03628E+01,occupants
75,5.13592E+08,structural
76,6.43824E+00,occupants
76,1.87943E+08,structural
77,1.50378E+00,occupants
77,6.04245E+07,structural
78,5.74418E+01,occupants
78,9.11245E+08,structural
79,1.62944E+02,occupants
79,2.36951E+09,structural
80,2.03628E+01,occupants
80,4.01591E+08,structural
81,6.43824E+00,occupants
81,1.71977E+08,structural
82,1.50378E+00,occupants
82,7.45533E+07,structural
83,5.74418E+01,occupants
83,9.41207E+08,structural
84,1.62944E+02,occupants
84,2.39415E+09,structural
85,2.03628E+01,occupants
85,4.30521E+08,structural
86,6.43824E+00,occupants
86,1.40487E+08,structural
87,1.50378E+00,occupants
87,4.92379E+07,structural
88,5.74418E+01,occupants
88,1.11316E+09,structural
89,1.62944E+02,occupants
89,2.54038E+09,structural
90,7.93134E+01,occupants
90,7.19921E+08,structural
91,3.93175E+01,occupants
91,4.04954E+08,structural
92,1.66935E+01,occupants
92,1.25332E+08,structural
93,1.57239E+02,occupants
93,1.80219E+09,structural
94,3.39876E+02,occupants
94,4.52904E+09,structural
95,7.93134E+01,occupants
95,9.19298E+08,structural
96,3.93175E+01,occupants
96,4.42276E+08,structural
97,1.66935E+01,occupants
97,1.60147E+08,structural
98,1.57239E+02,occupants
98,1.77962E+09,structural
99,3.39876E+02,occupants
99,4.09401E+09,structural
100,7.93134E+01,occupants
100,7.84641E+08,structural
101,3.93175E+01,occupants
101,3.58673E+08,structural
102,1.66935E+01,occupants
102,2.83432E+08,structural
103,1.57239E+02,occupants
103,1.90148E+09,structural
104,3.39876E+02,occupants
104,4.15297E+09,structural
105,5.63592E+01,occupants
105,1.66334E+09,structural
106,1.45341E+01,occupants
106,5.95127E+08,structural
107,2.83021E+00,occupants
107,2.49318E+08,structural
108,1.88473E+02,occupants
108,4.41622E+09,structural
109,5.91838E+02,occupants
109,9.89378E+09,structural
110,5.63592E+01,occupants
110,1.89989E+09,structural
111,1.45341E+01,occupants
111,6.43395E+08,structural
112,2.83021E+00,occupants
112,1.84611E+08,structural
113,1.88473E+02,occupants
113,4.45995E+09,structural
114,5.91838E+02,occupants
114,9.88629E+09,structural
115,5.63592E+01,occupants
115,1.72538E+09,structural
116,1.45341E+01,occupants
116,6.99535E+08,structural
117,2.83021E+00,occupants
117,2.02137E+08,structural
118,1.88473E+02,occupants
118,4.25267E+09,structural
119,5.91838E+02,occupants
119,9.77414E+09,structural
120,1.27565E+02,occupants
120,1.61930E+09,structural
121,5.77392E+01,occupants
121,8.31747E+08,structural
122,2.29062E+01,occupants
122,2.83124E+08,structural
123,2.71869E+02,occupants
123,3.34774E+09,structural
124,5.87101E+02,occupants
124,7.66420E+09,structural
125,1.27565E+02,occupants
125,1.62010E+09,structural
126,5.77392E+01,occupants
126,8.65277E+08,structural
127,2.29062E+01,occupants
127,3.96002E+08,structural
128,2.71869E+02,occupants
128,3.36376E+09,structural
129,5.87101E+02,occupants
129,6.98508E+09,structural
130,1.27565E+02,occupants
130,1.60295E+09,structural
131,5.77392E+01,occupants
131,7.38456E+08,structural
132,2.29062E+01,occupants
132,3.63893E+08,structural
133,2.71869E+02,occupants
133,3.34515E+09,structural
134,5.87101E+02,occupants
134,7.57141E+09,structural
135,6.01912E+01,occupants
135,1.06617E+09,structural
136,2.68726E+01,occupants
136,4.37390E+08,structural
137,1.04497E+01,occupants
137,1.51191E+08,structural
138,1.36197E+02,occupants
138,2.41451E+09,structural
139,3.39668E+02,occupants
139,5.99164E+09,structural
140,6.01912E+01,occupants
140,9.45731E+08,structural
141,2.68726E+01,occupants
141,4.32527E+08,structural
142,1.04497E+01,occupants
142,1.50153E+08,structural
143,1.36197E+02,occupants
143,2.47936E+09,structural
144,3.39668E+02,occupants
144,5.58753E+09,structural
145,6.01912E+01,occupants
145,1.17500E+09,structural
146,2.68726E+01,occupants
146,5.24140E+08,structural
147,1.04497E+01,occupants
147,1.66458E+08,structural
148,1.36197E+02,occupants
148,2.39580E+09,structural
149,3.39668E+02,occupants
149,5.81259E+09,structural
150,1.81928E+02,occupants
150,1.58535E+09,structural
151,9.09691E+01,occupants
151,9.57653E+08,structural
152,3.82881E+01,occupants
152,2.95761E+08,structural
153,3.44229E+02,occupants
153,3.62364E+09,structural
154,6.79821E+02,occupants
154,6.94721E+09,structural
155,1.81928E+02,occupants
155,1.72387E+09,structural
156,9.09691E+01,occupants
156,1.00107E+09,structural
157,3.82881E+01,occupants
157,2.88183E+08,structural
158,3.44229E+02,occupants
158,3.62323E+09,structural
159,6.79821E+02,occupants
159,7.12625E+09,structural
160,1.81928E+02,occupants
160,1.68245E+09,structural
161,9.09691E+01,occupants
161,1.00214E+09,structural
162,3.82881E+01,occupants
162,3.37965E+08,structural
163,3.44229E+02,occupants
163,3.64520E+09,structural
164,6.79821E+02,occupants
164,7.12731E+09,structural
165,2.48590E+01,occupants
165,6.21345E+08,structural
166,8.54758E+00,occupants
166,2.91950E+08,structural
167,2.75415E+00,occupants
167,9.88099E+07,structural
168,7.16166E+01,occupants
168,1.59184E+09,structural
169,2.12141E+02,occupants
169,3.86923E+09,structural
170,2.48590E+01,occupants
170,6.99445E+08,structural
171,8.54758E+00,occupants
171,3.53264E+08,structural
172,2.75415E+00,occupants
172,1.37907E+08,structural
173,7.16166E+01,occupants
173,1.60729E+09,structural
174,2.12141E+02,occupants
174,3.77777E+09,structural
175,2.48590E+01,occupants
175,6.09894E+08,structural
176,8.54758E+00,occupants
176,3.85598E+08,structural
177,2.75415E+00,occupants
177,1.28022E+08,structural
178,7.16166E+01,occupants
178,1.56779E+09,structural
179,2.12141E+02,occupants
179,3.66503E+09,structural
180,2.83137E+01,occupants
180,5.77417E+08,structural
181,8.95836E+00,occupants
181,1.94814E+08,structural
182,2.36974E+00,occupants
182,4.57020E+07,structural
183,8.31551E+01,occupants
183,1.62982E+09,structural
184,2.45789E+02,occupants
184,4.40902E+09,structural
185,2.83137E+01,occupants
185,6.66784E+08,structural
186,8.95836E+00,occupants
186,2.00711E+08,structural
187,2.36974E+00,occupants
187,7.70801E+07,structural
188,8.31551E+01,occupants
188,1.62817E+09,structural
189,2.45789E+02,occupants
189,4.33835E+09,structural
190,2.83137E+01,occupants
190,6.38679E+08,structural
191,8.95836E+00,occupants
191,1.85367E+08,structural
192,2.36974E+00,occupants
192,6.41126E+07,structural
193,8.31551E+01,occupants
193,1.66122E+09,structural
194,2.45789E+02,occupants
194,4.08264E+09,structural
195,7.08343E+01,occupants
195,7.70071E+08,structural
196,2.88170E+01,occupants
196,4.07322E+08,structural
197,9.27509E+00,occupants
197,8.84262E+07,structural
198,1.59458E+02,occupants
198,1.44971E+09,structural
199,3.63676E+02,occupants
199,3.86703E+09,structural
200,7.08343E+01,occupants
200,5.71375E+08,structural
201,2.88170E+01,occupants
201,3.28855E+08,structural
202,9.27509E+00,occupants
202,1.67924E+08,structural
203,1.59458E+02,occupants
203,1.65526E+09,structural
204,3.63676E+02,occupants
204,3.75499E+09,structural
205,7.08343E+01,occupants
205,7.23499E+08,structural
206,2.88170E+01,occupants
206,3.47577E+08,structural
207,9.27509E+00,occupants
207,1.44832E+08,structural
208,1.59458E+02,occupants
208,1.77593E+09,structural
209,3.63676E+02,occupants
209,3.61869E+09,structural
210,1.94436E+02,occupants
210,1.45499E+09,structural
211,1.13312E+02,occupants
211,7.31786E+08,structural
212,6.12058E+01,occupants
212,2.42362E+08,structural
213,3.34883E+02,occupants
213,2.92607E+09,structural
214,6.19878E+02,occupants
214,6.40612E+09,structural
215,1.94436E+02,occupants
215,1.46188E+09,structural
216,1.13312E+02,occupants
216,8.11871E+08,structural
217,6.12058E+01,occupants
217,3.61754E+08,structural
218,3.34883E+02,occupants
218,2.93898E+09,structural
219,6.19878E+02,occupants
219,6.46639E+09,structural
220,1.94436E+02,occupants
220,1.50825E+09,structural
221,1.13312E+02,occupants
221,8.87313E+08,structural
222,6.12058E+01,occupants
222,3.67197E+08,structural
223,3.34883E+02,occupants
223,2.94678E+09,structural
224,6.19878E+02,occupants
224,6.17842E+09,structural
225,1.14503E+02,occupants
225,1.48728E+09,structural
226,4.95072E+01,occupants
226,6.86711E+08,structural
227,1.67759E+01,occupants
227,2.49647E+08,structural
228,2.40363E+02,occupants
228,3.27192E+09,structural
229,5.08235E+02,occupants
229,5.99964E+09,structural
230,1.14503E+02,occupants
230,1.71220E+09,structural
231,4.95072E+01,occupants
231,7.71894E+08,structural
232,1.67759E+01,occupants
232,3.27855E+08,structural
233,2.40363E+02,occupants
233,2.99751E+09,structural
234,5.08235E+02,occupants
234,6.20348E+09,structural
235,1.14503E+02,occupants
235,1.58410E+09,structural
236,4.95072E+01,occupants
236,7.18189E+08,structural
237,1.67759E+01,occupants
237,2.55423E+08,structural
238,2.40363E+02,occupants
238,2.89400E+09,structural
239,5.08235E+02,occupants
239,5.89800E+09,structural
240,2.96725E+01,occupants
240,7.84996E+08,structural
241,9.38921E+00,occupants
241,2.91999E+08,structural
242,2.61043E+00,occupants
242,7.48001E+07,structural
243,9.08040E+01,occupants
243,2.09445E+09,structural
244,2.81599E+02,occupants
244,5.64157E+09,structural
245,2.96725E+01,occupants
245,8.27212E+08,structural
246,9.38921E+00,occupants
246,3.19753E+08,structural
247,2.61043E+00,occupants
247,1.16007E+08,structural
248,9.08040E+01,occupants
248,2.15237E+09,structural
249,2.81599E+02,occupants
249,5.47627E+09,structural
250,2.96725E+01,occupants
250,8.56065E+08,structural
251,9.38921E+00,occupants
251,3.67404E+08,structural
252,2.61043E+00,occupants
252,9.01914E+07,structural
253,9.08040E+01,occupants
253,1.97603E+09,structural
254,2.81599E+02,occupants
254,5.26498E+09,structural
255,4.57286E+02,occupants
255,4.85487E+09,structural
256,2.39252E+02,occupants
256,2.37137E+09,structural
257,1.06830E+02,occupants
257,9.24022E+08,structural
258,8.21649E+02,occupants
258,8.62645E+09,structural
259,1.48908E+03,occupants
259,1.54415E+10,structural
260,4.57286E+02,occupants
260,4.48803E+09,structural
261,2.39252E+02,occupants
261,1.94293E+09,structural
262,1.06830E+02,occupants
262,8.06093E+08,structural
263,8.21649E+02,occupants
263,8.19899E+09,structural
264,1.48908E+03,occupants
264,1.63161E+10,structural
265,4.57286E+02,occupants
265,4.24042E+09,structural
266,2.39252E+02,occupants
266,2.70827E+09,structural
267,1.06830E+02,occupants
267,9.43963E+08,structural
268,8.21649E+02,occupants
268,8.42358E+09,structural
269,1.48908E+03,occupants
269,1.65190E+10,structural
270,4.83951E+01,occupants
270,8.69673E+08,structural
271,1.71511E+01,occupants
271,3.46649E+08,structural
272,4.48526E+00,occupants
272,1.66903E+08,structural
273,1.18816E+02,occupants
273,1.83208E+09,structural
274,2.87199E+02,occupants
274,4.12906E+09,structural
275,4.83951E+01,occupants
275,9.01585E+08,structural
276,1.71511E+01,occupants
276,3.93719E+08,structural
277,4.48526E+00,occupants
277,1.32187E+08,structural
278,1.18816E+02,occupants
278,1.82985E+09,structural
279,2.87199E+02,occupants
279,4.39296E+09,structural
280,4.83951E+01,occupants
280,8.45195E+08,structural
281,1.71511E+01,occupants
281,3.52947E+08,structural
282,4.48526E+00,occupants
282,1.70059E+08,structural
283,1.18816E+02,occupants
283,1.87580E+09,structural
284,2.87199E+02,occupants
284,4.45093E+09,structural
285,9.29052E+02,occupants
285,1.04937E+10,structural
286,4.96640E+02,occupants
286,6.41057E+09,structural
287,2.24746E+02,occupants
287,3.40500E+09,structural
288,1.61043E+03,occupants
288,1.59331E+10,structural
289,2.73963E+03,occupants
289,2.63495E+10,structural
290,9.29052E+02,occupants
290,1.01446E+10,structural
291,4.96640E+02,occupants
291,5.62910E+09,structural
292,2.24746E+02,occupants
292,3.00436E+09,structural
293,1.61043E+03,occupants
293,1.59780E+10,structural
294,2.73963E+03,occupants
294,2.57630E+10,structural
295,9.29052E+02,occupants
295,9.71551E+09,structural
296,4.96640E+02,occupants
296,5.83267E+09,structural
297,2.24746E+02,occupants
297,3.00501E+09,structural
298,1.61043E+03,occupants
298,1.64121E+10,structural
299,2.73963E+03,occupants
299,2.59081E+10,structural
300,1.81738E+02,occupants
300,2.42346E+09,structural
301,8.03824E+01,occupants
301,1.19763E+09,structural
302,3.09933E+01,occupants
302,6.43082E+08,structural
303,4.03340E+02,occupants
303,4.87709E+09,structural
304,9.28843E+02,occupants
304,1.01604E+10,structural
305,1.81738E+02,occupants
305,2.48306E+09,structural
306,8.03824E+01,occupants
306,1.14802E+09,structural
307,3.09933E+01,occupants
307,5.48627E+08,structural
308,4.03340E+02,occupants
308,4.91878E+09,structural
309,9.28843E+02,occupants
309,1.05645E+10,structural
310,1.81738E+02,occupants
310,2.65695E+09,structural
311,8.03824E+01,occupants
311,1.26454E+09,structural
312,3.09933E+01,occupants
312,5.05478E+08,structural
313,4.03340E+02,occupants
313,5.20322E+09,structural
314,9.28843E+02,occupants
314,9.66881E+09,structural
315,1.48844E+02,occupants
315,2.07554E+09,structural
316,6.55313E+01,occupants
316,1.09964E+09,structural
317,2.31878E+01,occupants
317,4.17184E+08,structural
318,3.11803E+02,occupants
318,4.73293E+09,structural
319,6.59588E+02,occupants
319,8.73282E+09,structural
320,1.48844E+02,occupants
320,1.98595E+09,structural
321,6.55313E+01,occupants
321,1.37293E+09,structural
322,2.31878E+01,occupants
322,6.97212E+08,structural
323,3.11803E+02,occupants
323,4.12066E+09,structural
324,6.59588E+02,occupants
324,8.68602E+09,structural
325,1.48844E+02,occupants
325,2.28314E+09,structural
326,6.55313E+01,occupants
326,1.22018E+09,structural
327,2.31878E+01,occupants
327,6.35230E+08,structural
328,3.11803E+02,occupants
328,5.02207E+09,structural
329,6.59588E+02,occupants
329,8.73928E+09,structural
330,5.26946E+01,occupants
330,1.39666E+09,structural
331,2.12311E+01,occupants
331,3.70928E+08,structural
332,6.63715E+00,occupants
332,1.31173E+08,structural
333,1.16494E+02,occupants
333,1.63252E+09,structural
334,2.51981E+02,occupants
334,3.45350E+09,structural
335,5.26946E+01,occupants
335,9.81695E+08,structural
336,2.12311E+01,occupants
336,3.53798E+08,structural
337,6.63715E+00,occupants
337,1.46036E+08,structural
338,1.16494E+02,occupants
338,2.02397E+09,structural
339,2.51981E+02,occupants
339,3.90004E+09,structural
340,5.26946E+01,occupants
340,6.47884E+08,structural
341,2.12311E+01,occupants
341,4.39411E+08,structural
342,6.63715E+00,occupants
342,1.73357E+08,structural
343,1.16494E+02,occupants
343,1.85146E+09,structural
344,2.51981E+02,occupants
344,3.15923E+09,structural
345,6.34040E+01,occupants
345,9.94906E+08,structural
346,2.57029E+01,occupants
346,3.39314E+08,structural
347,8.03475E+00,occupants
347,1.78114E+08,structural
348,1.41199E+02,occupants
348,2.02943E+09,structural
349,3.15395E+02,occupants
349,5.22046E+09,structural
350,6.34040E+01,occupants
350,7.64807E+08,structural
351,2.57029E+01,occupants
351,3.33276E+08,structural
352,8.03475E+00,occupants
352,1.27900E+08,structural
353,1.41199E+02,occupants
353,2.11475E+09,structural
354,3.15395E+02,occupants
354,4.97876E+09,structural
355,6.34040E+01,occupants
355,8.81962E+08,structural
356,2.57029E+01,occupants
356,2.75836E+08,structural
357,8.03475E+00,occupants
357,1.31911E+08,structural
358,1.41199E+02,occupants
358,1.93355E+09,structural
359,3.15395E+02,occupants
359,4.77391E+09,structural
360,5.06645E+01,occupants
360,1.02016E+09,structural
361,1.75298E+01,occupants
361,4.36585E+08,structural
362,4.40025E+00,occupants
362,1.90635E+08,structural
363,1.24429E+02,occupants
363,1.47882E+09,structural
364,2.85660E+02,occupants
364,3.75938E+09,structural
365,5.06645E+01,occupants
365,7.67447E+08,structural
366,1.75298E+01,occupants
366,5.18055E+08,structural
367,4.40025E+00,occupants
367,1.68143E+08,structural
368,1.24429E+02,occupants
368,1.81620E+09,structural
369,2.85660E+02,occupants
369,3.78587E+09,structural
370,5.06645E+01,occupants
370,7.43759E+08,structural
371,1.75298E+01,occupants
371,5.60779E+08,structural
372,4.40025E+00,occupants
372,1.91833E+08,structural
373,1.24429E+02,occupants
373,1.66799E+09,structural
374,2.85660E+02,occupants
374,3.14438E+09,structural
375,4.15775E+01,occupants
375,6.71159E+08,structural
376,1.47013E+01,occupants
376,2.57679E+08,structural
377,3.96272E+00,occupants
377,1.32534E+08,structural
378,1.06809E+02,occupants
378,1.49687E+09,structural
379,2.81119E+02,occupants
379,3.79150E+09,structural
380,4.15775E+01,occupants
380,8.01225E+08,structural
381,1.47013E+01,occupants
381,3.37671E+08,structural
382,3.96272E+00,occupants
382,1.11274E+08,structural
383,1.06809E+02,occupants
383,1.51298E+09,structural
384,2.81119E+02,occupants
384,3.69391E+09,structural
385,4.15775E+01,occupants
385,6.39422E+08,structural
386,1.47013E+01,occupants
386,3.37853E+08,structural
387,3.96272E+00,occupants
387,1.35588E+08,structural
388,1.06809E+02,occupants
388,1.40169E+09,structural
389,2.81119E+02,occupants
389,3.69387E+09,structural
390,6.31387E+01,occupants
390,1.22273E+09,structural
391,2.11169E+01,occupants
391,4.59730E+08,structural
392,5.14614E+00,occupants
392,1.88443E+08,structural
393,1.62507E+02,occupants
393,2.91877E+09,structural
394,4.11924E+02,occupants
394,6.44638E+09,structural
395,6.31387E+01,occupants
395,1.18651E+09,structural
396,2.11169E+01,occupants
396,6.16280E+08,structural
397,5.14614E+00,occupants
397,1.62032E+08,structural
398,1.62507E+02,occupants
398,2.74714E+09,structural
399,4.11924E+02,occupants
399,6.84368E+09,structural
400,6.31387E+01,occupants
400,1.19547E+09,structural
401,2.11169E+01,occupants
401,5.21777E+08,structural
402,5.14614E+00,occupants
402,1.68771E+08,structural
403,1.62507E+02,occupants
403,2.84019E+09,structural
404,4.11924E+02,occupants
404,6.51248E+09,structural
405,6.74957E+01,occupants
405,1.03774E+09,structural
406,2.69814E+01,occupants
406,3.15504E+08,structural
407,8.54147E+00,occupants
407,1.34975E+08,structural
408,1.54109E+02,occupants
408,1.95130E+09,structural
409,3.53345E+02,occupants
409,4.69598E+09,structural
410,6.74957E+01,occupants
410,1.19371E+09,structural
411,2.69814E+01,occupants
411,4.17374E+08,structural
412,8.54147E+00,occupants
412,1.57986E+08,structural
413,1.54109E+02,occupants
413,1.94541E+09,structural
414,3.53345E+02,occupants
414,4.90440E+09,structural
415,6.74957E+01,occupants
415,9.67802E+08,structural
416,2.69814E+01,occupants
416,4.52914E+08,structural
417,8.54147E+00,occupants
417,1.23494E+08,structural
418,1.54109E+02,occupants
418,1.99611E+09,structural
419,3.53345E+02,occupants
419,4.22199E+09,structural
420,2.38796E+01,occupants
420,5.96791E+08,structural
421,8.04528E+00,occupants
421,2.84228E+08,structural
422,2.06339E+00,occupants
422,1.00919E+08,structural
423,6.33543E+01,occupants
423,1.27507E+09,structural
424,1.67728E+02,occupants
424,2.61461E+09,structural
425,2.38796E+01,occupants
425,5.87995E+08,structural
426,8.04528E+00,occupants
426,2.63908E+08,structural
427,2.06339E+00,occupants
427,1.08616E+08,structural
428,6.33543E+01,occupants
428,1.34829E+09,structural
429,1.67728E+02,occupants
429,2.74632E+09,structural
430,2.38796E+01,occupants
430,5.62557E+08,structural
431,8.04528E+00,occupants
431,2.72726E+08,structural
432,2.06339E+00,occupants
432,1.03426E+08,structural
433,6.33543E+01,occupants
433,1.19781E+09,structural
434,1.67728E+02,occupants
434,2.85284E+09,structural
435,5.41917E+01,occupants
435,1.53120E+09,structural
436,1.32688E+01,occupants
436,5.04975E+08,structural
437,2.34301E+00,occupants
437,1.27966E+08,structural
438,1.77474E+02,occupants
438,3.90530E+09,structural
439,5.27717E+02,occupants
439,9.61656E+09,structural
440,5.41917E+01,occupants
440,1.53353E+09,structural
441,1.32688E+01,occupants
441,5.82753E+08,structural
442,2.34301E+00,occupants
442,1.64458E+08,structural
443,1.77474E+02,occupants
443,3.81732E+09,structural
444,5.27717E+02,occupants
444,9.75935E+09,structural
445,5.41917E+01,occupants
445,1.58265E+09,structural
446,1.32688E+01,occupants
446,5.88217E+08,structural
447,2.34301E+00,occupants
447,1.78471E+08,structural
448,1.77474E+02,occupants
448,4.19561E+09,structural
449,5.27717E+02,occupants
449,8.99251E+09,structural
450,4.24062E+01,occupants
450,1.10177E+09,structural
451,1.65496E+01,occupants
451,6.21379E+08,structural
452,5.34692E+00,occupants
452,2.32767E+08,structural
453,1.03652E+02,occupants
453,2.30284E+09,structural
454,2.60853E+02,occupants
454,4.84913E+09,structural
455,4.24062E+01,occupants
455,1.29426E+09,structural
456,1.65496E+01,occupants
456,5.96678E+08,structural
457,5.34692E+00,occupants
457,3.23606E+08,structural
458,1.03652E+02,occupants
458,2.16462E+09,structural
459,2.60853E+02,occupants
459,4.84077E+09,structural
460,4.24062E+01,occupants
460,1.23018E+09,structural
461,1.65496E+01,occupants
461,5.92101E+08,structural
462,5.34692E+00,occupants
462,2.27184E+08,structural
463,1.03652E+02,occupants
463,2.13546E+09,structural
464,2.60853E+02,occupants
464,4.56206E+09,structural
465,7.82673E+01,occupants
465,1.02390E+09,structural
466,3.29099E+01,occupants
466,3.89307E+08,structural
467,1.07971E+01,occupants
467,1.17226E+08,structural
468,1.68326E+02,occupants
468,2.17527E+09,structural
469,3.66034E+02,occupants
469,4.58930E+09,structural
470,7.82673E+01,occupants
470,9.90140E+08,structural
471,3.29099E+01,occupants
471,3.32761E+08,structural
472,1.07971E+01,occupants
472,9.83047E+07,structural
473,1.68326E+02,occupants
473,2.04740E+09,structural
474,3.66034E+02,occupants
474,4.38737E+09,structural
475,7.82673E+01,occupants
475,9.48821E+08,structural
476,3.29099E+01,occupants
476,4.22028E+08,structural
477,1.07971E+01,occupants
477,1.40594E+08,structural
478,1.68326E+02,occupants
478,1.88659E+09,structural
479,3.66034E+02,occupants
479,4.76197E+09,structural
480,1.86735E+02,occupants
480,4.21931E+09,structural
481,6.64406E+01,occupants
481,1.92059E+09,structural
482,1.95857E+01,occupants
482,5.99448E+08,structural
483,4.72303E+02,occupants
483,8.79020E+09,structural
484,1.12726E+03,occupants
484,1.80589E+10,structural
485,1.86735E+02,occupants
485,4.23001E+09,structural
486,6.64406E+01,occupants
486,1.86653E+09,structural
487,1.95857E+01,occupants
487,6.33465E+08,structural
488,4.72303E+02,occupants
488,8.81497E+09,structural
489,1.12726E+03,occupants
489,1.81741E+10,structural
490,1.86735E+02,occupants
490,4.14381E+09,structural
491,6.64406E+01,occupants
491,1.80596E+09,structural
492,1.95857E+01,occupants
492,6.96856E+08,structural
493,4.72303E+02,occupants
493,9.38626E+09,structural
494,1.12726E+03,occupants
494,1.83360E+10,structural
495,1.07131E+02,occupants
495,1.09481E+09,structural
496,4.82926E+01,occupants
496,6.26138E+08,structural
497,1.75665E+01,occupants
497,2.49699E+08,structural
498,2.20438E+02,occupants
498,2.70709E+09,structural
499,4.67469E+02,occupants
499,5.44114E+09,structural
500,1.07131E+02,occupants
500,1.44447E+09,structural
501,4.82926E+01,occupants
501,6.10028E+08,structural
502,1.75665E+01,occupants
502,2.65358E+08,structural
503,2.20438E+02,occupants
503,2.37892E+09,structural
504,4.67469E+02,occupants
504,5.48390E+09,structural
505,1.07131E+02,occupants
505,1.08516E+09,structural
506,4.82926E+01,occupants
506,5.38932E+08,structural
507,1.75665E+01,occupants
507,2.50064E+08,structural
508,2.20438E+02,occupants
508,2.53710E+09,structural
509,4.67469E+02,occupants
509,6.27860E+09,structural
510,2.03340E+02,occupants
510,2.89021E+09,structural
511,1.08890E+02,occupants
511,1.31339E+09,structural
512,5.13589E+01,occupants
512,5.74482E+08,structural
513,3.83657E+02,occupants
513,4.98846E+09,structural
514,7.97106E+02,occupants
514,1.06595E+10,structural
515,2.03340E+02,occupants
515,2.71814E+09,structural
516,1.08890E+02,occupants
516,1.41202E+09,structural
517,5.13589E+01,occupants
517,7.55756E+08,structural
518,3.83657E+02,occupants
518,5.44782E+09,structural
519,7.97106E+02,occupants
519,1.03188E+10,structural
520,2.03340E+02,occupants
520,2.76839E+09,structural
521,1.08890E+02,occupants
521,1.43618E+09,structural
522,5.13589E+01,occupants
522,7.18637E+08,structural
523,3.83657E+02,occupants
523,4.99118E+09,structural
524,7.97106E+02,occupants
524,1.00992E+10,structural
525,1.01850E+02,occupants
525,1.60940E+09,structural
526,4.58159E+01,occupants
526,6.50183E+08,structural
527,1.75285E+01,occupants
527,2.41549E+08,structural
528,2.17483E+02,occupants
528,3.06995E+09,structural
529,4.84338E+02,occupants
529,7.11614E+09,structural
530,1.01850E+02,occupants
530,1.43964E+09,structural
531,4.58159E+01,occupants
531,6.19262E+08,structural
532,1.75285E+01,occupants
532,2.49949E+08,structural
533,2.17483E+02,occupants
533,3.01681E+09,structural
534,4.84338E+02,occupants
534,6.30228E+09,structural
535,1.01850E+02,occupants
535,1.54825E+09,structural
536,4.58159E+01,occupants
536,6.19819E+08,structural
537,1.75285E+01,occupants
537,2.87813E+08,structural
538,2.17483E+02,occupants
538,3.36042E+09,structural
539,4.84338E+02,occupants
539,6.56358E+09,structural
540,3.01320E+02,occupants
540,2.55880E+09,structural
541,1.70525E+02,occupants
541,1.40898E+09,structural
542,8.61179E+01,occupants
542,5.92911E+08,structural
543,5.17676E+02,occupants
543,4.85717E+09,structural
544,9.27034E+02,occupants
544,8.67602E+09,structural
545,3.01320E+02,occupants
545,2.77657E+09,structural
546,1.70525E+02,occupants
546,1.16452E+09,structural
547,8.61179E+01,occupants
547,6.82342E+08,structural
548,5.17676E+02,occupants
548,4.86456E+09,structural
549,9.27034E+02,occupants
549,9.24408E+09,structural
550,3.01320E+02,occupants
550,2.35252E+09,structural
551,1.70525E+02,occupants
551,1.36622E+09,structural
552,8.61179E+01,occupants
552,6.63714E+08,structural
553,5.17676E+02,occupants
553,4.22165E+09,structural
554,9.27034E+02,occupants
554,8.83582E+09,structural
555,8.76745E+01,occupants
555,1.77880E+09,structural
556,3.83300E+01,occupants
556,8.91922E+08,structural
557,1.43312E+01,occupants
557,3.90594E+08,structural
558,1.91800E+02,occupants
558,3.23670E+09,structural
559,4.35872E+02,occupants
559,6.93537E+09,structural
560,8.76745E+01,occupants
560,1.87882E+09,structural
561,3.83300E+01,occupants
561,9.30777E+08,structural
562,1.43312E+01,occupants
562,3.68369E+08,structural
563,1.91800E+02,occupants
563,3.60784E+09,structural
564,4.35872E+02,occupants
564,6.58567E+09,structural
565,8.76745E+01,occupants
565,1.86856E+09,structural
566,3.83300E+01,occupants
566,9.63323E+08,structural
567,1.43312E+01,occupants
567,4.28559E+08,structural
568,1.91800E+02,occupants
568,3.49673E+09,structural
569,4.35872E+02,occupants
569,7.21671E+09,structural
570,2.52327E+02,occupants
570,4.47150E+09,structural
571,1.15443E+02,occupants
571,1.95947E+09,structural
572,4.50110E+01,occupants
572,1.05008E+09,structural
573,5.22338E+02,occupants
573,6.15992E+09,structural
574,1.08420E+03,occupants
574,1.24019E+10,structural
575,2.52327E+02,occupants
575,3.89780E+09,structural
576,1.15443E+02,occupants
576,1.94757E+09,structural
577,4.50110E+01,occupants
577,1.06744E+09,structural
578,5.22338E+02,occupants
578,6.03347E+09,structural
579,1.08420E+03,occupants
579,1.24013E+10,structural
580,2.52327E+02,occupants
580,4.38484E+09,structural
581,1.15443E+02,occupants
581,2.30177E+09,structural
582,4.50110E+01,occupants
582,1.04396E+09,structural
583,5.22338E+02,occupants
583,7.29688E+09,structural
584,1.08420E+03,occupants
584,1.19337E+10,structural
585,1.71140E+02,occupants
585,1.50266E+09,structural
586,7.52922E+01,occupants
586,8.75679E+08,structural
587,2.73571E+01,occupants
587,4.95016E+08,structural
588,3.55524E+02,occupants
588,3.23341E+09,structural
589,7.13480E+02,occupants
589,6.59133E+09,structural
590,1.71140E+02,occupants
590,1.86766E+09,structural
591,7.52922E+01,occupants
591,7.91673E+08,structural
592,2.73571E+01,occupants
592,3.11300E+08,structural
593,3.55524E+02,occupants
593,3.55272E+09,structural
594,7.13480E+02,occupants
594,6.05259E+09,structural
595,1.71140E+02,occupants
595,1.98106E+09,structural
596,7.52922E+01,occupants
596,9.30366E+08,structural
597,2.73571E+01,occupants
597,3.01719E+08,structural
598,3.55524E+02,occupants
598,3.83845E+09,structural
599,7.13480E+02,occupants
599,5.78439E+09,structural
600,3.10458E+01,occupants
600,7.75119E+08,structural
601,1.01493E+01,occupants
601,3.58113E+08,structural
602,2.48265E+00,occupants
602,1.71234E+08,structural
603,8.48325E+01,occupants
603,1.73968E+09,structural
604,2.36378E+02,occupants
604,3.79162E+09,structural
605,3.10458E+01,occupants
605,9.55434E+08,structural
606,1.01493E+01,occupants
606,3.93236E+08,structural
607,2.48265E+00,occupants
607,2.16227E+08,structural
608,8.48325E+01,occupants
608,1.81093E+09,structural
609,2.36378E+02,occupants
609,3.91458E+09,structural
610,3.10458E+01,occupants
610,8.06864E+08,structural
611,1.01493E+01,occupants
611,3.18370E+08,structural
612,2.48265E+00,occupants
612,2.09432E+08,structural
613,8.48325E+01,occupants
613,1.72988E+09,structural
614,2.36378E+02,occupants
614,3.59475E+09,structural
615,2.11320E+02,occupants
615,1.73296E+09,structural
616,1.06909E+02,occupants
616,1.28759E+09,structural
617,4.46620E+01,occupants
617,6.51538E+08,structural
618,3.86476E+02,occupants
618,3.60908E+09,structural
619,7.13902E+02,occupants
619,7.74609E+09,structural
620,2.11320E+02,occupants
620,1.93498E+09,structural
621,1.06909E+02,occupants
621,9.67800E+08,structural
622,4.46620E+01,occupants
622,5.06004E+08,structural
623,3.86476E+02,occupants
623,3.45518E+09,structural
624,7.13902E+02,occupants
624,7.38303E+09,structural
625,2.11320E+02,occupants
625,2.04292E+09,structural
626,1.06909E+02,occupants
626,1.16660E+09,structural
627,4.46620E+01,occupants
627,4.13134E+08,structural
628,3.86476E+02,occupants
628,3.84721E+09,structural
629,7.13902E+02,occupants
629,7.10078E+09,structural
630,8.93423E+01,occupants
630,7.35118E+08,structural
631,3.92408E+01,occupants
631,5.69299E+08,structural
632,1.28153E+01,occupants
632,1.67314E+08,structural
633,1.77000E+02,occupants
633,1.60762E+09,structural
634,3.45396E+02,occupants
634,3.50804E+09,structural
635,8.93423E+01,occupants
635,1.17716E+09,structural
636,3.92408E+01,occupants
636,3.98679E+08,structural
637,1.28153E+01,occupants
637,1.71928E+08,structural
638,1.77000E+02,occupants
638,1.51155E+09,structural
639,3.45396E+02,occupants
639,3.48910E+09,structural
640,8.93423E+01,occupants
640,8.82561E+08,structural
641,3.92408E+01,occupants
641,4.14630E+08,structural
642,1.28153E+01,occupants
642,1.33422E+08,structural
643,1.77000E+02,occupants
643,1.71587E+09,structural
644,3.45396E+02,occupants
644,3.42522E+09,structural
645,3.92229E+02,occupants
645,3.11111E+09,structural
646,2.33558E+02,occupants
646,1.93470E+09,structural
647,1.20557E+02,occupants
647,1.03836E+09,structural
648,6.19895E+02,occupants
648,4.99226E+09,structural
649,9.77203E+02,occupants
649,8.20792E+09,structural
650,3.92229E+02,occupants
650,3.25599E+09,structural
651,2.33558E+02,occupants
651,2.23359E+09,structural
652,1.20557E+02,occupants
652,9.18509E+08,structural
653,6.19895E+02,occupants
653,5.19936E+09,structural
654,9.77203E+02,occupants
654,8.22679E+09,structural
655,3.92229E+02,occupants
655,3.15086E+09,structural
656,2.33558E+02,occupants
656,1.57302E+09,structural
657,1.20557E+02,occupants
657,1.08494E+09,structural
658,6.19895E+02,occupants
658,4.94390E+09,structural
659,9.77203E+02,occupants
659,9.11509E+09,structural
660,2.74108E+02,occupants
660,5.55049E+09,structural
661,1.30304E+02,occupants
661,2.79155E+09,structural
662,5.46247E+01,occupants
662,1.55858E+09,structural
663,5.48933E+02,occupants
663,8.59102E+09,structural
664,1.11308E+03,occupants
664,1.60496E+10,structural
665,2.74108E+02,occupants
665,5.51351E+09,structural
666,1.30304E+02,occupants
666,3.19157E+09,structural
667,5.46247E+01,occupants
667,1.52974E+09,structural
668,5.48933E+02,occupants
668,9.01996E+09,structural
669,1.11308E+03,occupants
669,1.56128E+10,structural
670,2.74108E+02,occupants
670,5.28849E+09,structural
671,1.30304E+02,occupants
671,2.80223E+09,structural
672,5.46247E+01,occupants
672,1.36338E+09,structural
673,5.48933E+02,occupants
673,8.92129E+09,structural
674,1.11308E+03,occupants
674,1.58396E+10,structural
675,7.38933E+00,occupants
675,4.42393E+08,structural
676,2.02030E+00,occupants
676,1.62534E+08,structural
677,4.45946E-01,occupants
677,5.60931E+07,structural
678,2.55232E+01,occupants
678,9.21291E+08,structural
679,9.20646E+01,occupants
679,2.38992E+09,structural
680,7.38933E+00,occupants
680,4.79964E+08,structural
681,2.02030E+00,occupants
681,1.82303E+08,structural
682,4.45946E-01,occupants
682,5.44546E+07,structural
683,2.55232E+01,occupants
683,1.02535E+09,structural
684,9.20646E+01,occupants
684,2.61448E+09,structural
685,7.38933E+00,occupants
685,3.58086E+08,structural
686,2.02030E+00,occupants
686,1.60220E+08,structural
687,4.45946E-01,occupants
687,6.09398E+07,structural
688,2.55232E+01,occupants
688,1.03861E+09,structural
689,9.20646E+01,occupants
689,2.73854E+09,structural
690,4.41693E+02,occupants
690,3.96819E+09,structural
691,2.39431E+02,occupants
691,1.98708E+09,structural
692,1.06049E+02,occupants
692,9.93505E+08,structural
693,7.43852E+02,occupants
693,6.32708E+09,structural
694,1.24037E+03,occupants
694,1.13315E+10,structural
695,4.41693E+02,occupants
695,4.21462E+09,structural
696,2.39431E+02,occupants
696,1.96729E+09,structural
697,1.06049E+02,occupants
697,1.21197E+09,structural
698,7.43852E+02,occupants
698,5.83279E+09,structural
699,1.24037E+03,occupants
699,1.13198E+10,structural
700,4.41693E+02,occupants
700,3.77473E+09,structural
701,2.39431E+02,occupants
701,1.95801E+09,structural
702,1.06049E+02,occupants
702,1.08260E+09,structural
703,7.43852E+02,occupants
703,6.17228E+09,structural
704,1.24037E+03,occupants
704,1.13408E+10,structural
705,8.83214E+01,occupants
705,1.69777E+09,structural
706,3.87526E+01,occupants
706,7.66102E+08,structural
707,1.51895E+01,occupants
707,5.22783E+08,structural
708,1.96225E+02,occupants
708,3.34610E+09,structural
709,4.52548E+02,occupants
709,7.12749E+09,structural
710,8.83214E+01,occupants
710,1.38611E+09,structural
711,3.87526E+01,occupants
711,8.00380E+08,structural
712,1.51895E+01,occupants
712,2.45276E+08,structural
713,1.96225E+02,occupants
713,3.62439E+09,structural
714,4.52548E+02,occupants
714,6.21508E+09,structural
715,8.83214E+01,occupants
715,1.69445E+09,structural
716,3.87526E+01,occupants
716,7.43071E+08,structural
717,1.51895E+01,occupants
717,2.95366E+08,structural
718,1.96225E+02,occupants
718,3.39120E+09,structural
719,4.52548E+02,occupants
719,7.16337E+09,structural
720,1.71600E+02,occupants
720,1.89383E+09,structural
721,7.49342E+01,occupants
721,1.23394E+09,structural
722,2.62173E+01,occupants
722,3.79782E+08,structural
723,3.63970E+02,occupants
723,5.19145E+09,structural
724,7.88092E+02,occupants
724,9.23409E+09,structural
725,1.71600E+02,occupants
725,2.37022E+09,structural
726,7.49342E+01,occupants
726,9.38549E+08,structural
727,2.62173E+01,occupants
727,3.65377E+08,structural
728,3.63970E+02,occupants
728,4.80510E+09,structural
729,7.88092E+02,occupants
729,9.57026E+09,structural
730,1.71600E+02,occupants
730,2.37693E+09,structural
731,7.49342E+01,occupants
731,1.36393E+09,structural
732,2.62173E+01,occupants
732,4.92931E+08,structural
733,3.63970E+02,occupants
733,4.33415E+09,structural
734,7.88092E+02,occupants
734,9.71547E+09,structural
735,2.84523E+02,occupants
735,2.46525E+09,structural
736,1.35999E+02,occupants
736,1.25480E+09,structural
737,5.47459E+01,occupants
737,6.83601E+08,structural
738,5.44575E+02,occupants
738,4.66950E+09,structural
739,1.01151E+03,occupants
739,9.74166E+09,structural
740,2.84523E+02,occupants
740,3.23114E+09,structural
741,1.35999E+02,occupants
741,1.85200E+09,structural
742,5.47459E+01,occupants
742,6.04318E+08,structural
743,5.44575E+02,occupants
743,5.00942E+09,structural
744,1.01151E+03,occupants
744,8.85644E+09,structural
745,2.84523E+02,occupants
745,2.69103E+09,structural
746,1.35999E+02,occupants
746,1.35286E+09,structural
747,5.47459E+01,occupants
747,5.49500E+08,structural
748,5.44575E+02,occupants
748,4.95148E+09,structural
749,1.01151E+03,occupants
749,9.06424E+09,structural
750,7.46449E+01,occupants
750,9.99249E+08,structural
751,2.90609E+01,occupants
751,3.15351E+08,structural
752,9.34638E+00,occupants
752,1.04792E+08,structural
753,1.81845E+02,occupants
753,2.35550E+09,structural
754,4.56485E+02,occupants
754,5.39178E+09,structural
755,7.46449E+01,occupants
755,9.22047E+08,structural
756,2.90609E+01,occupants
756,2.42294E+08,structural
757,9.34638E+00,occupants
757,7.95037E+07,structural
758,1.81845E+02,occupants
758,2.24452E+09,structural
759,4.56485E+02,occupants
759,5.35528E+09,structural
760,7.46449E+01,occupants
760,9.22474E+08,structural
761,2.90609E+01,occupants
761,3.41709E+08,structural
762,9.34638E+00,occupants
762,9.08884E+07,structural
763,1.81845E+02,occupants
763,2.20571E+09,structural
764,4.56485E+02,occupants
764,5.26587E+09,structural
765,2.57297E+02,occupants
765,3.00403E+09,structural
766,1.26806E+02,occupants
766,1.52846E+09,structural
767,4.97773E+01,occupants
767,6.79101E+08,structural
768,4.74494E+02,occupants
768,5.27097E+09,structural
769,8.76543E+02,occupants
769,9.77277E+09,structural
770,2.57297E+02,occupants
770,2.98621E+09,structural
771,1.26806E+02,occupants
771,1.51022E+09,structural
772,4.97773E+01,occupants
772,6.40896E+08,structural
773,4.74494E+02,occupants
773,5.34109E+09,structural
774,8.76543E+02,occupants
774,9.63914E+09,structural
775,2.57297E+02,occupants
775,2.78153E+09,structural
776,1.26806E+02,occupants
776,1.53032E+09,structural
777,4.97773E+01,occupants
777,7.78922E+08,structural
778,4.74494E+02,occupants
778,5.40595E+09,structural
779,8.76543E+02,occupants
779,9.69460E+09,structural
780,3.89915E+01,occupants
780,5.63637E+08,structural
781,1.33570E+01,occupants
781,2.19995E+08,structural
782,3.44485E+00,occupants
782,7.25903E+07,structural
783,1.01370E+02,occupants
783,1.47124E+09,structural
784,2.65004E+02,occupants
784,3.85282E+09,structural
785,3.89915E+01,occupants
785,5.86158E+08,structural
786,1.33570E+01,occupants
786,2.20340E+08,structural
787,3.44485E+00,occupants
787,6.80500E+07,structural
788,1.01370E+02,occupants
788,1.54115E+09,structural
789,2.65004E+02,occupants
789,3.95672E+09,structural
790,3.89915E+01,occupants
790,5.96076E+08,structural
791,1.33570E+01,occupants
791,2.06170E+08,structural
792,3.44485E+00,occupants
792,5.52054E+07,structural
793,1.01370E+02,occupants
793,1.35768E+09,structural
794,2.65004E+02,occupants
794,3.51388E+09,structural
795,6.24222E+01,occupants
795,6.09533E+08,structural
796,3.39183E+01,occupants
796,2.99939E+08,structural
797,1.74815E+01,occupants
797,8.07175E+07,structural
798,1.21682E+02,occupants
798,1.33396E+09,structural
799,2.76107E+02,occupants
799,3.43911E+09,structural
800,6.24222E+01,occupants
800,6.83761E+08,structural
801,3.39183E+01,occupants
801,2.61378E+08,structural
802,1.74815E+01,occupants
802,1.04984E+08,structural
803,1.21682E+02,occupants
803,1.52579E+09,structural
804,2.76107E+02,occupants
804,3.73259E+09,structural
805,6.24222E+01,occupants
805,6.14203E+08,structural
806,3.39183E+01,occupants
806,2.71389E+08,structural
807,1.74815E+01,occupants
807,8.03418E+07,structural
808,1.21682E+02,occupants
808,1.51700E+09,structural
809,2.76107E+02,occupants
809,3.58726E+09,structural
810,2.65384E+01,occupants
810,3.99105E+08,structural
811,8.12086E+00,occupants
811,1.91901E+08,structural
812,1.88637E+00,occupants
812,4.15421E+07,structural
813,7.66083E+01,occupants
813,1.00323E+09,structural
814,2.15849E+02,occupants
814,2.33477E+09,structural
815,2.65384E+01,occupants
815,4.97527E+08,structural
816,8.12086E+00,occupants
816,1.31172E+08,structural
817,1.88637E+00,occupants
817,4.94193E+07,structural
818,7.66083E+01,occupants
818,1.01719E+09,structural
819,2.15849E+02,occupants
819,2.52025E+09,structural
820,2.65384E+01,occupants
820,3.65974E+08,structural
821,8.12086E+00,occupants
821,1.49940E+08,structural
822,1.88637E+00,occupants
822,4.14302E+07,structural
823,7.66083E+01,occupants
823,9.39516E+08,structural
824,2.15849E+02,occupants
824,2.37886E+09,structural
825,3.66385E+01,occupants
825,1.17483E+09,structural
826,1.07366E+01,occupants
826,3.98403E+08,structural
827,2.38987E+00,occupants
827,1.76525E+08,structural
828,1.12291E+02,occupants
828,2.52541E+09,structural
829,3.32403E+02,occupants
829,6.13996E+09,structural
830,3.66385E+01,occupants
830,1.14582E+09,structural
831,1.07366E+01,occupants
831,4.77579E+08,structural
832,2.38987E+00,occupants
832,1.26582E+08,structural
833,1.12291E+02,occupants
833,2.55427E+09,structural
834,3.32403E+02,occupants
834,6.38334E+09,structural
835,3.66385E+01,occupants
835,1.15417E+09,structural
836,1.07366E+01,occupants
836,4.47420E+08,structural
837,2.38987E+00,occupants
837,1.61073E+08,structural
838,1.12291E+02,occupants
838,2.66638E+09,structural
839,3.32403E+02,occupants
839,6.26202E+09,structural
840,1.97933E+02,occupants
840,1.28551E+09,structural
841,9.86975E+01,occupants
841,8.50735E+08,structural
842,4.01078E+01,occupants
842,3.10188E+08,structural
843,3.61440E+02,occupants
843,2.62751E+09,structural
844,6.44565E+02,occupants
844,4.74225E+09,structural
845,1.97933E+02,occupants
845,1.59988E+09,structural
846,9.86975E+01,occupants
846,7.76811E+08,structural
847,4.01078E+01,occupants
847,3.36389E+08,structural
848,3.61440E+02,occupants
848,2.70691E+09,structural
849,6.44565E+02,occupants
849,5.16950E+09,structural
850,1.97933E+02,occupants
850,1.68229E+09,structural
851,9.86975E+01,occupants
851,8.10753E+08,structural
852,4.01078E+01,occupants
852,2.80701E+08,structural
853,3.61440E+02,occupants
853,2.61403E+09,structural
854,6.44565E+02,occupants
854,5.18854E+09,structural
855,7.57399E+01,occupants
855,8.87345E+08,structural
856,3.83237E+01,occupants
856,5.56618E+08,structural
857,1.61905E+01,occupants
857,1.63646E+08,structural
858,1.44290E+02,occupants
858,1.72008E+09,structural
859,2.95412E+02,occupants
859,3.75063E+09,structural
860,7.57399E+01,occupants
860,8.71170E+08,structural
861,3.83237E+01,occupants
861,4.06408E+08,structural
862,1.61905E+01,occupants
862,2.45428E+08,structural
863,1.44290E+02,occupants
863,1.63247E+09,structural
864,2.95412E+02,occupants
864,3.52456E+09,structural
865,7.57399E+01,occupants
865,8.91990E+08,structural
866,3.83237E+01,occupants
866,4.52291E+08,structural
867,1.61905E+01,occupants
867,2.08104E+08,structural
868,1.44290E+02,occupants
868,1.58340E+09,structural
869,2.95412E+02,occupants
869,3.70369E+09,structural
870,1.66108E+01,occupants
870,6.21142E+08,structural
871,5.06133E+00,occupants
871,2.82097E+08,structural
872,1.25522E+00,occupants
872,9.69640E+07,structural
873,5.16062E+01,occupants
873,1.25959E+09,structural
874,1.67254E+02,occupants
874,3.69484E+09,structural
875,1.66108E+01,occupants
875,6.35000E+08,structural
876,5.06133E+00,occupants
876,2.91120E+08,structural
877,1.25522E+00,occupants
877,6.79505E+07,structural
878,5.16062E+01,occupants
878,1.38284E+09,structural
879,1.67254E+02,occupants
879,3.59243E+09,structural
880,1.66108E+01,occupants
880,5.15125E+08,structural
881,5.06133E+00,occupants
881,3.06535E+08,structural
882,1.25522E+00,occupants
882,8.13262E+07,structural
883,5.16062E+01,occupants
883,1.51428E+09,structural
884,1.67254E+02,occupants
884,3.21247E+09,structural
885,3.42810E+01,occupants
885,9.61675E+08,structural
886,9.23791E+00,occupants
886,3.80810E+08,structural
887,1.88952E+00,occupants
887,1.04424E+08,structural
888,1.09909E+02,occupants
888,2.68420E+09,structural
889,3.35242E+02,occupants
889,6.29751E+09,structural
890,3.42810E+01,occupants
890,9.66027E+08,structural
891,9.23791E+00,occupants
891,3.53358E+08,structural
892,1.88952E+00,occupants
892,1.02939E+08,structural
893,1.09909E+02,occupants
893,2.60421E+09,structural
894,3.35242E+02,occupants
894,6.43981E+09,structural
895,3.42810E+01,occupants
895,9.68739E+08,structural
896,9.23791E+00,occupants
896,3.81733E+08,structural
897,1.88952E+00,occupants
897,1.03003E+08,structural
898,1.09909E+02,occupants
898,2.49325E+09,structural
899,3.35242E+02,occupants
899,6.46540E+09,structural
900,1.51079E+02,occupants
900,2.21537E+09,structural
901,7.03751E+01,occupants
901,1.23039E+09,structural
902,2.74812E+01,occupants
902,6.22034E+08,structural
903,3.08114E+02,occupants
903,4.23608E+09,structural
904,6.45063E+02,occupants
904,8.07686E+09,structural
905,1.51079E+02,occupants
905,2.53954E+09,structural
906,7.03751E+01,occupants
906,1.48197E+09,structural
907,2.74812E+01,occupants
907,5.88881E+08,structural
908,3.08114E+02,occupants
908,3.90329E+09,structural
909,6.45063E+02,occupants
909,8.05395E+09,structural
910,1.51079E+02,occupants
910,2.32201E+09,structural
911,7.03751E+01,occupants
911,1.31193E+09,structural
912,2.74812E+01,occupants
912,4.71903E+08,structural
913,3.08114E+02,occupants
913,4.17536E+09,structural
914,6.45063E+02,occupants
914,8.73087E+09,structural
915,3.31947E+01,occupants
915,7.07314E+08,structural
916,1.07441E+01,occupants
916,1.92828E+08,structural
917,2.59375E+00,occupants
917,7.99673E+07,structural
918,8.97043E+01,occupants
918,1.49453E+09,structural
919,2.38161E+02,occupants
919,3.47946E+09,structural
920,3.31947E+01,occupants
920,5.52569E+08,structural
921,1.07441E+01,occupants
921,1.59345E+08,structural
922,2.59375E+00,occupants
922,5.69134E+07,structural
923,8.97043E+01,occupants
923,1.54395E+09,structural
924,2.38161E+02,occupants
924,3.43653E+09,structural
925,3.31947E+01,occupants
925,5.37393E+08,structural
926,1.07441E+01,occupants
926,1.77378E+08,structural
927,2.59375E+00,occupants
927,6.14796E+07,structural
928,8.97043E+01,occupants
928,1.50462E+09,structural
929,2.38161E+02,occupants
929,3.26714E+09,structural
930,3.45589E+01,occupants
930,9.77885E+08,structural
931,1.29571E+01,occupants
931,2.99846E+08,structural
932,3.80819E+00,occupants
932,9.80640E+07,structural
933,8.62036E+01,occupants
933,1.22495E+09,structural
934,2.29177E+02,occupants
934,3.11088E+09,structural
935,3.45589E+01,occupants
935,7.21314E+08,structural
936,1.29571E+01,occupants
936,2.49184E+08,structural
937,3.80819E+00,occupants
937,8.50076E+07,structural
938,8.62036E+01,occupants
938,1.49500E+09,structural
939,2.29177E+02,occupants
939,3.24768E+09,structural
940,3.45589E+01,occupants
940,6.78541E+08,structural
941,1.29571E+01,occupants
941,3.38265E+08,structural
942,3.80819E+00,occupants
942,9.38585E+07,structural
943,8.62036E+01,occupants
943,1.30208E+09,structural
944,2.29177E+02,occupants
944,3.41537E+09,structural
945,2.34189E+00,occupants
945,1.63875E+08,structural
946,4.95924E-01,occupants
946,6.51200E+07,structural
947,8.25221E-02,occupants
947,1.26642E+07,structural
948,9.85778E+00,occupants
948,4.21518E+08,structural
949,4.19986E+01,occupants
949,1.33422E+09,structural
950,2.34189E+00,occupants
950,1.68666E+08,structural
951,4.95924E-01,occupants
951,7.12736E+07,structural
952,8.25221E-02,occupants
952,1.62675E+07,structural
953,9.85778E+00,occupants
953,4.49194E+08,structural
954,4.19986E+01,occupants
954,1.27931E+09,structural
955,2.34189E+00,occupants
955,1.26149E+08,structural
956,4.95924E-01,occupants
956,6.56447E+07,structural
957,8.25221E-02,occupants
957,1.85932E+07,structural
958,9.85778E+00,occupants
958,4.23882E+08,structural
959,4.19986E+01,occupants
959,1.11852E+09,structural
960,6.36124E+01,occupants
960,1.22900E+09,structural
961,2.26452E+01,occupants
961,5.46886E+08,structural
962,7.03540E+00,occupants
962,2.20651E+08,structural
963,1.75858E+02,occupants
963,3.15841E+09,structural
964,4.98994E+02,occupants
964,6.66120E+09,structural
965,6.36124E+01,occupants
965,1.43153E+09,structural
966,2.26452E+01,occupants
966,5.83699E+08,structural
967,7.03540E+00,occupants
967,1.77564E+08,structural
968,1.75858E+02,occupants
968,3.02153E+09,structural
969,4.98994E+02,occupants
969,6.81645E+09,structural
970,6.36124E+01,occupants
970,1.00411E+09,structural
971,2.26452E+01,occupants
971,5.31623E+08,structural
972,7.03540E+00,occupants
972,2.16184E+08,structural
973,1.75858E+02,occupants
973,3.09538E+09,structural
974,4.98994E+02,occupants
974,6.64258E+09,structural
975,1.23783E+02,occupants
975,2.75552E+09,structural
976,4.72431E+01,occupants
976,1.10951E+09,structural
977,1.56813E+01,occupants
977,4.32330E+08,structural
978,3.11960E+02,occupants
978,5.58239E+09,structural
979,8.01298E+02,occupants
979,1.26145E+10,structural
980,1.23783E+02,occupants
980,2.59892E+09,structural
981,4.72431E+01,occupants
981,1.33652E+09,structural
982,1.56813E+01,occupants
982,4.69894E+08,structural
983,3.11960E+02,occupants
983,5.62804E+09,structural
984,8.01298E+02,occupants
984,1.15553E+10,structural
985,1.23783E+02,occupants
985,2.72914E+09,structural
986,4.72431E+01,occupants
986,1.03739E+09,structural
987,1.56813E+01,occupants
987,5.11954E+08,structural
988,3.11960E+02,occupants
988,5.56701E+09,structural
989,8.01298E+02,occupants
989,1.21684E+10,structural
990,1.13007E+01,occupants
990,4.88357E+08,structural
991,2.81031E+00,occupants
991,1.90126E+08,structural
992,5.59436E-01,occupants
992,5.58285E+07,structural
993,4.06612E+01,occupants
993,1.23996E+09,structural
994,1.42399E+02,occupants
994,3.59433E+09,structural
995,1.13007E+01,occupants
995,4.48331E+08,structural
996,2.81031E+00,occupants
996,1.79146E+08,structural
997,5.59436E-01,occupants
997,8.94342E+07,structural
998,4.06612E+01,occupants
998,1.47523E+09,structural
999,1.42399E+02,occupants
999,3.38020E+09,structural
1000,1.13007E+01,occupants
1000,6.07944E+08,structural
1001,2.81031E+00,occupants
1001,1.51968E+08,structural
1002,5.59436E-01,occupants
1002,8.32226E+07,structural
1003,4.06612E+01,occupants
1003,1.31298E+09,structural
1004,1.42399E+02,occupants
1004,3.54479E+09,structural
1005,6.29769E+01,occupants
1005,9.86469E+08,structural
1006,2.42562E+01,occupants
1006,3.97556E+08,structural
1007,8.30914E+00,occupants
1007,1.58555E+08,structural
1008,1.59053E+02,occupants
1008,2.56647E+09,structural
1009,4.16969E+02,occupants
1009,5.69286E+09,structural
1010,6.29769E+01,occupants
1010,1.30436E+09,structural
1011,2.42562E+01,occupants
1011,4.61009E+08,structural
1012,8.30914E+00,occupants
1012,1.80578E+08,structural
1013,1.59053E+02,occupants
1013,2.70732E+09,structural
1014,4.16969E+02,occupants
1014,6.06722E+09,structural
1015,6.29769E+01,occupants
1015,1.19611E+09,structural
1016,2.42562E+01,occupants
1016,5.08420E+08,structural
1017,8.30914E+00,occupants
1017,1.70683E+08,structural
1018,1.59053E+02,occupants
1018,2.46931E+09,structural
1019,4.16969E+02,occupants
1019,6.12265E+09,structural
1020,9.91209E+01,occupants
1020,1.91418E+09,structural
1021,4.20177E+01,occupants
1021,8.81674E+08,structural
1022,1.43761E+01,occupants
1022,3.32196E+08,structural
1023,2.15660E+02,occupants
1023,3.48442E+09,structural
1024,4.79436E+02,occupants
1024,6.64754E+09,structural
1025,9.91209E+01,occupants
1025,1.63026E+09,structural
1026,4.20177E+01,occupants
1026,7.57718E+08,structural
1027,1.43761E+01,occupants
1027,3.38732E+08,structural
1028,2.15660E+02,occupants
1028,3.01019E+09,structural
1029,4.79436E+02,occupants
1029,7.14414E+09,structural
1030,9.91209E+01,occupants
1030,1.52473E+09,structural
1031,4.20177E+01,occupants
1031,7.40179E+08,structural
1032,1.43761E+01,occupants
1032,2.98522E+08,structural
1033,2.15660E+02,occupants
1033,3.75283E+09,structural
1034,4.79436E+02,occupants
1034,7.08585E+09,structural
1035,1.04531E+02,occupants
1035,1.79746E+09,structural
1036,3.70187E+01,occupants
1036,8.76567E+08,structural
1037,1.00026E+01,occupants
1037,4.02203E+08,structural
1038,2.55716E+02,occupants
1038,3.76025E+09,structural
1039,5.95741E+02,occupants
1039,8.03284E+09,structural
1040,1.04531E+02,occupants
1040,2.26716E+09,structural
1041,3.70187E+01,occupants
1041,8.50281E+08,structural
1042,1.00026E+01,occupants
1042,3.45374E+08,structural
1043,2.55716E+02,occupants
1043,3.46637E+09,structural
1044,5.95741E+02,occupants
1044,8.14200E+09,structural
1045,1.04531E+02,occupants
1045,1.91089E+09,structural
1046,3.70187E+01,occupants
1046,9.78756E+08,structural
1047,1.00026E+01,occupants
1047,3.66095E+08,structural
1048,2.55716E+02,occupants
1048,4.00681E+09,structural
1049,5.95741E+02,occupants
1049,7.74581E+09,structural
1050,1.39541E+02,occupants
1050,1.54253E+09,structural
1051,5.68012E+01,occupants
1051,7.22321E+08,structural
1052,1.88267E+01,occupants
1052,1.59943E+08,structural
1053,3.16306E+02,occupants
1053,3.74001E+09,structural
1054,7.28585E+02,occupants
1054,8.46607E+09,structural
1055,1.39541E+02,occupants
1055,1.65966E+09,structural
1056,5.68012E+01,occupants
1056,8.16491E+08,structural
1057,1.88267E+01,occupants
1057,2.18602E+08,structural
1058,3.16306E+02,occupants
1058,3.83057E+09,structural
1059,7.28585E+02,occupants
1059,8.14227E+09,structural
1060,1.39541E+02,occupants
1060,1.64698E+09,structural
1061,5.68012E+01,occupants
1061,5.15681E+08,structural
1062,1.88267E+01,occupants
1062,2.07063E+08,structural
1063,3.16306E+02,occupants
1063,3.76464E+09,structural
1064,7.28585E+02,occupants
1064,9.00139E+09,structural
1065,3.91437E+00,occupants
1065,1.55754E+08,structural
1066,1.06774E+00,occupants
1066,6.10259E+07,structural
1067,2.15456E-01,occupants
1067,1.40612E+07,structural
1068,1.30958E+01,occupants
1068,4.44012E+08,structural
1069,4.68097E+01,occupants
1069,1.63096E+09,structural
1070,3.91437E+00,occupants
1070,1.37990E+08,structural
1071,1.06774E+00,occupants
1071,4.12302E+07,structural
1072,2.15456E-01,occupants
1072,9.71500E+06,structural
1073,1.30958E+01,occupants
1073,4.90591E+08,structural
1074,4.68097E+01,occupants
1074,1.44068E+09,structural
1075,3.91437E+00,occupants
1075,1.96729E+08,structural
1076,1.06774E+00,occupants
1076,4.72532E+07,structural
1077,2.15456E-01,occupants
1077,1.48102E+07,structural
1078,1.30958E+01,occupants
1078,4.54372E+08,structural
1079,4.68097E+01,occupants
1079,1.39643E+09,structural
1080,6.77155E+01,occupants
1080,1.93010E+09,structural
1081,1.97030E+01,occupants
1081,8.96546E+08,structural
1082,4.02834E+00,occupants
1082,2.88049E+08,structural
1083,2.00119E+02,occupants
1083,4.94972E+09,structural
1084,5.63740E+02,occupants
1084,1.15761E+10,structural
1085,6.77155E+01,occupants
1085,1.96894E+09,structural
1086,1.97030E+01,occupants
1086,1.06291E+09,structural
1087,4.02834E+00,occupants
1087,2.34640E+08,structural
1088,2.00119E+02,occupants
1088,4.98060E+09,structural
1089,5.63740E+02,occupants
1089,1.11776E+10,structural
1090,6.77155E+01,occupants
1090,2.20856E+09,structural
1091,1.97030E+01,occupants
1091,8.14018E+08,structural
1092,4.02834E+00,occupants
1092,2.84243E+08,structural
1093,2.00119E+02,occupants
1093,4.91228E+09,structural
1094,5.63740E+02,occupants
1094,1.04321E+10,structural
1095,1.21019E+02,occupants
1095,2.39207E+09,structural
1096,4.24208E+01,occupants
1096,1.10579E+09,structural
1097,1.28233E+01,occupants
1097,2.90738E+08,structural
1098,3.09536E+02,occupants
1098,5.22133E+09,structural
1099,7.62495E+02,occupants
1099,1.19360E+10,structural
1100,1.21019E+02,occupants
1100,2.58758E+09,structural
1101,4.24208E+01,occupants
1101,1.10291E+09,structural
1102,1.28233E+01,occupants
1102,3.90287E+08,structural
1103,3.09536E+02,occupants
1103,5.90786E+09,structural
1104,7.62495E+02,occupants
1104,1.21425E+10,structural
1105,1.21019E+02,occupants
1105,2.40294E+09,structural
1106,4.24208E+01,occupants
1106,8.30313E+08,structural
1107,1.28233E+01,occupants
1107,5.54821E+08,structural
1108,3.09536E+02,occupants
1108,6.03413E+09,structural
1109,7.62495E+02,occupants
1109,1.16616E+10,structural
1110,5.08852E+01,occupants
1110,1.49421E+09,structural
1111,1.54998E+01,occupants
1111,5.06648E+08,structural
1112,3.92400E+00,occupants
1112,1.63845E+08,structural
1113,1.53740E+02,occupants
1113,3.12815E+09,structural
1114,4.43067E+02,occupants
1114,7.83539E+09,structural
1115,5.08852E+01,occupants
1115,1.33528E+09,structural
1116,1.54998E+01,occupants
1116,5.09161E+08,structural
1117,3.92400E+00,occupants
1117,1.88236E+08,structural
1118,1.53740E+02,occupants
1118,3.55356E+09,structural
1119,4.43067E+02,occupants
1119,7.89081E+09,structural
1120,5.08852E+01,occupants
1120,1.39927E+09,structural
1121,1.54998E+01,occupants
1121,5.66238E+08,structural
1122,3.92400E+00,occupants
1122,2.09809E+08,structural
1123,1.53740E+02,occupants
1123,3.55153E+09,structural
1124,4.43067E+02,occupants
1124,7.84101E+09,structural
1125,7.41155E+01,occupants
1125,1.54828E+09,structural
1126,2.74527E+01,occupants
1126,6.57481E+08,structural
1127,9.07626E+00,occupants
1127,3.17766E+08,structural
1128,1.87589E+02,occupants
1128,3.31428E+09,structural
1129,4.75869E+02,occupants
1129,7.21911E+09,structural
1130,7.41155E+01,occupants
1130,1.24850E+09,structural
1131,2.74527E+01,occupants
1131,6.07777E+08,structural
1132,9.07626E+00,occupants
1132,2.53231E+08,structural
1133,1.87589E+02,occupants
1133,3.13393E+09,structural
1134,4.75869E+02,occupants
1134,7.59106E+09,structural
1135,7.41155E+01,occupants
1135,1.65139E+09,structural
1136,2.74527E+01,occupants
1136,6.24012E+08,structural
1137,9.07626E+00,occupants
1137,2.32891E+08,structural
1138,1.87589E+02,occupants
1138,3.07272E+09,structural
1139,4.75869E+02,occupants
1139,6.48161E+09,structural
1140,6.73559E+01,occupants
1140,1.46452E+09,structural
1141,2.01766E+01,occupants
1141,5.13231E+08,structural
1142,4.75385E+00,occupants
1142,1.32186E+08,structural
1143,1.99298E+02,occupants
1143,3.72397E+09,structural
1144,5.40149E+02,occupants
1144,8.47174E+09,structural
1145,6.73559E+01,occupants
1145,1.42275E+09,structural
1146,2.01766E+01,occupants
1146,6.48598E+08,structural
1147,4.75385E+00,occupants
1147,1.12904E+08,structural
1148,1.99298E+02,occupants
1148,3.50560E+09,structural
1149,5.40149E+02,occupants
1149,8.19037E+09,structural
1150,6.73559E+01,occupants
1150,1.26444E+09,structural
1151,2.01766E+01,occupants
1151,4.99133E+08,structural
1152,4.75385E+00,occupants
1152,1.11419E+08,structural
1153,1.99298E+02,occupants
1153,3.60290E+09,structural
1154,5.40149E+02,occupants
1154,8.29523E+09,structural
1155,7.92292E+01,occupants
1155,8.49281E+08,structural
1156,3.57071E+01,occupants
1156,3.74213E+08,structural
1157,1.34761E+01,occupants
1157,1.80916E+08,structural
1158,1.64312E+02,occupants
1158,2.07938E+09,structural
1159,3.49151E+02,occupants
1159,3.78209E+09,structural
1160,7.92292E+01,occupants
1160,7.65000E+08,structural
1161,3.57071E+01,occupants
1161,4.19341E+08,structural
1162,1.34761E+01,occupants
1162,2.02763E+08,structural
1163,1.64312E+02,occupants
1163,2.01809E+09,structural
1164,3.49151E+02,occupants
1164,4.04696E+09,structural
1165,7.92292E+01,occupants
1165,9.34738E+08,structural
1166,3.57071E+01,occupants
1166,4.33944E+08,structural
1167,1.34761E+01,occupants
1167,1.82153E+08,structural
1168,1.64312E+02,occupants
1168,1.85377E+09,structural
1169,3.49151E+02,occupants
1169,4.26617E+09,structural
1170,1.66145E+02,occupants
1170,2.21360E+09,structural
1171,7.26858E+01,occupants
1171,1.17987E+09,structural
1172,2.67395E+01,occupants
1172,5.72650E+08,structural
1173,3.59324E+02,occupants
1173,4.04364E+09,structural
1174,7.99600E+02,occupants
1174,8.38603E+09,structural
1175,1.66145E+02,occupants
1175,2.11345E+09,structural
1176,7.26858E+01,occupants
1176,9.47671E+08,structural
1177,2.67395E+01,occupants
1177,4.38621E+08,structural
1178,3.59324E+02,occupants
1178,4.53896E+09,structural
1179,7.99600E+02,occupants
1179,7.49235E+09,structural
1180,1.66145E+02,occupants
1180,2.19590E+09,structural
1181,7.26858E+01,occupants
1181,8.67583E+08,structural
1182,2.67395E+01,occupants
1182,5.37756E+08,structural
1183,3.59324E+02,occupants
1183,4.32200E+09,structural
1184,7.99600E+02,occupants
1184,8.52991E+09,structural
1185,9.63784E+01,occupants
1185,1.47336E+09,structural
1186,4.03142E+01,occupants
1186,8.73925E+08,structural
1187,1.37977E+01,occupants
1187,3.50051E+08,structural
1188,2.15402E+02,occupants
1188,3.05316E+09,structural
1189,4.86258E+02,occupants
1189,6.14434E+09,structural
1190,9.63784E+01,occupants
1190,1.72941E+09,structural
1191,4.03142E+01,occupants
1191,8.69402E+08,structural
1192,1.37977E+01,occupants
1192,3.57677E+08,structural
1193,2.15402E+02,occupants
1193,2.94914E+09,structural
1194,4.86258E+02,occupants
1194,6.18674E+09,structural
1195,9.63784E+01,occupants
1195,1.70380E+09,structural
1196,4.03142E+01,occupants
1196,7.78993E+08,structural
1197,1.37977E+01,occupants
1197,4.08397E+08,structural
1198,2.15402E+02,occupants
1198,3.22871E+09,structural
1199,4.86258E+02,occupants
1199,6.38403E+09,structural
1200,7.39867E+01,occupants
1200,9.55415E+08,structural
1201,3.37715E+01,occupants
1201,5.15650E+08,structural
1202,1.41477E+01,occupants
1202,9.58700E+07,structural
1203,1.66448E+02,occupants
1203,2.76074E+09,structural
1204,4.05738E+02,occupants
1204,6.38278E+09,structural
1205,7.39867E+01,occupants
1205,1.26004E+09,structural
1206,3.37715E+01,occupants
1206,4.45428E+08,structural
1207,1.41477E+01,occupants
1207,1.55621E+08,structural
1208,1.66448E+02,occupants
1208,2.80659E+09,structural
1209,4.05738E+02,occupants
1209,6.81299E+09,structural
1210,7.39867E+01,occupants
1210,1.22375E+09,structural
1211,3.37715E+01,occupants
1211,4.85325E+08,structural
1212,1.41477E+01,occupants
1212,1.46336E+08,structural
1213,1.66448E+02,occupants
1213,2.66141E+09,structural
1214,4.05738E+02,occupants
1214,6.29815E+09,structural
1215,1.63385E+02,occupants
1215,2.34965E+09,structural
1216,7.27623E+01,occupants
1216,1.16956E+09,structural
1217,2.57640E+01,occupants
1217,5.11688E+08,structural
1218,3.36431E+02,occupants
1218,4.33620E+09,structural
1219,7.03802E+02,occupants
1219,8.77687E+09,structural
1220,1.63385E+02,occupants
1220,2.27432E+09,structural
1221,7.27623E+01,occupants
1221,9.15201E+08,structural
1222,2.57640E+01,occupants
1222,3.47186E+08,structural
1223,3.36431E+02,occupants
1223,3.77847E+09,structural
1224,7.03802E+02,occupants
1224,8.66221E+09,structural
1225,1.63385E+02,occupants
1225,2.04445E+09,structural
1226,7.27623E+01,occupants
1226,9.62190E+08,structural
1227,2.57640E+01,occupants
1227,4.47813E+08,structural
1228,3.36431E+02,occupants
1228,4.09867E+09,structural
1229,7.03802E+02,occupants
1229,8.23942E+09,structural
1230,1.24958E+02,occupants
1230,2.37092E+09,structural
1231,4.40896E+01,occupants
1231,1.04903E+09,structural
1232,1.24822E+01,occupants
1232,3.83251E+08,structural
1233,3.20470E+02,occupants
1233,5.40717E+09,structural
1234,8.01708E+02,occupants
1234,1.17683E+10,structural
1235,1.24958E+02,occupants
1235,2.11221E+09,structural
1236,4.40896E+01,occupants
1236,9.58977E+08,structural
1237,1.24822E+01,occupants
1237,3.15029E+08,structural
1238,3.20470E+02,occupants
1238,5.01676E+09,structural
1239,8.01708E+02,occupants
1239,1.11386E+10,structural
1240,1.24958E+02,occupants
1240,2.21812E+09,structural
1241,4.40896E+01,occupants
1241,9.20357E+08,structural
1242,1.24822E+01,occupants
1242,3.70670E+08,structural
1243,3.20470E+02,occupants
1243,5.39954E+09,structural
1244,8.01708E+02,occupants
1244,1.18760E+10,structural
1245,1.36795E+02,occupants
1245,2.02074E+09,structural
1246,5.77659E+01,occupants
1246,1.09532E+09,structural
1247,2.11194E+01,occupants
1247,4.73067E+08,structural
1248,3.05998E+02,occupants
1248,4.21654E+09,structural
1249,6.83628E+02,occupants
1249,9.15863E+09,structural
1250,1.36795E+02,occupants
1250,1.99338E+09,structural
1251,5.77659E+01,occupants
1251,1.02392E+09,structural
1252,2.11194E+01,occupants
1252,4.46518E+08,structural
1253,3.05998E+02,occupants
1253,4.21161E+09,structural
1254,6.83628E+02,occupants
1254,9.13419E+09,structural
1255,1.36795E+02,occupants
1255,1.90046E+09,structural
1256,5.77659E+01,occupants
1256,1.09950E+09,structural
1257,2.11194E+01,occupants
1257,3.71047E+08,structural
1258,3.05998E+02,occupants
1258,4.13896E+09,structural
1259,6.83628E+02,occupants
1259,8.00428E+09,structural
1260,6.55564E+01,occupants
1260,1.45933E+09,structural
1261,2.16718E+01,occupants
1261,6.08922E+08,structural
1262,5.74458E+00,occupants
1262,1.51161E+08,structural
1263,1.80929E+02,occupants
1263,3.73211E+09,structural
1264,4.91255E+02,occupants
1264,8.62774E+09,structural
1265,6.55564E+01,occupants
1265,1.37972E+09,structural
1266,2.16718E+01,occupants
1266,6.95118E+08,structural
1267,5.74458E+00,occupants
1267,1.97366E+08,structural
1268,1.80929E+02,occupants
1268,3.59601E+09,structural
1269,4.91255E+02,occupants
1269,8.88667E+09,structural
1270,6.55564E+01,occupants
1270,1.46026E+09,structural
1271,2.16718E+01,occupants
1271,5.96518E+08,structural
1272,5.74458E+00,occupants
1272,1.81402E+08,structural
1273,1.80929E+02,occupants
1273,3.59709E+09,structural
1274,4.91255E+02,occupants
1274,8.43295E+09,structural
1275,1.31711E+02,occupants
1275,2.10151E+09,structural
1276,5.09729E+01,occupants
1276,1.08144E+09,structural
1277,1.50079E+01,occupants
1277,3.36037E+08,structural
1278,3.01426E+02,occupants
1278,4.70320E+09,structural
1279,6.79378E+02,occupants
1279,9.72114E+09,structural
1280,1.31711E+02,occupants
1280,2.10250E+09,structural
1281,5.09729E+01,occupants
1281,1.03560E+09,structural
1282,1.50079E+01,occupants
1282,3.21813E+08,structural
1283,3.01426E+02,occupants
1283,4.88999E+09,structural
1284,6.79378E+02,occupants
1284,9.38551E+09,structural
1285,1.31711E+02,occupants
1285,2.07012E+09,structural
1286,5.09729E+01,occupants
1286,9.54375E+08,structural
1287,1.50079E+01,occupants
1287,4.07877E+08,structural
1288,3.01426E+02,occupants
1288,4.39850E+09,structural
1289,6.79378E+02,occupants
1289,9.97576E+09,structural
1290,6.13820E+01,occupants
1290,1.08389E+09,structural
1291,2.33253E+01,occupants
1291,4.15467E+08,structural
1292,7.06626E+00,occupants
1292,1.83844E+08,structural
1293,1.48346E+02,occupants
1293,2.21179E+09,structural
1294,3.62020E+02,occupants
1294,5.47930E+09,structural
1295,6.13820E+01,occupants
1295,1.23667E+09,structural
1296,2.33253E+01,occupants
1296,4.77970E+08,structural
1297,7.06626E+00,occupants
1297,1.73289E+08,structural
1298,1.48346E+02,occupants
1298,2.14182E+09,structural
1299,3.62020E+02,occupants
1299,5.36997E+09,structural
1300,6.13820E+01,occupants
1300,9.63390E+08,structural
1301,2.33253E+01,occupants
1301,5.07236E+08,structural
1302,7.06626E+00,occupants
1302,1.64677E+08,structural
1303,1.48346E+02,occupants
1303,2.23988E+09,structural
1304,3.62020E+02,occupants
1304,5.08369E+09,structural
1305,1.62456E+02,occupants
1305,2.22314E+09,structural
1306,7.76755E+01,occupants
1306,1.15190E+09,structural
1307,3.02055E+01,occupants
1307,6.27275E+08,structural
1308,3.13663E+02,occupants
1308,3.79488E+09,structural
1309,6.04759E+02,occupants
1309,7.52160E+09,structural
1310,1.62456E+02,occupants
1310,2.39988E+09,structural
1311,7.76755E+01,occupants
1311,1.08037E+09,structural
1312,3.02055E+01,occupants
1312,4.82337E+08,structural
1313,3.13663E+02,occupants
1313,4.15085E+09,structural
1314,6.04759E+02,occupants
1314,7.46083E+09,structural
1315,1.62456E+02,occupants
1315,2.01550E+09,structural
1316,7.76755E+01,occupants
1316,1.08880E+09,structural
1317,3.02055E+01,occupants
1317,6.81574E+08,structural
1318,3.13663E+02,occupants
1318,4.05124E+09,structural
1319,6.04759E+02,occupants
1319,7.14261E+09,structural
1320,4.71209E+01,occupants
1320,1.48277E+09,structural
1321,1.32688E+01,occupants
1321,5.67840E+08,structural
1322,2.84250E+00,occupants
1322,2.44613E+08,structural
1323,1.45613E+02,occupants
1323,3.01755E+09,structural
1324,4.31242E+02,occupants
1324,7.88012E+09,structural
1325,4.71209E+01,occupants
1325,1.35119E+09,structural
1326,1.32688E+01,occupants
1326,5.27434E+08,structural
1327,2.84250E+00,occupants
1327,2.39128E+08,structural
1328,1.45613E+02,occupants
1328,3.36689E+09,structural
1329,4.31242E+02,occupants
1329,7.74978E+09,structural
1330,4.71209E+01,occupants
1330,1.41779E+09,structural
1331,1.32688E+01,occupants
1331,5.53866E+08,structural
1332,2.84250E+00,occupants
1332,2.38038E+08,structural
1333,1.45613E+02,occupants
1333,3.51275E+09,structural
1334,4.31242E+02,occupants
1334,7.96878E+09,structural
1335,9.60101E+01,occupants
1335,1.17997E+09,structural
1336,3.59969E+01,occupants
1336,5.29688E+08,structural
1337,1.05681E+01,occupants
1337,1.87972E+08,structural
1338,2.24939E+02,occupants
1338,1.91268E+09,structural
1339,5.01235E+02,occupants
1339,4.54139E+09,structural
1340,9.60101E+01,occupants
1340,9.88414E+08,structural
1341,3.59969E+01,occupants
1341,5.11254E+08,structural
1342,1.05681E+01,occupants
1342,1.47631E+08,structural
1343,2.24939E+02,occupants
1343,2.45279E+09,structural
1344,5.01235E+02,occupants
1344,5.18675E+09,structural
1345,9.60101E+01,occupants
1345,9.91605E+08,structural
1346,3.59969E+01,occupants
1346,4.61374E+08,structural
1347,1.05681E+01,occupants
1347,2.04895E+08,structural
1348,2.24939E+02,occupants
1348,2.15725E+09,structural
1349,5.01235E+02,occupants
1349,4.36130E+09,structural
1350,3.20302E+01,occupants
1350,5.10233E+08,structural
1351,1.22621E+01,occupants
1351,3.29889E+08,structural
1352,3.73795E+00,occupants
1352,1.11721E+08,structural
1353,7.89534E+01,occupants
1353,1.53109E+09,structural
1354,2.07616E+02,occupants
1354,3.47979E+09,structural
1355,3.20302E+01,occupants
1355,5.86002E+08,structural
1356,1.22621E+01,occupants
1356,2.64031E+08,structural
1357,3.73795E+00,occupants
1357,1.09253E+08,structural
1358,7.89534E+01,occupants
1358,1.46638E+09,structural
1359,2.07616E+02,occupants
1359,3.52595E+09,structural
1360,3.20302E+01,occupants
1360,6.36668E+08,structural
1361,1.22621E+01,occupants
1361,2.99565E+08,structural
1362,3.73795E+00,occupants
1362,1.00959E+08,structural
1363,7.89534E+01,occupants
1363,1.40017E+09,structural
1364,2.07616E+02,occupants
1364,3.26049E+09,structural
1365,6.35272E+01,occupants
1365,8.94529E+08,structural
1366,2.77895E+01,occupants
1366,4.26672E+08,structural
1367,1.02570E+01,occupants
1367,1.97769E+08,structural
1368,1.38761E+02,occupants
1368,2.07616E+09,structural
1369,3.16455E+02,occupants
1369,4.24564E+09,structural
1370,6.35272E+01,occupants
1370,1.03381E+09,structural
1371,2.77895E+01,occupants
1371,5.06950E+08,structural
1372,1.02570E+01,occupants
1372,2.06596E+08,structural
1373,1.38761E+02,occupants
1373,1.99754E+09,structural
1374,3.16455E+02,occupants
1374,4.35382E+09,structural
1375,6.35272E+01,occupants
1375,1.00227E+09,structural
1376,2.77895E+01,occupants
1376,5.17568E+08,structural
1377,1.02570E+01,occupants
1377,2.31580E+08,structural
1378,1.38761E+02,occupants
1378,1.92419E+09,structural
1379,3.16455E+02,occupants
1379,4.44262E+09,structural
1380,9.61430E+01,occupants
1380,1.21474E+09,structural
1381,4.31529E+01,occupants
1381,3.96314E+08,structural
1382,1.70578E+01,occupants
1382,2.19935E+08,structural
1383,2.08558E+02,occupants
1383,2.44361E+09,structural
1384,4.73592E+02,occupants
1384,6.33202E+09,structural
1385,9.61430E+01,occupants
1385,1.44708E+09,structural
1386,4.31529E+01,occupants
1386,4.94666E+08,structural
1387,1.70578E+01,occupants
1387,1.95865E+08,structural
1388,2.08558E+02,occupants
1388,2.74043E+09,structural
1389,4.73592E+02,occupants
1389,5.59475E+09,structural
1390,9.61430E+01,occupants
1390,1.23872E+09,structural
1391,4.31529E+01,occupants
1391,6.14530E+08,structural
1392,1.70578E+01,occupants
1392,1.28595E+08,structural
1393,2.08558E+02,occupants
1393,2.96236E+09,structural
1394,4.73592E+02,occupants
1394,6.63402E+09,structural
1395,3.52664E+02,occupants
1395,4.10586E+09,structural
1396,1.55260E+02,occupants
1396,2.14980E+09,structural
1397,5.43906E+01,occupants
1397,9.06753E+08,structural
1398,7.18616E+02,occupants
1398,7.66404E+09,structural
1399,1.41877E+03,occupants
1399,1.28710E+10,structural
1400,3.52664E+02,occupants
1400,4.01351E+09,structural
1401,1.55260E+02,occupants
1401,2.01516E+09,structural
1402,5.43906E+01,occupants
1402,9.91772E+08,structural
1403,7.18616E+02,occupants
1403,7.32749E+09,structural
1404,1.41877E+03,occupants
1404,1.31481E+10,structural
1405,3.52664E+02,occupants
1405,4.39697E+09,structural
1406,1.55260E+02,occupants
1406,2.68788E+09,structural
1407,5.43906E+01,occupants
1407,1.04143E+09,structural
1408,7.18616E+02,occupants
1408,7.31759E+09,structural
1409,1.41877E+03,occupants
1409,1.28110E+10,structural
1410,4.66834E+01,occupants
1410,6.98451E+08,structural
1411,1.69199E+01,occupants
1411,2.94153E+08,structural
1412,4.55575E+00,occupants
1412,9.75288E+07,structural
1413,1.13601E+02,occupants
1413,1.85151E+09,structural
1414,2.74501E+02,occupants
1414,3.79053E+09,structural
1415,4.66834E+01,occupants
1415,6.84791E+08,structural
1416,1.69199E+01,occupants
1416,2.44961E+08,structural
1417,4.55575E+00,occupants
1417,1.01209E+08,structural
1418,1.13601E+02,occupants
1418,1.47809E+09,structural
1419,2.74501E+02,occupants
1419,3.89948E+09,structural
1420,4.66834E+01,occupants
1420,7.01250E+08,structural
1421,1.69199E+01,occupants
1421,3.31719E+08,structural
1422,4.55575E+00,occupants
1422,1.23464E+08,structural
1423,1.13601E+02,occupants
1423,1.50301E+09,structural
1424,2.74501E+02,occupants
1424,3.99343E+09,structural
1425,1.71179E+01,occupants
1425,5.40456E+08,structural
1426,6.07241E+00,occupants
1426,2.20000E+08,structural
1427,1.79473E+00,occupants
1427,7.97593E+07,structural
1428,4.83022E+01,occupants
1428,1.49356E+09,structural
1429,1.48696E+02,occupants
1429,3.58761E+09,structural
1430,1.71179E+01,occupants
1430,5.68845E+08,structural
1431,6.07241E+00,occupants
1431,2.45285E+08,structural
1432,1.79473E+00,occupants
1432,8.11080E+07,structural
1433,4.83022E+01,occupants
1433,1.49487E+09,structural
1434,1.48696E+02,occupants
1434,3.45695E+09,structural
1435,1.71179E+01,occupants
1435,5.72139E+08,structural
1436,6.07241E+00,occupants
1436,2.34427E+08,structural
1437,1.79473E+00,occupants
1437,6.95453E+07,structural
1438,4.83022E+01,occupants
1438,1.29762E+09,structural
1439,1.48696E+02,occupants
1439,3.33328E+09,structural
1440,9.24023E+01,occupants
1440,1.50791E+09,structural
1441,3.66172E+01,occupants
1441,5.65762E+08,structural
1442,1.08682E+01,occupants
1442,2.87386E+08,structural
1443,2.04284E+02,occupants
1443,2.56121E+09,structural
1444,4.38591E+02,occupants
1444,5.03253E+09,structural
1445,9.24023E+01,occupants
1445,1.22486E+09,structural
1446,3.66172E+01,occupants
1446,6.38684E+08,structural
1447,1.08682E+01,occupants
1447,2.27482E+08,structural
1448,2.04284E+02,occupants
1448,2.49097E+09,structural
1449,4.38591E+02,occupants
1449,5.06860E+09,structural
1450,9.24023E+01,occupants
1450,1.47699E+09,structural
1451,3.66172E+01,occupants
1451,7.10384E+08,structural
1452,1.08682E+01,occupants
1452,3.17780E+08,structural
1453,2.04284E+02,occupants
1453,2.64288E+09,structural
1454,4.38591E+02,occupants
1454,4.71896E+09,structural
1455,7.60001E+01,occupants
1455,8.74221E+08,structural
1456,3.05778E+01,occupants
1456,3.58281E+08,structural
1457,9.92693E+00,occupants
1457,1.28249E+08,structural
1458,1.69293E+02,occupants
1458,1.63756E+09,structural
1459,3.62394E+02,occupants
1459,2.58160E+09,structural
1460,7.60001E+01,occupants
1460,6.29065E+08,structural
1461,3.05778E+01,occupants
1461,3.09041E+08,structural
1462,9.92693E+00,occupants
1462,8.37646E+07,structural
1463,1.69293E+02,occupants
1463,1.32038E+09,structural
1464,3.62394E+02,occupants
1464,3.00669E+09,structural
1465,7.60001E+01,occupants
1465,7.25459E+08,structural
1466,3.05778E+01,occupants
1466,2.90641E+08,structural
1467,9.92693E+00,occupants
1467,9.38329E+07,structural
1468,1.69293E+02,occupants
1468,1.43246E+09,structural
1469,3.62394E+02,occupants
1469,3.05184E+09,structural
1470,3.75445E+01,occupants
1470,1.17989E+09,structural
1471,8.92586E+00,occupants
1471,3.37980E+08,structural
1472,1.43962E+00,occupants
1472,9.42634E+07,structural
1473,1.29235E+02,occupants
1473,3.20301E+09,structural
1474,4.02461E+02,occupants
1474,7.86529E+09,structural
1475,3.75445E+01,occupants
1475,1.14921E+09,structural
1476,8.92586E+00,occupants
1476,3.86553E+08,structural
1477,1.43962E+00,occupants
1477,1.17883E+08,structural
1478,1.29235E+02,occupants
1478,3.06927E+09,structural
1479,4.02461E+02,occupants
1479,7.90814E+09,structural
1480,3.75445E+01,occupants
1480,1.15180E+09,structural
1481,8.92586E+00,occupants
1481,4.24525E+08,structural
1482,1.43962E+00,occupants
1482,1.08675E+08,structural
1483,1.29235E+02,occupants
1483,3.25984E+09,structural
1484,4.02461E+02,occupants
1484,7.78014E+09,structural
1485,7.08317E+01,occupants
1485,1.16481E+09,structural
1486,2.88839E+01,occupants
1486,4.55483E+08,structural
1487,1.02318E+01,occupants
1487,1.95569E+08,structural
1488,1.63906E+02,occupants
1488,2.62242E+09,structural
1489,3.87984E+02,occupants
1489,5.46235E+09,structural
1490,7.08317E+01,occupants
1490,1.02965E+09,structural
1491,2.88839E+01,occupants
1491,4.82865E+08,structural
1492,1.02318E+01,occupants
1492,1.84729E+08,structural
1493,1.63906E+02,occupants
1493,2.32576E+09,structural
1494,3.87984E+02,occupants
1494,5.88381E+09,structural
1495,7.08317E+01,occupants
1495,1.10512E+09,structural
1496,2.88839E+01,occupants
1496,5.22504E+08,structural
1497,1.02318E+01,occupants
1497,2.23407E+08,structural
1498,1.63906E+02,occupants
1498,2.38881E+09,structural
1499,3.87984E+02,occupants
1499,5.55748E+09,structural
