#,,"generated_by='OpenQuake engine 3.13.0-gitd2db5fa', start_date='2021-10-23T15:49:04', checksum=1653129626"
event_id,loss,loss_type
0,2.42159E-01,occupants
0,1.04506E+08,structural
1,2.86267E-01,occupants
1,5.94555E+07,structural
2,2.10356E-01,occupants
2,9.03560E+07,structural
3,2.77178E-02,occupants
3,1.46105E+07,structural
4,3.37976E-02,occupants
4,3.72243E+07,structural
5,2.33881E-02,occupants
5,7.83500E+06,structural
6,1.86363E-03,occupants
6,4.30479E+06,structural
7,2.30488E-03,occupants
7,1.74626E+07,structural
8,1.55104E-03,occupants
8,5.66209E+06,structural
9,1.89749E+00,occupants
9,2.30776E+08,structural
10,2.16379E+00,occupants
10,3.01091E+08,structural
11,1.67574E+00,occupants
11,2.46431E+08,structural
12,1.49682E+01,occupants
12,9.08205E+08,structural
13,1.63545E+01,occupants
13,1.12655E+09,structural
14,1.37949E+01,occupants
14,1.01721E+09,structural
15,1.75032E-02,occupants
15,7.18160E+07,structural
16,1.83801E-02,occupants
16,1.61985E+07,structural
17,1.73485E-02,occupants
17,1.37021E+07,structural
18,1.02513E-03,occupants
18,1.51957E+06,structural
19,1.13014E-03,occupants
19,6.95104E+06,structural
20,9.83881E-04,occupants
20,8.47264E+06,structural
21,2.27160E-05,occupants
21,8.50264E+06,structural
22,2.14842E-05,occupants
22,4.29236E+05,structural
23,2.40519E-05,occupants
23,1.20330E+06,structural
24,2.39282E-01,occupants
24,5.50359E+07,structural
25,2.37075E-01,occupants
25,6.62684E+07,structural
26,2.43844E-01,occupants
26,8.37642E+07,structural
27,2.91608E+00,occupants
27,3.64028E+08,structural
28,2.91693E+00,occupants
28,4.37594E+08,structural
29,2.94177E+00,occupants
29,2.64477E+08,structural
30,1.30644E+01,occupants
30,7.54869E+08,structural
31,1.35181E+01,occupants
31,3.84187E+08,structural
32,1.27174E+01,occupants
32,5.66156E+08,structural
33,4.39785E+00,occupants
33,1.85281E+08,structural
34,4.59825E+00,occupants
34,1.63375E+08,structural
35,4.23106E+00,occupants
35,3.20111E+08,structural
36,9.94412E-01,occupants
36,1.67475E+08,structural
37,1.04838E+00,occupants
37,4.03601E+07,structural
38,9.44499E-01,occupants
38,2.24037E+07,structural
39,3.39641E+01,occupants
39,1.05050E+09,structural
40,3.46585E+01,occupants
40,2.39996E+09,structural
41,3.36617E+01,occupants
41,1.97132E+09,structural
42,9.39773E+01,occupants
42,4.21957E+09,structural
43,9.35833E+01,occupants
43,4.41991E+09,structural
44,9.60394E+01,occupants
44,4.71822E+09,structural
45,1.08793E-01,occupants
45,4.22567E+07,structural
46,1.15151E-01,occupants
46,1.99866E+07,structural
47,1.04128E-01,occupants
47,4.63571E+07,structural
48,8.27304E-03,occupants
48,2.11955E+07,structural
49,8.75343E-03,occupants
49,1.27901E+07,structural
50,7.99286E-03,occupants
50,1.54846E+07,structural
51,3.61367E-04,occupants
51,3.90449E+05,structural
52,4.02897E-04,occupants
52,1.65232E+06,structural
53,3.26378E-04,occupants
53,2.54453E+06,structural
54,1.17994E+00,occupants
54,2.55067E+08,structural
55,1.23938E+00,occupants
55,1.58604E+08,structural
56,1.12896E+00,occupants
56,1.43873E+08,structural
57,9.91004E+00,occupants
57,7.16660E+08,structural
58,1.02418E+01,occupants
58,6.04592E+08,structural
59,9.64480E+00,occupants
59,4.65509E+08,structural
60,5.56187E-01,occupants
60,9.00454E+07,structural
61,6.44206E-01,occupants
61,5.61891E+07,structural
62,4.77801E-01,occupants
62,3.33845E+07,structural
63,2.92806E-02,occupants
63,1.00052E+07,structural
64,3.56460E-02,occupants
64,5.40850E+06,structural
65,2.38092E-02,occupants
65,3.86708E+07,structural
66,7.08125E-04,occupants
66,1.42571E+06,structural
67,9.26774E-04,occupants
67,4.76575E+06,structural
68,5.52053E-04,occupants
68,3.61341E+06,structural
69,5.25684E+00,occupants
69,3.02372E+08,structural
70,5.84989E+00,occupants
70,1.47958E+08,structural
71,4.74173E+00,occupants
71,3.90010E+08,structural
72,2.89063E+01,occupants
72,6.48169E+08,structural
73,3.06414E+01,occupants
73,8.33070E+08,structural
74,2.73366E+01,occupants
74,6.82123E+08,structural
75,2.18193E+00,occupants
75,1.84182E+08,structural
76,2.42816E+00,occupants
76,1.40958E+08,structural
77,1.96689E+00,occupants
77,1.79525E+08,structural
78,7.21864E-01,occupants
78,6.36903E+07,structural
79,8.31312E-01,occupants
79,4.50251E+07,structural
80,6.24908E-01,occupants
80,2.73222E+07,structural
81,1.61327E-01,occupants
81,1.61545E+07,structural
82,1.95905E-01,occupants
82,1.50927E+07,structural
83,1.35066E-01,occupants
83,1.23400E+07,structural
84,6.12406E+00,occupants
84,8.04252E+08,structural
85,6.62804E+00,occupants
85,4.53246E+08,structural
86,5.73285E+00,occupants
86,6.10576E+08,structural
87,2.22401E+01,occupants
87,2.11755E+09,structural
88,2.33984E+01,occupants
88,1.27347E+09,structural
89,2.15959E+01,occupants
89,1.21621E+09,structural
90,3.70498E-01,occupants
90,9.21622E+07,structural
91,4.30820E-01,occupants
91,9.25566E+07,structural
92,3.16041E-01,occupants
92,8.83331E+07,structural
93,2.40749E-02,occupants
93,7.50809E+07,structural
94,2.84018E-02,occupants
94,2.04268E+07,structural
95,2.05081E-02,occupants
95,7.33225E+06,structural
96,9.77453E-04,occupants
96,1.66318E+06,structural
97,1.14976E-03,occupants
97,4.36117E+05,structural
98,8.32446E-04,occupants
98,1.83736E+06,structural
99,3.63130E+00,occupants
99,4.26723E+08,structural
100,4.04794E+00,occupants
100,3.60686E+08,structural
101,3.23165E+00,occupants
101,4.72334E+08,structural
102,2.19228E+01,occupants
102,1.04240E+09,structural
103,2.34682E+01,occupants
103,1.52523E+09,structural
104,2.05215E+01,occupants
104,1.82938E+09,structural
105,3.44886E+00,occupants
105,2.59044E+08,structural
106,3.79043E+00,occupants
106,1.87083E+08,structural
107,3.12097E+00,occupants
107,1.83078E+08,structural
108,7.40755E-01,occupants
108,5.85169E+07,structural
109,8.28989E-01,occupants
109,3.88208E+07,structural
110,6.61504E-01,occupants
110,1.22372E+08,structural
111,8.89542E-02,occupants
111,3.27614E+07,structural
112,1.05926E-01,occupants
112,8.57126E+06,structural
113,7.81703E-02,occupants
113,2.06841E+07,structural
114,1.22101E+01,occupants
114,6.27516E+08,structural
115,1.30610E+01,occupants
115,6.05067E+08,structural
116,1.14269E+01,occupants
116,3.95230E+08,structural
117,4.03627E+01,occupants
117,1.62701E+09,structural
118,4.19944E+01,occupants
118,1.82791E+09,structural
119,3.91380E+01,occupants
119,1.85185E+09,structural
120,3.54805E-02,occupants
120,3.84026E+07,structural
121,4.42588E-02,occupants
121,1.36537E+07,structural
122,2.83400E-02,occupants
122,4.53570E+06,structural
123,3.76604E-03,occupants
123,5.85806E+06,structural
124,4.95548E-03,occupants
124,3.49158E+06,structural
125,2.90011E-03,occupants
125,1.10910E+06,structural
126,2.72815E-04,occupants
126,5.79696E+03,structural
127,3.60083E-04,occupants
127,8.24657E+03,structural
128,1.87301E-04,occupants
128,2.99148E+04,structural
129,3.68572E-01,occupants
129,1.28584E+08,structural
130,4.42703E-01,occupants
130,2.72109E+07,structural
131,3.09847E-01,occupants
131,4.53607E+07,structural
132,4.11583E+00,occupants
132,3.32806E+08,structural
133,4.61065E+00,occupants
133,1.57321E+08,structural
134,3.65306E+00,occupants
134,1.54989E+08,structural
135,1.23446E+00,occupants
135,8.08331E+07,structural
136,1.42188E+00,occupants
136,1.78024E+08,structural
137,1.06615E+00,occupants
137,1.00442E+08,structural
138,1.04726E-01,occupants
138,1.98925E+07,structural
139,1.27402E-01,occupants
139,3.91638E+07,structural
140,8.71742E-02,occupants
140,1.57736E+07,structural
141,5.31023E-03,occupants
141,2.69982E+06,structural
142,6.39607E-03,occupants
142,7.24107E+06,structural
143,4.27829E-03,occupants
143,5.18782E+06,structural
144,8.44980E+00,occupants
144,5.74090E+08,structural
145,9.36881E+00,occupants
145,4.28541E+08,structural
146,7.57458E+00,occupants
146,3.74526E+08,structural
147,4.17275E+01,occupants
147,1.80433E+09,structural
148,4.46421E+01,occupants
148,1.77253E+09,structural
149,3.90304E+01,occupants
149,2.06688E+09,structural
150,6.46223E-01,occupants
150,6.36858E+07,structural
151,6.91012E-01,occupants
151,2.95395E+07,structural
152,6.11072E-01,occupants
152,4.88973E+07,structural
153,1.07650E-01,occupants
153,1.23945E+07,structural
154,1.17670E-01,occupants
154,1.95482E+07,structural
155,9.92758E-02,occupants
155,1.71513E+07,structural
156,1.02856E-02,occupants
156,1.55522E+06,structural
157,1.12738E-02,occupants
157,7.46883E+06,structural
158,9.42887E-03,occupants
158,7.43876E+06,structural
159,2.94967E+00,occupants
159,2.20404E+08,structural
160,3.09315E+00,occupants
160,3.64718E+08,structural
161,2.82966E+00,occupants
161,1.97808E+08,structural
162,1.18286E+01,occupants
162,5.37780E+08,structural
163,1.22104E+01,occupants
163,4.08682E+08,structural
164,1.15711E+01,occupants
164,4.67541E+08,structural
165,8.52078E+00,occupants
165,4.27618E+08,structural
166,8.92320E+00,occupants
166,4.20075E+08,structural
167,8.16428E+00,occupants
167,3.31938E+08,structural
168,2.67421E+00,occupants
168,2.69434E+08,structural
169,2.83935E+00,occupants
169,2.56762E+08,structural
170,2.52393E+00,occupants
170,2.17713E+08,structural
171,5.59980E-01,occupants
171,6.48358E+07,structural
172,6.05035E-01,occupants
172,4.54580E+07,structural
173,5.20431E-01,occupants
173,4.73732E+07,structural
174,2.27240E+01,occupants
174,9.88883E+08,structural
175,2.34045E+01,occupants
175,9.85995E+08,structural
176,2.21892E+01,occupants
176,1.40488E+09,structural
177,5.99607E+01,occupants
177,2.83450E+09,structural
178,6.04057E+01,occupants
178,3.00530E+09,structural
179,6.01057E+01,occupants
179,3.01795E+09,structural
180,3.03726E+00,occupants
180,2.87778E+08,structural
181,3.41232E+00,occupants
181,2.10422E+08,structural
182,2.72908E+00,occupants
182,1.58488E+08,structural
183,3.20587E-01,occupants
183,6.24792E+07,structural
184,3.83271E-01,occupants
184,3.43867E+07,structural
185,2.71526E-01,occupants
185,9.22440E+07,structural
186,2.25202E-02,occupants
186,8.37042E+06,structural
187,2.90369E-02,occupants
187,4.54842E+06,structural
188,1.79713E-02,occupants
188,3.67825E+06,structural
189,1.79290E+01,occupants
189,5.54633E+08,structural
190,1.91365E+01,occupants
190,8.20151E+08,structural
191,1.68267E+01,occupants
191,5.32134E+08,structural
192,6.82622E+01,occupants
192,2.07441E+09,structural
193,7.03786E+01,occupants
193,1.55104E+09,structural
194,6.63169E+01,occupants
194,1.84632E+09,structural
195,3.88671E-01,occupants
195,9.35670E+07,structural
196,4.16540E-01,occupants
196,7.88408E+07,structural
197,3.78515E-01,occupants
197,8.07792E+07,structural
198,6.05957E-02,occupants
198,1.98668E+07,structural
199,6.68845E-02,occupants
199,2.42498E+07,structural
200,5.66518E-02,occupants
200,3.65698E+07,structural
201,6.03988E-03,occupants
201,6.00594E+06,structural
202,6.73986E-03,occupants
202,2.84722E+06,structural
203,5.51565E-03,occupants
203,6.80590E+06,structural
204,2.34754E+00,occupants
204,2.44558E+08,structural
205,2.44131E+00,occupants
205,1.68259E+08,structural
206,2.30084E+00,occupants
206,1.49724E+08,structural
207,1.48584E+01,occupants
207,9.59903E+08,structural
208,1.52735E+01,occupants
208,8.26442E+08,structural
209,1.46779E+01,occupants
209,6.15609E+08,structural
210,3.45456E-01,occupants
210,1.07621E+08,structural
211,3.54053E-01,occupants
211,9.18486E+07,structural
212,3.38378E-01,occupants
212,7.37241E+07,structural
213,5.02958E-02,occupants
213,1.44991E+07,structural
214,5.13442E-02,occupants
214,5.77834E+07,structural
215,4.93834E-02,occupants
215,1.90987E+07,structural
216,4.00980E-03,occupants
216,1.44326E+06,structural
217,4.08093E-03,occupants
217,2.37072E+07,structural
218,3.95584E-03,occupants
218,4.53787E+05,structural
219,1.81328E+00,occupants
219,1.28962E+08,structural
220,1.86388E+00,occupants
220,3.84425E+08,structural
221,1.77202E+00,occupants
221,9.41787E+07,structural
222,9.02973E+00,occupants
222,7.81717E+08,structural
223,9.29631E+00,occupants
223,6.44351E+08,structural
224,8.83039E+00,occupants
224,1.00450E+09,structural
225,1.09189E+00,occupants
225,6.20584E+07,structural
226,1.27026E+00,occupants
226,5.74208E+07,structural
227,9.27120E-01,occupants
227,9.02090E+07,structural
228,1.34898E-01,occupants
228,6.05612E+07,structural
229,1.59870E-01,occupants
229,1.66685E+07,structural
230,1.12160E-01,occupants
230,1.10211E+07,structural
231,1.25813E-02,occupants
231,4.12558E+06,structural
232,1.54691E-02,occupants
232,2.56062E+07,structural
233,9.86795E-03,occupants
233,3.20203E+06,structural
234,7.67565E+00,occupants
234,5.96915E+08,structural
235,8.52458E+00,occupants
235,5.90764E+08,structural
236,6.87947E+00,occupants
236,2.82963E+08,structural
237,4.08197E+01,occupants
237,1.12115E+09,structural
238,4.29576E+01,occupants
238,1.48321E+09,structural
239,3.89530E+01,occupants
239,1.41269E+09,structural
240,3.55589E-02,occupants
240,2.37239E+07,structural
241,3.93068E-02,occupants
241,2.74794E+07,structural
242,3.27266E-02,occupants
242,1.93354E+07,structural
243,2.85814E-03,occupants
243,1.31512E+07,structural
244,3.18031E-03,occupants
244,3.68550E+06,structural
245,2.63332E-03,occupants
245,5.15901E+06,structural
246,5.28523E-05,occupants
246,4.90146E+03,structural
247,6.91148E-05,occupants
247,1.34374E+05,structural
248,4.32981E-05,occupants
249,3.94456E-01,occupants
249,9.71913E+07,structural
250,4.31860E-01,occupants
250,4.36807E+07,structural
251,3.64114E-01,occupants
251,1.14010E+08,structural
252,4.00163E+00,occupants
252,3.67187E+08,structural
253,4.30377E+00,occupants
253,3.48370E+08,structural
254,3.75816E+00,occupants
254,3.70143E+08,structural
255,7.03972E-01,occupants
255,6.41688E+07,structural
256,7.53564E-01,occupants
256,2.00562E+08,structural
257,6.61205E-01,occupants
257,1.15344E+08,structural
258,1.04786E-01,occupants
258,2.20630E+07,structural
259,1.14119E-01,occupants
259,3.06307E+07,structural
260,9.78784E-02,occupants
260,3.82995E+07,structural
261,9.22434E-03,occupants
261,5.39869E+06,structural
262,1.00853E-02,occupants
262,1.71630E+07,structural
263,8.40500E-03,occupants
263,2.60534E+06,structural
264,3.71345E+00,occupants
264,2.75977E+08,structural
265,3.94451E+00,occupants
265,1.86252E+08,structural
266,3.52266E+00,occupants
266,4.17635E+08,structural
267,1.82813E+01,occupants
267,1.24780E+09,structural
268,1.91573E+01,occupants
268,1.36288E+09,structural
269,1.76519E+01,occupants
269,9.51690E+08,structural
270,1.52287E+00,occupants
270,6.76194E+07,structural
271,1.64585E+00,occupants
271,9.99202E+07,structural
272,1.40773E+00,occupants
272,6.79252E+07,structural
273,4.39101E-01,occupants
273,5.46364E+07,structural
274,4.89667E-01,occupants
274,3.81201E+07,structural
275,3.95119E-01,occupants
275,8.18554E+07,structural
276,8.28539E-02,occupants
276,5.95940E+06,structural
277,9.78912E-02,occupants
277,1.48798E+06,structural
278,7.15920E-02,occupants
278,1.57196E+07,structural
279,5.57780E+00,occupants
279,1.05763E+09,structural
280,5.97934E+00,occupants
280,3.71467E+08,structural
281,5.24026E+00,occupants
281,5.30108E+08,structural
282,2.79395E+01,occupants
282,1.09235E+09,structural
283,2.91652E+01,occupants
283,1.27983E+09,structural
284,2.70552E+01,occupants
284,2.01190E+09,structural
285,3.39987E-01,occupants
285,3.78306E+07,structural
286,3.83291E-01,occupants
286,7.31350E+07,structural
287,3.01250E-01,occupants
287,3.40723E+07,structural
288,2.48576E-02,occupants
288,1.35517E+07,structural
289,2.82733E-02,occupants
289,7.78051E+06,structural
290,2.15766E-02,occupants
290,8.54335E+06,structural
291,9.72857E-04,occupants
291,1.14791E+06,structural
292,1.11809E-03,occupants
292,4.40354E+05,structural
293,8.41263E-04,occupants
293,8.12404E+05,structural
294,3.18071E+00,occupants
294,3.17099E+08,structural
295,3.49123E+00,occupants
295,3.86545E+08,structural
296,2.90264E+00,occupants
296,1.74480E+08,structural
297,2.25522E+01,occupants
297,9.27900E+08,structural
298,2.38207E+01,occupants
298,1.03198E+09,structural
299,2.13667E+01,occupants
299,9.37849E+08,structural
300,1.35780E+01,occupants
300,4.66625E+08,structural
301,1.45189E+01,occupants
301,5.91755E+08,structural
302,1.27276E+01,occupants
302,5.00916E+08,structural
303,4.04651E+00,occupants
303,3.27242E+08,structural
304,4.44308E+00,occupants
304,2.19027E+08,structural
305,3.67889E+00,occupants
305,2.69610E+08,structural
306,8.09961E-01,occupants
306,3.11096E+07,structural
307,9.12143E-01,occupants
307,5.48998E+07,structural
308,7.14009E-01,occupants
308,6.53960E+07,structural
309,3.75382E+01,occupants
309,1.26408E+09,structural
310,3.90296E+01,occupants
310,1.39358E+09,structural
311,3.62920E+01,occupants
311,1.33750E+09,structural
312,1.00752E+02,occupants
312,4.37402E+09,structural
313,1.01257E+02,occupants
313,3.51101E+09,structural
314,1.01024E+02,occupants
314,3.56216E+09,structural
315,8.23670E-01,occupants
315,1.22025E+08,structural
316,9.89869E-01,occupants
316,6.58178E+07,structural
317,6.89000E-01,occupants
317,1.09124E+08,structural
318,8.36504E-02,occupants
318,4.73580E+07,structural
319,1.01910E-01,occupants
319,2.36894E+07,structural
320,6.75611E-02,occupants
320,2.84432E+08,structural
321,4.02780E-03,occupants
321,1.08098E+07,structural
322,5.05882E-03,occupants
322,8.50387E+06,structural
323,3.11030E-03,occupants
323,7.43970E+06,structural
324,5.18421E+00,occupants
324,4.66170E+08,structural
325,5.83333E+00,occupants
325,4.57451E+08,structural
326,4.58821E+00,occupants
326,3.86411E+08,structural
327,2.47045E+01,occupants
327,1.22250E+09,structural
328,2.65228E+01,occupants
328,1.44104E+09,structural
329,2.31276E+01,occupants
329,1.37425E+09,structural
330,6.81985E+00,occupants
330,8.97825E+08,structural
331,7.01588E+00,occupants
331,9.65090E+08,structural
332,6.72194E+00,occupants
332,9.81666E+08,structural
333,1.86985E+00,occupants
333,3.85673E+08,structural
334,1.97714E+00,occupants
334,4.03082E+08,structural
335,1.79578E+00,occupants
335,3.57458E+08,structural
336,3.69858E-01,occupants
336,7.08238E+07,structural
337,4.03758E-01,occupants
337,3.98372E+07,structural
338,3.40168E-01,occupants
338,4.53460E+07,structural
339,2.23559E+01,occupants
339,1.46800E+09,structural
340,2.25405E+01,occupants
340,1.34417E+09,structural
341,2.25106E+01,occupants
341,1.84604E+09,structural
342,7.42326E+01,occupants
342,5.20903E+09,structural
343,7.34686E+01,occupants
343,3.81602E+09,structural
344,7.63797E+01,occupants
344,5.00819E+09,structural
345,8.91334E-02,occupants
345,1.37247E+07,structural
346,9.08978E-02,occupants
346,4.41540E+07,structural
347,8.87226E-02,occupants
347,3.45037E+07,structural
348,1.12744E-02,occupants
348,1.01506E+07,structural
349,1.13666E-02,occupants
349,2.89300E+06,structural
350,1.14256E-02,occupants
350,6.00595E+06,structural
351,8.13046E-04,occupants
351,1.55235E+06,structural
352,7.91288E-04,occupants
352,5.76353E+05,structural
353,8.45484E-04,occupants
353,5.42942E+05,structural
354,5.64769E-01,occupants
354,6.26006E+07,structural
355,5.84078E-01,occupants
355,7.23399E+07,structural
356,5.51990E-01,occupants
356,1.32557E+08,structural
357,3.71380E+00,occupants
357,4.01559E+08,structural
358,3.86820E+00,occupants
358,3.10333E+08,structural
359,3.60503E+00,occupants
359,3.83193E+08,structural
360,2.71096E-01,occupants
360,2.78488E+07,structural
361,3.19480E-01,occupants
361,2.30070E+07,structural
362,2.30600E-01,occupants
362,5.41116E+07,structural
363,4.64975E-02,occupants
363,1.01881E+06,structural
364,5.83522E-02,occupants
364,2.60866E+07,structural
365,3.78273E-02,occupants
365,5.64202E+06,structural
366,5.43132E-03,occupants
366,1.30085E+05,structural
367,7.00095E-03,occupants
367,8.30005E+05,structural
368,4.13450E-03,occupants
368,4.54193E+04,structural
369,1.82797E+00,occupants
369,1.38377E+08,structural
370,2.03638E+00,occupants
370,2.13952E+08,structural
371,1.64985E+00,occupants
371,9.02280E+07,structural
372,1.55518E+01,occupants
372,6.77690E+08,structural
373,1.65981E+01,occupants
373,6.74019E+08,structural
374,1.45639E+01,occupants
374,5.74919E+08,structural
375,3.28574E-01,occupants
375,1.23225E+08,structural
376,3.49074E-01,occupants
376,2.57508E+08,structural
377,3.20913E-01,occupants
377,1.74977E+08,structural
378,3.85006E-02,occupants
378,2.59177E+07,structural
379,4.23617E-02,occupants
379,5.10362E+07,structural
380,3.56091E-02,occupants
380,7.03603E+07,structural
381,3.36768E-03,occupants
381,2.94673E+06,structural
382,3.84517E-03,occupants
382,5.64122E+06,structural
383,3.01020E-03,occupants
383,1.00696E+07,structural
384,2.77591E+00,occupants
384,4.32613E+08,structural
385,2.83828E+00,occupants
385,4.65179E+08,structural
386,2.76483E+00,occupants
386,4.44194E+08,structural
387,2.21066E+01,occupants
387,1.49914E+09,structural
388,2.22981E+01,occupants
388,1.26304E+09,structural
389,2.21710E+01,occupants
389,1.54665E+09,structural
390,1.79399E+00,occupants
390,2.49865E+08,structural
391,1.95377E+00,occupants
391,1.18887E+08,structural
392,1.64634E+00,occupants
392,5.09457E+07,structural
393,1.21937E-01,occupants
393,5.54759E+06,structural
394,1.36059E-01,occupants
394,4.45873E+06,structural
395,1.08526E-01,occupants
395,1.24954E+07,structural
396,2.18755E-03,occupants
396,1.32950E+06,structural
397,2.63891E-03,occupants
397,1.04159E+06,structural
398,1.92914E-03,occupants
398,2.79245E+06,structural
399,1.22316E+01,occupants
399,3.42936E+08,structural
400,1.30258E+01,occupants
400,3.67217E+08,structural
401,1.15329E+01,occupants
401,4.73351E+08,structural
402,4.98062E+01,occupants
402,2.35963E+09,structural
403,5.13043E+01,occupants
403,1.51816E+09,structural
404,4.84789E+01,occupants
404,1.30733E+09,structural
405,3.06447E-01,occupants
405,9.64385E+07,structural
406,3.68651E-01,occupants
406,2.72806E+07,structural
407,2.49286E-01,occupants
407,4.39806E+07,structural
408,1.09925E-02,occupants
408,5.59447E+06,structural
409,1.42043E-02,occupants
409,8.34340E+06,structural
410,8.54013E-03,occupants
410,5.42881E+06,structural
411,1.27081E-04,occupants
411,4.49285E+05,structural
412,1.71924E-04,occupants
412,1.86513E+05,structural
413,9.16056E-05,occupants
413,8.76217E+04,structural
414,3.79298E+00,occupants
414,2.09964E+08,structural
415,4.30296E+00,occupants
415,2.13909E+08,structural
416,3.30895E+00,occupants
416,2.67339E+08,structural
417,2.57852E+01,occupants
417,7.29844E+08,structural
418,2.77262E+01,occupants
418,5.85183E+08,structural
419,2.39791E+01,occupants
419,9.01710E+08,structural
420,3.21015E+00,occupants
420,1.68977E+08,structural
421,3.55912E+00,occupants
421,3.07998E+08,structural
422,2.87892E+00,occupants
422,1.45491E+08,structural
423,2.68530E-01,occupants
423,6.93858E+07,structural
424,3.13063E-01,occupants
424,3.12623E+07,structural
425,2.26893E-01,occupants
425,2.44883E+07,structural
426,6.87131E-03,occupants
426,1.29106E+07,structural
427,8.46002E-03,occupants
427,1.68971E+07,structural
428,5.74733E-03,occupants
428,3.05567E+06,structural
429,1.94725E+01,occupants
429,1.33129E+09,structural
430,2.06731E+01,occupants
430,1.03070E+09,structural
431,1.83748E+01,occupants
431,8.94412E+08,structural
432,8.55867E+01,occupants
432,2.57888E+09,structural
433,8.79062E+01,occupants
433,2.95313E+09,structural
434,8.37035E+01,occupants
434,2.91200E+09,structural
435,7.64738E-01,occupants
435,1.13241E+08,structural
436,8.41026E-01,occupants
436,8.71163E+07,structural
437,7.03711E-01,occupants
437,4.47179E+07,structural
438,1.08002E-01,occupants
438,1.99857E+07,structural
439,1.23934E-01,occupants
439,6.18362E+06,structural
440,9.48683E-02,occupants
440,1.10636E+07,structural
441,1.15400E-02,occupants
441,2.42223E+06,structural
442,1.41270E-02,occupants
442,1.39688E+06,structural
443,9.59676E-03,occupants
443,2.73835E+06,structural
444,4.60727E+00,occupants
444,1.98816E+08,structural
445,4.87536E+00,occupants
445,2.89352E+08,structural
446,4.38475E+00,occupants
446,2.39419E+08,structural
447,2.32168E+01,occupants
447,8.38062E+08,structural
448,2.38081E+01,occupants
448,8.85602E+08,structural
449,2.27996E+01,occupants
449,9.39786E+08,structural
450,2.31453E+00,occupants
450,1.98294E+08,structural
451,2.56502E+00,occupants
451,1.82396E+08,structural
452,2.08777E+00,occupants
452,1.66559E+08,structural
453,4.84489E-01,occupants
453,9.25175E+07,structural
454,5.52530E-01,occupants
454,8.26182E+07,structural
455,4.25020E-01,occupants
455,6.60759E+07,structural
456,6.10105E-02,occupants
456,3.99672E+07,structural
457,7.13148E-02,occupants
457,2.32879E+07,structural
458,5.09901E-02,occupants
458,4.47810E+07,structural
459,8.50025E+00,occupants
459,5.47935E+08,structural
460,9.14532E+00,occupants
460,4.23881E+08,structural
461,7.92988E+00,occupants
461,4.81729E+08,structural
462,2.91822E+01,occupants
462,1.64049E+09,structural
463,3.02023E+01,occupants
463,1.55100E+09,structural
464,2.86037E+01,occupants
464,1.49007E+09,structural
465,4.75265E-01,occupants
465,3.41724E+07,structural
466,4.92655E-01,occupants
466,1.68380E+07,structural
467,4.58440E-01,occupants
467,2.71569E+07,structural
468,6.13435E-02,occupants
468,4.27988E+06,structural
469,6.40572E-02,occupants
469,2.66325E+06,structural
470,5.81139E-02,occupants
470,1.07180E+07,structural
471,4.43608E-03,occupants
471,1.01494E+05,structural
472,4.62779E-03,occupants
472,1.05067E+04,structural
473,4.24536E-03,occupants
473,9.65280E+04,structural
474,2.67324E+00,occupants
474,1.62468E+08,structural
475,2.79538E+00,occupants
475,2.01163E+08,structural
476,2.56518E+00,occupants
476,1.14132E+08,structural
477,1.36925E+01,occupants
477,3.87427E+08,structural
478,1.41524E+01,occupants
478,5.31748E+08,structural
479,1.33363E+01,occupants
479,4.50734E+08,structural
480,3.45414E+00,occupants
480,6.34017E+08,structural
481,3.66290E+00,occupants
481,5.69028E+08,structural
482,3.27299E+00,occupants
482,6.28224E+08,structural
483,4.47013E-01,occupants
483,1.43805E+08,structural
484,4.70336E-01,occupants
484,1.48958E+08,structural
485,4.24976E-01,occupants
485,2.85476E+08,structural
486,3.11317E-02,occupants
486,2.58754E+07,structural
487,3.24946E-02,occupants
487,5.10191E+07,structural
488,3.00405E-02,occupants
488,6.07614E+07,structural
489,1.85674E+01,occupants
489,8.32450E+08,structural
490,1.93378E+01,occupants
490,1.42040E+09,structural
491,1.78875E+01,occupants
491,1.34528E+09,structural
492,7.94676E+01,occupants
492,4.24749E+09,structural
493,8.13268E+01,occupants
493,3.28070E+09,structural
494,7.82781E+01,occupants
494,3.45592E+09,structural
495,6.79297E-01,occupants
495,1.11175E+08,structural
496,8.04117E-01,occupants
496,1.05481E+08,structural
497,5.88855E-01,occupants
497,3.88353E+07,structural
498,3.37739E-02,occupants
498,4.34405E+06,structural
499,4.18029E-02,occupants
499,1.75420E+07,structural
500,2.80351E-02,occupants
500,1.43767E+07,structural
501,5.40893E-04,occupants
501,2.20174E+05,structural
502,7.12450E-04,occupants
502,3.91545E+06,structural
503,4.01380E-04,occupants
503,3.02779E+06,structural
504,6.43360E+00,occupants
504,2.27708E+08,structural
505,7.18004E+00,occupants
505,2.44368E+08,structural
506,5.78239E+00,occupants
506,2.79258E+08,structural
507,3.53873E+01,occupants
507,1.19743E+09,structural
508,3.74667E+01,occupants
508,1.00738E+09,structural
509,3.34577E+01,occupants
509,1.27976E+09,structural
510,4.65309E-01,occupants
510,9.03862E+07,structural
511,5.17994E-01,occupants
511,1.03385E+08,structural
512,4.22783E-01,occupants
512,9.36262E+07,structural
513,5.07656E-02,occupants
513,9.81055E+06,structural
514,5.66918E-02,occupants
514,2.14076E+07,structural
515,4.53418E-02,occupants
515,3.05682E+07,structural
516,3.44893E-03,occupants
516,7.00867E+05,structural
517,3.91226E-03,occupants
517,1.20166E+07,structural
518,3.05572E-03,occupants
518,1.54182E+06,structural
519,3.50926E+00,occupants
519,4.63517E+08,structural
520,3.78718E+00,occupants
520,4.22612E+08,structural
521,3.29132E+00,occupants
521,2.85342E+08,structural
522,2.33160E+01,occupants
522,1.53467E+09,structural
523,2.38595E+01,occupants
523,1.29168E+09,structural
524,2.30767E+01,occupants
524,1.58879E+09,structural
525,2.55714E-01,occupants
525,1.53855E+08,structural
526,2.73506E-01,occupants
526,6.84893E+07,structural
527,2.48600E-01,occupants
527,1.37828E+08,structural
528,3.00247E-02,occupants
528,3.53109E+07,structural
529,3.26654E-02,occupants
529,2.36584E+07,structural
530,2.85905E-02,occupants
530,2.86516E+07,structural
531,2.01932E-03,occupants
531,1.12287E+06,structural
532,2.31387E-03,occupants
532,2.65194E+06,structural
533,1.80201E-03,occupants
533,4.23807E+06,structural
534,1.81726E+00,occupants
534,4.19211E+08,structural
535,1.91178E+00,occupants
535,4.14956E+08,structural
536,1.78133E+00,occupants
536,2.35107E+08,structural
537,1.20026E+01,occupants
537,1.49330E+09,structural
538,1.23831E+01,occupants
538,1.27383E+09,structural
539,1.19498E+01,occupants
539,1.61460E+09,structural
540,1.56302E+00,occupants
540,1.84060E+08,structural
541,1.52264E+00,occupants
541,8.09081E+08,structural
542,1.60778E+00,occupants
542,1.67298E+09,structural
543,1.42004E-01,occupants
543,8.65100E+07,structural
544,1.39438E-01,occupants
544,9.64818E+07,structural
545,1.45101E-01,occupants
545,1.01469E+08,structural
546,5.74149E-03,occupants
546,2.73232E+07,structural
547,5.71269E-03,occupants
547,2.05778E+07,structural
548,5.79168E-03,occupants
548,3.26739E+07,structural
549,1.14625E+01,occupants
549,5.68945E+08,structural
550,1.12913E+01,occupants
550,5.08669E+08,structural
551,1.16546E+01,occupants
551,6.86968E+08,structural
552,6.41055E+01,occupants
552,4.32412E+09,structural
553,6.34840E+01,occupants
553,2.66329E+09,structural
554,6.48954E+01,occupants
554,4.84389E+09,structural
555,6.96097E-02,occupants
555,7.38922E+07,structural
556,7.79405E-02,occupants
556,3.41598E+07,structural
557,6.28925E-02,occupants
557,6.05111E+07,structural
558,1.13660E-02,occupants
558,1.52863E+07,structural
559,1.30972E-02,occupants
559,1.61180E+07,structural
560,9.92827E-03,occupants
560,4.05528E+06,structural
561,1.28034E-03,occupants
561,5.96411E+06,structural
562,1.50306E-03,occupants
562,2.85116E+06,structural
563,1.11044E-03,occupants
563,2.61005E+06,structural
564,3.76615E-01,occupants
564,1.50845E+08,structural
565,4.07413E-01,occupants
565,1.61457E+08,structural
566,3.48461E-01,occupants
566,1.23812E+08,structural
567,2.36572E+00,occupants
567,3.41330E+08,structural
568,2.49641E+00,occupants
568,6.48658E+08,structural
569,2.24673E+00,occupants
569,5.62602E+08,structural
570,2.12581E+00,occupants
570,7.68541E+07,structural
571,2.42245E+00,occupants
571,8.24952E+07,structural
572,1.84197E+00,occupants
572,1.00864E+08,structural
573,1.99360E-01,occupants
573,6.13035E+07,structural
574,2.37080E-01,occupants
574,8.09251E+06,structural
575,1.64654E-01,occupants
575,4.57065E+07,structural
576,1.09020E-02,occupants
576,5.59786E+06,structural
577,1.33204E-02,occupants
577,1.03575E+07,structural
578,8.85121E-03,occupants
578,5.92430E+06,structural
579,1.23704E+01,occupants
579,5.02667E+08,structural
580,1.35067E+01,occupants
580,5.46949E+08,structural
581,1.12993E+01,occupants
581,5.22176E+08,structural
582,4.35379E+01,occupants
582,1.21519E+09,structural
583,4.57072E+01,occupants
583,1.18417E+09,structural
584,4.14294E+01,occupants
584,1.03270E+09,structural
585,4.45272E-01,occupants
585,1.13105E+07,structural
586,4.65568E-01,occupants
586,3.60301E+07,structural
587,4.25729E-01,occupants
587,2.41621E+07,structural
588,5.70070E-02,occupants
588,1.16466E+07,structural
589,5.98286E-02,occupants
589,2.78533E+05,structural
590,5.46699E-02,occupants
590,2.49640E+06,structural
591,3.84767E-03,occupants
591,2.53029E+06,structural
592,4.13846E-03,occupants
592,1.20506E+06,structural
593,3.58311E-03,occupants
593,7.89633E+05,structural
594,2.37433E+00,occupants
594,8.28281E+07,structural
595,2.45681E+00,occupants
595,1.30959E+08,structural
596,2.29807E+00,occupants
596,1.07227E+08,structural
597,1.07026E+01,occupants
597,3.00674E+08,structural
598,1.10546E+01,occupants
598,4.28219E+08,structural
599,1.03978E+01,occupants
599,4.85441E+08,structural
600,3.35097E+00,occupants
600,2.74704E+08,structural
601,3.46259E+00,occupants
601,2.60591E+08,structural
602,3.27507E+00,occupants
602,3.58372E+08,structural
603,4.14858E-01,occupants
603,9.55975E+07,structural
604,4.21916E-01,occupants
604,7.61085E+07,structural
605,4.15337E-01,occupants
605,8.41602E+07,structural
606,2.81851E-02,occupants
606,1.61146E+07,structural
607,2.61564E-02,occupants
607,2.21548E+07,structural
608,3.04253E-02,occupants
608,1.91070E+07,structural
609,1.50040E+01,occupants
609,4.72203E+08,structural
610,1.52929E+01,occupants
610,2.83624E+08,structural
611,1.47815E+01,occupants
611,6.46993E+08,structural
612,4.24211E+01,occupants
612,1.48019E+09,structural
613,4.24575E+01,occupants
613,1.41686E+09,structural
614,4.27252E+01,occupants
614,1.38701E+09,structural
615,4.19206E+00,occupants
615,1.66605E+08,structural
616,4.58511E+00,occupants
616,2.35142E+08,structural
617,3.83378E+00,occupants
617,1.94642E+08,structural
618,1.58639E+00,occupants
618,8.21041E+07,structural
619,1.79013E+00,occupants
619,6.31402E+07,structural
620,1.40654E+00,occupants
620,3.99858E+07,structural
621,4.43527E-01,occupants
621,3.88984E+07,structural
622,5.19893E-01,occupants
622,1.96920E+07,structural
623,3.77651E-01,occupants
623,2.62352E+07,structural
624,1.16344E+01,occupants
624,5.96753E+08,structural
625,1.23780E+01,occupants
625,6.25481E+08,structural
626,1.09662E+01,occupants
626,5.69237E+08,structural
627,4.53061E+01,occupants
627,2.30932E+09,structural
628,4.66060E+01,occupants
628,2.82942E+09,structural
629,4.42456E+01,occupants
629,2.20343E+09,structural
630,1.58496E+00,occupants
630,2.25666E+08,structural
631,1.63856E+00,occupants
631,2.17802E+08,structural
632,1.54092E+00,occupants
632,1.61712E+08,structural
633,2.32035E-01,occupants
633,5.67203E+07,structural
634,2.45606E-01,occupants
634,3.24055E+07,structural
635,2.21312E-01,occupants
635,1.36762E+07,structural
636,1.96918E-02,occupants
636,2.41751E+06,structural
637,2.05434E-02,occupants
637,1.16894E+07,structural
638,1.90199E-02,occupants
638,4.27598E+06,structural
639,7.86005E+00,occupants
639,5.41196E+08,structural
640,8.07761E+00,occupants
640,4.32168E+08,structural
641,7.75381E+00,occupants
641,5.11203E+08,structural
642,3.48760E+01,occupants
642,2.18403E+09,structural
643,3.49677E+01,occupants
643,1.44786E+09,structural
644,3.50630E+01,occupants
644,1.87915E+09,structural
645,1.14320E+00,occupants
645,1.17314E+08,structural
646,1.30432E+00,occupants
646,3.00802E+07,structural
647,9.98923E-01,occupants
647,1.60314E+08,structural
648,1.07539E-01,occupants
648,2.52790E+07,structural
649,1.32158E-01,occupants
649,1.20951E+08,structural
650,8.79756E-02,occupants
650,1.67531E+08,structural
651,3.33811E-03,occupants
651,8.57716E+06,structural
652,4.21856E-03,occupants
652,4.76686E+06,structural
653,2.52156E-03,occupants
653,1.20833E+07,structural
654,6.14993E+00,occupants
654,3.52779E+08,structural
655,6.54123E+00,occupants
655,4.47524E+08,structural
656,5.86209E+00,occupants
656,3.86435E+08,structural
657,2.57610E+01,occupants
657,1.34827E+09,structural
658,2.53652E+01,occupants
658,3.07466E+09,structural
659,2.68424E+01,occupants
659,1.33267E+09,structural
660,4.92454E+00,occupants
660,1.86100E+08,structural
661,5.26420E+00,occupants
661,1.62725E+08,structural
662,4.60384E+00,occupants
662,1.55625E+08,structural
663,1.39754E+00,occupants
663,1.07131E+08,structural
664,1.52084E+00,occupants
664,1.07221E+08,structural
665,1.28982E+00,occupants
665,2.53168E+07,structural
666,2.55838E-01,occupants
666,2.82216E+07,structural
667,2.82013E-01,occupants
667,1.87420E+07,structural
668,2.30307E-01,occupants
668,9.47352E+06,structural
669,1.38821E+01,occupants
669,5.99511E+08,structural
670,1.46673E+01,occupants
670,4.84963E+08,structural
671,1.31334E+01,occupants
671,5.39650E+08,structural
672,3.73144E+01,occupants
672,1.05974E+09,structural
673,3.90205E+01,occupants
673,1.06555E+09,structural
674,3.57480E+01,occupants
674,1.26054E+09,structural
675,1.37854E+01,occupants
675,4.48945E+08,structural
676,1.49019E+01,occupants
676,6.58146E+08,structural
677,1.27726E+01,occupants
677,3.08124E+08,structural
678,3.13281E+00,occupants
678,2.70147E+08,structural
679,3.49448E+00,occupants
679,1.66076E+08,structural
680,2.81169E+00,occupants
680,1.23726E+08,structural
681,3.48317E-01,occupants
681,4.44892E+07,structural
682,4.03912E-01,occupants
682,1.17932E+07,structural
683,3.01901E-01,occupants
683,3.18811E+07,structural
684,4.04510E+01,occupants
684,1.39251E+09,structural
685,4.24578E+01,occupants
685,1.15907E+09,structural
686,3.85403E+01,occupants
686,8.97718E+08,structural
687,9.44587E+01,occupants
687,2.54767E+09,structural
688,9.68601E+01,occupants
688,2.33226E+09,structural
689,9.23390E+01,occupants
689,3.13084E+09,structural
690,7.27687E-01,occupants
690,1.17631E+08,structural
691,7.96943E-01,occupants
691,5.77288E+07,structural
692,6.61492E-01,occupants
692,4.67958E+07,structural
693,3.36215E-02,occupants
693,1.23553E+07,structural
694,3.79438E-02,occupants
694,1.71369E+07,structural
695,2.94612E-02,occupants
695,2.97926E+06,structural
696,4.03071E-04,occupants
696,7.64733E+04,structural
697,4.63105E-04,occupants
697,1.37380E+06,structural
698,3.48710E-04,occupants
698,1.08395E+05,structural
699,7.32879E+00,occupants
699,4.98325E+08,structural
700,7.83461E+00,occupants
700,3.85594E+08,structural
701,6.85686E+00,occupants
701,3.57459E+08,structural
702,4.66080E+01,occupants
702,1.69466E+09,structural
703,4.84823E+01,occupants
703,1.41736E+09,structural
704,4.48633E+01,occupants
704,1.08928E+09,structural
705,4.34584E+00,occupants
705,5.39472E+08,structural
706,4.64355E+00,occupants
706,4.22914E+08,structural
707,4.11633E+00,occupants
707,3.40533E+08,structural
708,9.43977E-01,occupants
708,1.40241E+08,structural
709,1.04060E+00,occupants
709,1.48798E+08,structural
710,8.63451E-01,occupants
710,1.56727E+08,structural
711,1.28729E-01,occupants
711,4.13553E+07,structural
712,1.46867E-01,occupants
712,1.35166E+08,structural
713,1.12331E-01,occupants
713,6.09894E+07,structural
714,1.60275E+01,occupants
714,1.09944E+09,structural
715,1.64942E+01,occupants
715,5.62029E+08,structural
716,1.58449E+01,occupants
716,1.02075E+09,structural
717,5.60526E+01,occupants
717,2.45419E+09,structural
718,5.52916E+01,occupants
718,2.97249E+09,structural
719,5.81224E+01,occupants
719,3.27217E+09,structural
720,2.13857E-01,occupants
720,9.13650E+07,structural
721,2.25883E-01,occupants
721,6.44786E+07,structural
722,2.03999E-01,occupants
722,9.16272E+07,structural
723,3.36092E-02,occupants
723,1.62989E+07,structural
724,3.63216E-02,occupants
724,1.22141E+07,structural
725,3.07256E-02,occupants
725,2.78436E+07,structural
726,3.17434E-03,occupants
726,9.61451E+05,structural
727,3.51317E-03,occupants
727,3.16422E+06,structural
728,2.87926E-03,occupants
728,1.52459E+06,structural
729,1.09479E+00,occupants
729,2.51254E+08,structural
730,1.13127E+00,occupants
730,1.15833E+08,structural
731,1.06895E+00,occupants
731,1.86730E+08,structural
732,5.74482E+00,occupants
732,4.15668E+08,structural
733,5.83525E+00,occupants
733,5.98676E+08,structural
734,5.73068E+00,occupants
734,5.94819E+08,structural
735,5.55570E-01,occupants
735,4.79218E+07,structural
736,6.15080E-01,occupants
736,4.67990E+07,structural
737,4.98053E-01,occupants
737,4.54810E+07,structural
738,7.20705E-02,occupants
738,1.61855E+07,structural
739,8.33515E-02,occupants
739,1.79275E+07,structural
740,6.40116E-02,occupants
740,1.89116E+07,structural
741,5.39196E-03,occupants
741,6.14964E+06,structural
742,6.45917E-03,occupants
742,3.64749E+05,structural
743,4.40797E-03,occupants
743,3.99592E+06,structural
744,3.19277E+00,occupants
744,1.53653E+08,structural
745,3.42311E+00,occupants
745,2.67960E+08,structural
746,2.99186E+00,occupants
746,4.03981E+08,structural
747,1.64509E+01,occupants
747,8.99649E+08,structural
748,1.71606E+01,occupants
748,8.79122E+08,structural
749,1.58608E+01,occupants
749,6.64966E+08,structural
750,2.15857E+00,occupants
750,1.90863E+08,structural
751,2.42717E+00,occupants
751,1.82778E+08,structural
752,1.91283E+00,occupants
752,1.87329E+08,structural
753,4.80970E-01,occupants
753,4.89469E+07,structural
754,5.56361E-01,occupants
754,4.02152E+07,structural
755,4.19646E-01,occupants
755,5.10248E+07,structural
756,8.06847E-02,occupants
756,8.11111E+06,structural
757,9.45925E-02,occupants
757,9.49786E+06,structural
758,6.74691E-02,occupants
758,1.36307E+06,structural
759,9.98390E+00,occupants
759,5.92663E+08,structural
760,1.09295E+01,occupants
760,5.14152E+08,structural
761,9.15194E+00,occupants
761,6.66705E+08,structural
762,4.84006E+01,occupants
762,2.59333E+09,structural
763,5.08385E+01,occupants
763,1.82424E+09,structural
764,4.63688E+01,occupants
764,1.89755E+09,structural
765,3.85434E-01,occupants
765,9.15798E+07,structural
766,4.47218E-01,occupants
766,7.31818E+07,structural
767,3.42169E-01,occupants
767,6.68387E+07,structural
768,4.03342E-02,occupants
768,1.37903E+07,structural
769,4.70650E-02,occupants
769,3.30879E+07,structural
770,3.40399E-02,occupants
770,1.50922E+07,structural
771,1.88353E-03,occupants
771,3.75638E+06,structural
772,2.95598E-03,occupants
772,4.83376E+06,structural
773,1.58223E-03,occupants
773,1.13081E+06,structural
774,2.71727E+00,occupants
774,2.99508E+08,structural
775,2.95314E+00,occupants
775,2.38709E+08,structural
776,2.51231E+00,occupants
776,3.03033E+08,structural
777,1.60389E+01,occupants
777,9.43018E+08,structural
778,1.67952E+01,occupants
778,6.20037E+08,structural
779,1.54428E+01,occupants
779,9.13585E+08,structural
780,3.37963E-02,occupants
780,2.41715E+07,structural
781,3.93330E-02,occupants
781,1.94297E+07,structural
782,2.93326E-02,occupants
782,2.52411E+07,structural
783,3.31024E-03,occupants
783,5.26766E+06,structural
784,3.93662E-03,occupants
784,2.64184E+06,structural
785,2.76752E-03,occupants
785,6.64182E+06,structural
786,6.60491E-05,occupants
786,4.35984E+05,structural
787,1.96768E-04,occupants
787,1.24277E+06,structural
788,5.55429E-05,occupants
788,8.86565E+04,structural
789,2.92515E-01,occupants
789,1.36390E+08,structural
790,3.30019E-01,occupants
790,7.00773E+07,structural
791,2.60827E-01,occupants
791,7.83970E+07,structural
792,3.02368E+00,occupants
792,3.55866E+08,structural
793,3.26064E+00,occupants
793,4.19783E+08,structural
794,2.83855E+00,occupants
794,3.36454E+08,structural
795,1.44454E-01,occupants
795,3.29334E+07,structural
796,1.65484E-01,occupants
796,3.06301E+07,structural
797,1.29473E-01,occupants
797,3.72137E+07,structural
798,1.56948E-02,occupants
798,1.32957E+07,structural
799,1.90965E-02,occupants
799,1.32362E+07,structural
800,1.29736E-02,occupants
800,1.25698E+07,structural
801,9.17128E-04,occupants
801,8.93447E+05,structural
802,1.18729E-03,occupants
802,8.86364E+05,structural
803,7.14328E-04,occupants
803,1.35812E+06,structural
804,1.17366E+00,occupants
804,2.46082E+08,structural
805,1.26600E+00,occupants
805,2.99575E+08,structural
806,1.11146E+00,occupants
806,2.39756E+08,structural
807,1.01676E+01,occupants
807,1.32569E+09,structural
808,1.04046E+01,occupants
808,9.03969E+08,structural
809,1.01442E+01,occupants
809,1.01525E+09,structural
810,4.32035E-01,occupants
810,5.78262E+07,structural
811,5.09802E-01,occupants
811,4.00784E+07,structural
812,3.62861E-01,occupants
812,3.51286E+07,structural
813,3.75450E-02,occupants
813,7.89511E+06,structural
814,4.50815E-02,occupants
814,2.35043E+07,structural
815,3.04050E-02,occupants
815,2.08123E+07,structural
816,1.85503E-03,occupants
816,7.69734E+05,structural
817,2.33361E-03,occupants
817,2.25618E+06,structural
818,1.49858E-03,occupants
818,5.38286E+06,structural
819,3.43635E+00,occupants
819,2.38404E+08,structural
820,3.79953E+00,occupants
820,1.77333E+08,structural
821,3.10546E+00,occupants
821,3.74976E+08,structural
822,2.32258E+01,occupants
822,1.08560E+09,structural
823,2.38893E+01,occupants
823,1.18604E+09,structural
824,2.26786E+01,occupants
824,1.23714E+09,structural
825,1.68139E+00,occupants
825,1.01767E+08,structural
826,1.87967E+00,occupants
826,1.24679E+08,structural
827,1.50848E+00,occupants
827,7.93244E+07,structural
828,4.29639E-01,occupants
828,2.91228E+07,structural
829,5.03508E-01,occupants
829,1.54041E+07,structural
830,3.69044E-01,occupants
830,2.27696E+07,structural
831,7.36325E-02,occupants
831,7.08089E+06,structural
832,9.03438E-02,occupants
832,3.68328E+06,structural
833,6.02825E-02,occupants
833,5.95346E+06,structural
834,5.84613E+00,occupants
834,2.71251E+08,structural
835,6.24507E+00,occupants
835,3.17038E+08,structural
836,5.52449E+00,occupants
836,2.20389E+08,structural
837,2.38863E+01,occupants
837,1.12386E+09,structural
838,2.41240E+01,occupants
838,1.01099E+09,structural
839,2.39512E+01,occupants
839,1.00459E+09,structural
840,1.08428E+01,occupants
840,3.34377E+08,structural
841,1.16704E+01,occupants
841,3.25899E+08,structural
842,1.00998E+01,occupants
842,3.09538E+08,structural
843,2.95826E+00,occupants
843,9.95556E+07,structural
844,3.27606E+00,occupants
844,1.08620E+08,structural
845,2.67872E+00,occupants
845,1.21086E+08,structural
846,5.79697E-01,occupants
846,3.87476E+07,structural
847,6.58373E-01,occupants
847,3.07213E+07,structural
848,5.08206E-01,occupants
848,2.16712E+07,structural
849,3.08418E+01,occupants
849,1.25430E+09,structural
850,3.21346E+01,occupants
850,9.98619E+08,structural
851,2.96824E+01,occupants
851,1.16093E+09,structural
852,8.18057E+01,occupants
852,2.29739E+09,structural
853,8.20639E+01,occupants
853,2.71656E+09,structural
854,8.24126E+01,occupants
854,2.51767E+09,structural
855,1.29514E+00,occupants
855,1.57441E+08,structural
856,1.35248E+00,occupants
856,1.95258E+08,structural
857,1.24241E+00,occupants
857,1.00647E+08,structural
858,2.73925E-01,occupants
858,5.70324E+07,structural
859,2.87442E-01,occupants
859,4.76451E+07,structural
860,2.60902E-01,occupants
860,2.63626E+07,structural
861,3.50753E-02,occupants
861,1.61979E+07,structural
862,3.72361E-02,occupants
862,1.94244E+07,structural
863,3.29423E-02,occupants
863,1.30966E+07,structural
864,4.70903E+00,occupants
864,2.06878E+08,structural
865,4.88445E+00,occupants
865,3.02846E+08,structural
866,4.56247E+00,occupants
866,4.72116E+08,structural
867,1.55916E+01,occupants
867,1.15722E+09,structural
868,1.59509E+01,occupants
868,1.01620E+09,structural
869,1.53782E+01,occupants
869,8.50609E+08,structural
870,2.67359E+00,occupants
870,3.38070E+08,structural
871,3.02667E+00,occupants
871,2.64886E+08,structural
872,2.34514E+00,occupants
872,2.51824E+08,structural
873,2.32258E-01,occupants
873,3.87183E+07,structural
874,2.76448E-01,occupants
874,9.17646E+07,structural
875,1.93869E-01,occupants
875,6.18261E+07,structural
876,1.02667E-02,occupants
876,6.38535E+06,structural
877,1.27064E-02,occupants
877,2.51033E+07,structural
878,8.20626E-03,occupants
878,7.29519E+06,structural
879,1.69381E+01,occupants
879,1.25697E+09,structural
880,1.84193E+01,occupants
880,9.73443E+08,structural
881,1.55569E+01,occupants
881,1.13201E+09,structural
882,7.18833E+01,occupants
882,3.72543E+09,structural
883,7.48588E+01,occupants
883,2.88880E+09,structural
884,6.93981E+01,occupants
884,2.32415E+09,structural
885,1.23860E+00,occupants
885,1.03728E+08,structural
886,1.42628E+00,occupants
886,5.61337E+07,structural
887,1.07775E+00,occupants
887,2.96300E+07,structural
888,1.99069E-01,occupants
888,3.78097E+06,structural
889,2.35753E-01,occupants
889,6.75048E+07,structural
890,1.69052E-01,occupants
890,2.00383E+07,structural
891,2.31702E-02,occupants
891,2.33054E+06,structural
892,2.75574E-02,occupants
892,1.72938E+06,structural
893,1.90655E-02,occupants
893,2.19629E+06,structural
894,5.72074E+00,occupants
894,2.18216E+08,structural
895,6.30964E+00,occupants
895,2.41029E+08,structural
896,5.17921E+00,occupants
896,1.87174E+08,structural
897,2.14933E+01,occupants
897,7.79058E+08,structural
898,2.27315E+01,occupants
898,9.80493E+08,structural
899,2.03485E+01,occupants
899,7.72937E+08,structural
900,1.12850E-03,occupants
900,4.40523E+06,structural
901,1.42274E-03,occupants
901,2.93743E+06,structural
902,8.61766E-04,occupants
902,3.04289E+06,structural
903,7.20370E-05,occupants
903,3.09068E+05,structural
904,9.15707E-05,occupants
904,2.08688E+06,structural
905,5.32218E-05,occupants
906,6.75391E-08,occupants
907,8.21891E-08,occupants
908,5.32284E-08,occupants
909,1.83573E-02,occupants
909,1.01898E+07,structural
910,2.15726E-02,occupants
910,6.58571E+06,structural
911,1.56966E-02,occupants
911,1.42190E+07,structural
912,2.38784E-01,occupants
912,5.95026E+07,structural
913,2.64575E-01,occupants
913,6.87750E+07,structural
914,2.15643E-01,occupants
914,5.18652E+07,structural
915,6.55642E+00,occupants
915,1.13725E+08,structural
916,7.13800E+00,occupants
916,2.48150E+08,structural
917,5.99653E+00,occupants
917,3.30602E+08,structural
918,8.65490E-01,occupants
918,3.91776E+07,structural
919,9.92685E-01,occupants
919,4.97825E+07,structural
920,7.48235E-01,occupants
920,3.12690E+07,structural
921,3.83573E-02,occupants
921,1.57418E+07,structural
922,4.59265E-02,occupants
922,1.32748E+06,structural
923,3.12052E-02,occupants
923,5.06741E+06,structural
924,2.69455E+01,occupants
924,9.67883E+08,structural
925,2.82301E+01,occupants
925,7.07619E+08,structural
926,2.57602E+01,occupants
926,6.20496E+08,structural
927,7.95602E+01,occupants
927,1.90880E+09,structural
928,8.06128E+01,occupants
928,2.35215E+09,structural
929,7.87767E+01,occupants
929,2.89718E+09,structural
930,5.33682E+00,occupants
930,3.08508E+08,structural
931,5.89886E+00,occupants
931,1.53098E+08,structural
932,4.81482E+00,occupants
932,2.23519E+08,structural
933,1.48526E+00,occupants
933,8.31386E+07,structural
934,1.68128E+00,occupants
934,3.16832E+07,structural
935,1.29621E+00,occupants
935,9.17410E+07,structural
936,2.59785E-01,occupants
936,2.50697E+07,structural
937,3.06842E-01,occupants
937,1.19307E+07,structural
938,2.20205E-01,occupants
938,2.76268E+07,structural
939,1.56786E+01,occupants
939,7.69527E+08,structural
940,1.69093E+01,occupants
940,5.03472E+08,structural
941,1.46026E+01,occupants
941,5.59745E+08,structural
942,4.65131E+01,occupants
942,1.66702E+09,structural
943,4.86800E+01,occupants
943,2.15894E+09,structural
944,4.48232E+01,occupants
944,2.14603E+09,structural
945,6.23029E+00,occupants
945,2.30474E+08,structural
946,6.44243E+00,occupants
946,2.46155E+08,structural
947,6.02818E+00,occupants
947,2.19169E+08,structural
948,1.76003E+00,occupants
948,5.75336E+07,structural
949,1.84225E+00,occupants
949,2.52517E+07,structural
950,1.67967E+00,occupants
950,5.15020E+07,structural
951,2.95523E-01,occupants
951,1.99556E+07,structural
952,3.12306E-01,occupants
952,6.67918E+07,structural
953,2.79106E-01,occupants
953,1.84167E+06,structural
954,1.72500E+01,occupants
954,4.10065E+08,structural
955,1.77023E+01,occupants
955,2.93854E+08,structural
956,1.68371E+01,occupants
956,5.51656E+08,structural
957,4.48416E+01,occupants
957,7.76399E+08,structural
958,4.57578E+01,occupants
958,1.16391E+09,structural
959,4.40693E+01,occupants
959,1.45671E+09,structural
960,2.02034E+00,occupants
960,5.16870E+07,structural
961,2.28744E+00,occupants
961,7.20569E+07,structural
962,1.77692E+00,occupants
962,3.66998E+07,structural
963,2.64778E-01,occupants
963,2.51525E+07,structural
964,3.21202E-01,occupants
964,1.18726E+07,structural
965,2.20489E-01,occupants
965,7.33325E+06,structural
966,1.10671E-02,occupants
966,1.07639E+06,structural
967,1.39621E-02,occupants
967,3.05884E+06,structural
968,8.27825E-03,occupants
968,2.83321E+06,structural
969,7.70850E+00,occupants
969,1.72767E+08,structural
970,8.30703E+00,occupants
970,1.89912E+08,structural
971,7.13767E+00,occupants
971,2.04447E+08,structural
972,2.17226E+01,occupants
972,6.37397E+08,structural
973,2.27494E+01,occupants
973,6.71422E+08,structural
974,2.07462E+01,occupants
974,8.36273E+08,structural
975,6.49312E-01,occupants
975,1.11292E+08,structural
976,6.98610E-01,occupants
976,1.80703E+08,structural
977,6.06727E-01,occupants
977,9.76773E+07,structural
978,1.03997E-01,occupants
978,2.90770E+07,structural
979,1.14093E-01,occupants
979,4.26891E+07,structural
980,9.50322E-02,occupants
980,3.35940E+07,structural
981,9.72918E-03,occupants
981,1.71310E+07,structural
982,1.10812E-02,occupants
982,6.56758E+06,structural
983,8.47433E-03,occupants
983,5.21762E+06,structural
984,3.20308E+00,occupants
984,3.02965E+08,structural
985,3.36608E+00,occupants
985,5.17867E+08,structural
986,3.07895E+00,occupants
986,4.72241E+08,structural
987,1.53486E+01,occupants
987,1.36564E+09,structural
988,1.57305E+01,occupants
988,1.01594E+09,structural
989,1.51912E+01,occupants
989,1.08096E+09,structural
990,6.97698E+00,occupants
990,7.42535E+08,structural
991,6.90716E+00,occupants
991,5.29179E+08,structural
992,7.23910E+00,occupants
992,8.59863E+08,structural
993,1.46761E+00,occupants
993,2.06587E+08,structural
994,1.51447E+00,occupants
994,1.78595E+08,structural
995,1.46858E+00,occupants
995,3.03500E+08,structural
996,2.13725E-01,occupants
996,6.09832E+07,structural
997,2.35984E-01,occupants
997,1.25270E+08,structural
998,2.03572E-01,occupants
998,7.35180E+07,structural
999,2.96783E+01,occupants
999,2.73178E+09,structural
1000,2.86674E+01,occupants
1000,2.61323E+09,structural
1001,3.12970E+01,occupants
1001,1.78750E+09,structural
1002,1.23176E+02,occupants
1002,6.98710E+09,structural
1003,1.17834E+02,occupants
1003,4.56799E+09,structural
1004,1.30341E+02,occupants
1004,4.22647E+09,structural
1005,3.78066E+00,occupants
1005,1.88793E+08,structural
1006,4.06384E+00,occupants
1006,1.07775E+08,structural
1007,3.53590E+00,occupants
1007,1.34536E+08,structural
1008,1.01075E+00,occupants
1008,5.69740E+07,structural
1009,1.10373E+00,occupants
1009,1.57135E+08,structural
1010,9.24046E-01,occupants
1010,6.80174E+07,structural
1011,1.67904E-01,occupants
1011,9.37222E+06,structural
1012,1.86976E-01,occupants
1012,8.74300E+06,structural
1013,1.52707E-01,occupants
1013,2.04506E+07,structural
1014,1.11901E+01,occupants
1014,4.33413E+08,structural
1015,1.18172E+01,occupants
1015,5.14505E+08,structural
1016,1.06289E+01,occupants
1016,6.04817E+08,structural
1017,3.04135E+01,occupants
1017,1.00885E+09,structural
1018,3.15591E+01,occupants
1018,1.34566E+09,structural
1019,2.94105E+01,occupants
1019,1.13078E+09,structural
1020,6.17270E-01,occupants
1020,5.29713E+07,structural
1021,7.18524E-01,occupants
1021,1.29210E+08,structural
1022,5.21731E-01,occupants
1022,7.29999E+07,structural
1023,9.36581E-02,occupants
1023,3.96751E+07,structural
1024,1.14152E-01,occupants
1024,1.07660E+08,structural
1025,7.69076E-02,occupants
1025,1.39803E+07,structural
1026,8.80339E-03,occupants
1026,5.03381E+06,structural
1027,1.09453E-02,occupants
1027,4.70040E+06,structural
1028,6.77886E-03,occupants
1028,6.11331E+06,structural
1029,3.41123E+00,occupants
1029,2.91339E+08,structural
1030,3.85064E+00,occupants
1030,1.74307E+08,structural
1031,2.99869E+00,occupants
1031,2.70863E+08,structural
1032,1.72341E+01,occupants
1032,8.26661E+08,structural
1033,1.87274E+01,occupants
1033,9.96519E+08,structural
1034,1.59207E+01,occupants
1034,8.34911E+08,structural
1035,2.33739E-01,occupants
1035,5.29159E+07,structural
1036,2.18549E-01,occupants
1036,4.53491E+07,structural
1037,2.58469E-01,occupants
1037,1.09032E+08,structural
1038,2.29722E-02,occupants
1038,2.09715E+07,structural
1039,2.09619E-02,occupants
1039,1.95872E+07,structural
1040,2.60712E-02,occupants
1040,2.57494E+07,structural
1041,8.32170E-04,occupants
1041,1.65657E+07,structural
1042,8.30770E-04,occupants
1042,8.26199E+06,structural
1043,1.24997E-03,occupants
1043,6.82632E+06,structural
1044,1.87220E+00,occupants
1044,2.30090E+08,structural
1045,1.76766E+00,occupants
1045,2.92488E+08,structural
1046,1.99706E+00,occupants
1046,4.03598E+08,structural
1047,1.35765E+01,occupants
1047,9.00261E+08,structural
1048,1.30516E+01,occupants
1048,8.13642E+08,structural
1049,1.42849E+01,occupants
1049,1.07933E+09,structural
1050,6.88887E-01,occupants
1050,5.96258E+07,structural
1051,7.73008E-01,occupants
1051,8.28478E+07,structural
1052,6.21029E-01,occupants
1052,1.32220E+08,structural
1053,1.41570E-01,occupants
1053,1.36355E+07,structural
1054,1.63637E-01,occupants
1054,1.26123E+07,structural
1055,1.22438E-01,occupants
1055,7.39291E+06,structural
1056,1.75500E-02,occupants
1056,5.61770E+06,structural
1057,2.14247E-02,occupants
1057,4.59510E+06,structural
1058,1.50010E-02,occupants
1058,1.05818E+07,structural
1059,2.71511E+00,occupants
1059,2.30025E+08,structural
1060,2.94869E+00,occupants
1060,1.47075E+08,structural
1061,2.52755E+00,occupants
1061,2.52507E+08,structural
1062,1.09721E+01,occupants
1062,6.74261E+08,structural
1063,1.14692E+01,occupants
1063,7.82948E+08,structural
1064,1.06381E+01,occupants
1064,8.34120E+08,structural
1065,3.20160E-01,occupants
1065,4.23500E+07,structural
1066,3.39049E-01,occupants
1066,3.49134E+07,structural
1067,3.06351E-01,occupants
1067,6.18144E+07,structural
1068,4.10926E-02,occupants
1068,2.31076E+07,structural
1069,4.44581E-02,occupants
1069,3.49236E+06,structural
1070,3.81179E-02,occupants
1070,8.61817E+06,structural
1071,2.52695E-03,occupants
1071,1.95116E+06,structural
1072,3.00697E-03,occupants
1072,2.25675E+06,structural
1073,2.61432E-03,occupants
1073,1.18962E+07,structural
1074,1.96377E+00,occupants
1074,1.52273E+08,structural
1075,2.04757E+00,occupants
1075,2.04004E+08,structural
1076,1.89741E+00,occupants
1076,3.27305E+08,structural
1077,1.23189E+01,occupants
1077,1.19193E+09,structural
1078,1.27469E+01,occupants
1078,1.00764E+09,structural
1079,1.19894E+01,occupants
1079,7.75304E+08,structural
1080,5.27990E-02,occupants
1080,1.11682E+07,structural
1081,6.31008E-02,occupants
1081,9.29931E+06,structural
1082,4.33806E-02,occupants
1082,8.38589E+06,structural
1083,1.61668E-03,occupants
1083,6.81506E+06,structural
1084,2.03215E-03,occupants
1084,1.73609E+06,structural
1085,1.23216E-03,occupants
1085,5.81794E+05,structural
1086,1.03632E-05,occupants
1087,1.34992E-05,occupants
1088,7.87409E-06,occupants
1088,1.84108E+04,structural
1089,7.82103E-01,occupants
1089,6.17038E+07,structural
1090,8.92321E-01,occupants
1090,5.50224E+07,structural
1091,6.82545E-01,occupants
1091,4.98432E+07,structural
1092,6.83761E+00,occupants
1092,3.31198E+08,structural
1093,7.36625E+00,occupants
1093,2.33022E+08,structural
1094,6.35097E+00,occupants
1094,3.56508E+08,structural
1095,5.34161E-02,occupants
1095,2.12808E+07,structural
1096,6.26620E-02,occupants
1096,3.21087E+07,structural
1097,4.50903E-02,occupants
1097,2.20521E+07,structural
1098,4.22754E-03,occupants
1098,9.64168E+05,structural
1099,5.28282E-03,occupants
1099,4.14882E+06,structural
1100,3.46867E-03,occupants
1100,1.35776E+07,structural
1101,6.27018E-05,occupants
1101,3.61699E+05,structural
1102,8.62277E-05,occupants
1102,5.83516E+05,structural
1103,4.67836E-05,occupants
1103,6.74271E+04,structural
1104,5.95543E-01,occupants
1104,9.35630E+07,structural
1105,6.74162E-01,occupants
1105,7.38926E+07,structural
1106,5.35953E-01,occupants
1106,8.42509E+07,structural
1107,6.87128E+00,occupants
1107,8.68840E+08,structural
1108,7.37675E+00,occupants
1108,6.06512E+08,structural
1109,6.41033E+00,occupants
1109,5.73386E+08,structural
1110,1.83928E-01,occupants
1110,4.14850E+07,structural
1111,1.98087E-01,occupants
1111,8.02128E+07,structural
1112,1.76775E-01,occupants
1112,6.88307E+07,structural
1113,1.76354E-02,occupants
1113,1.94970E+07,structural
1114,1.80715E-02,occupants
1114,9.82848E+06,structural
1115,1.62230E-02,occupants
1115,1.18083E+07,structural
1116,5.49989E-04,occupants
1116,1.47430E+06,structural
1117,6.72360E-04,occupants
1117,2.43748E+06,structural
1118,4.38745E-04,occupants
1118,2.68810E+06,structural
1119,1.34145E+00,occupants
1119,1.78722E+08,structural
1120,1.38706E+00,occupants
1120,2.09887E+08,structural
1121,1.34108E+00,occupants
1121,1.92473E+08,structural
1122,8.92469E+00,occupants
1122,8.64055E+08,structural
1123,8.96346E+00,occupants
1123,7.62689E+08,structural
1124,9.09360E+00,occupants
1124,9.75883E+08,structural
1125,7.85799E-01,occupants
1125,1.10047E+08,structural
1126,8.90453E-01,occupants
1126,8.68389E+07,structural
1127,6.99737E-01,occupants
1127,1.34960E+08,structural
1128,1.07158E-01,occupants
1128,1.91667E+07,structural
1129,1.26651E-01,occupants
1129,2.41137E+07,structural
1130,9.18843E-02,occupants
1130,3.05960E+07,structural
1131,9.84451E-03,occupants
1131,1.22052E+07,structural
1132,1.21852E-02,occupants
1132,1.34116E+07,structural
1133,8.12784E-03,occupants
1133,3.52591E+06,structural
1134,5.57287E+00,occupants
1134,3.16996E+08,structural
1135,6.08494E+00,occupants
1135,4.42079E+08,structural
1136,5.09917E+00,occupants
1136,2.91484E+08,structural
1137,3.61013E+01,occupants
1137,1.31526E+09,structural
1138,3.84385E+01,occupants
1138,1.56072E+09,structural
1139,3.40237E+01,occupants
1139,1.74337E+09,structural
1140,1.01062E-02,occupants
1140,5.89478E+06,structural
1141,1.07236E-02,occupants
1141,1.51261E+07,structural
1142,9.74586E-03,occupants
1142,2.97781E+06,structural
1143,3.74547E-04,occupants
1143,2.27624E+06,structural
1144,4.38456E-04,occupants
1144,3.32912E+05,structural
1145,3.24685E-04,occupants
1145,6.79473E+05,structural
1146,5.58626E-08,occupants
1147,5.71970E-08,occupants
1148,5.46645E-08,occupants
1148,6.65688E+04,structural
1149,2.44294E-01,occupants
1149,7.00110E+07,structural
1150,2.46849E-01,occupants
1150,1.29876E+08,structural
1151,2.43443E-01,occupants
1151,4.34147E+07,structural
1152,4.60939E+00,occupants
1152,6.75156E+08,structural
1153,4.64760E+00,occupants
1153,2.74958E+08,structural
1154,4.61458E+00,occupants
1154,2.46754E+08,structural
1155,1.13265E+01,occupants
1155,2.52578E+08,structural
1156,1.19580E+01,occupants
1156,4.20627E+08,structural
1157,1.07374E+01,occupants
1157,3.83642E+08,structural
1158,2.95473E+00,occupants
1158,6.89516E+07,structural
1159,3.16806E+00,occupants
1159,7.02110E+07,structural
1160,2.74599E+00,occupants
1160,1.39973E+08,structural
1161,3.76959E-01,occupants
1161,4.15861E+06,structural
1162,4.11962E-01,occupants
1162,2.86855E+07,structural
1163,3.42572E-01,occupants
1163,1.48268E+07,structural
1164,2.92553E+01,occupants
1164,4.36012E+08,structural
1165,3.04453E+01,occupants
1165,8.86461E+08,structural
1166,2.81466E+01,occupants
1166,6.76403E+08,structural
1167,6.22737E+01,occupants
1167,1.73166E+09,structural
1168,6.43719E+01,occupants
1168,1.78925E+09,structural
1169,6.04882E+01,occupants
1169,1.74321E+09,structural
1170,9.47871E-02,occupants
1170,1.11123E+07,structural
1171,1.10252E-01,occupants
1171,2.23541E+07,structural
1172,8.34772E-02,occupants
1172,2.11297E+07,structural
1173,7.09831E-03,occupants
1173,9.72076E+06,structural
1174,8.30619E-03,occupants
1174,3.03474E+06,structural
1175,5.90148E-03,occupants
1175,1.75790E+07,structural
1176,2.95022E-04,occupants
1176,1.03606E+06,structural
1177,3.59936E-04,occupants
1177,6.69696E+05,structural
1178,2.41212E-04,occupants
1178,5.24798E+06,structural
1179,1.01260E+00,occupants
1179,1.01163E+08,structural
1180,1.12117E+00,occupants
1180,9.87663E+07,structural
1181,9.20014E-01,occupants
1181,1.96507E+08,structural
1182,9.14591E+00,occupants
1182,4.98397E+08,structural
1183,9.68638E+00,occupants
1183,5.42040E+08,structural
1184,8.70078E+00,occupants
1184,6.43851E+08,structural
1185,1.89644E+00,occupants
1185,2.08562E+08,structural
1186,2.03729E+00,occupants
1186,1.52482E+08,structural
1187,1.77282E+00,occupants
1187,1.44842E+08,structural
1188,2.65390E-01,occupants
1188,4.58582E+07,structural
1189,2.95721E-01,occupants
1189,4.73719E+07,structural
1190,2.38933E-01,occupants
1190,3.90899E+07,structural
1191,2.48292E-02,occupants
1191,2.29724E+07,structural
1192,2.84395E-02,occupants
1192,1.20008E+07,structural
1193,2.12693E-02,occupants
1193,9.07971E+06,structural
1194,1.02886E+01,occupants
1194,7.25901E+08,structural
1195,1.07882E+01,occupants
1195,4.26639E+08,structural
1196,9.84778E+00,occupants
1196,4.74159E+08,structural
1197,4.56348E+01,occupants
1197,1.77558E+09,structural
1198,4.70249E+01,occupants
1198,2.04777E+09,structural
1199,4.45051E+01,occupants
1199,1.53371E+09,structural
1200,5.89126E-01,occupants
1200,8.75811E+07,structural
1201,6.49747E-01,occupants
1201,4.41731E+07,structural
1202,5.32628E-01,occupants
1202,1.41689E+08,structural
1203,1.12760E-01,occupants
1203,3.22453E+07,structural
1204,1.27551E-01,occupants
1204,2.11320E+07,structural
1205,1.00275E-01,occupants
1205,1.32560E+07,structural
1206,1.35559E-02,occupants
1206,8.76094E+06,structural
1207,1.56202E-02,occupants
1207,2.14987E+07,structural
1208,1.15503E-02,occupants
1208,6.41066E+06,structural
1209,2.55359E+00,occupants
1209,2.60467E+08,structural
1210,2.78392E+00,occupants
1210,1.38140E+08,structural
1211,2.35025E+00,occupants
1211,1.80757E+08,structural
1212,1.13836E+01,occupants
1212,7.36232E+08,structural
1213,1.21224E+01,occupants
1213,6.80989E+08,structural
1214,1.07487E+01,occupants
1214,8.41230E+08,structural
1215,1.94924E+00,occupants
1215,1.27864E+08,structural
1216,2.13248E+00,occupants
1216,1.34945E+08,structural
1217,1.77996E+00,occupants
1217,1.29559E+08,structural
1218,5.35073E-01,occupants
1218,3.96927E+07,structural
1219,6.04201E-01,occupants
1219,5.50862E+07,structural
1220,4.74074E-01,occupants
1220,1.81654E+07,structural
1221,1.01586E-01,occupants
1221,1.24781E+07,structural
1222,1.18273E-01,occupants
1222,6.45940E+06,structural
1223,8.55837E-02,occupants
1223,9.50951E+06,structural
1224,6.65278E+00,occupants
1224,7.53139E+08,structural
1225,7.11325E+00,occupants
1225,5.29616E+08,structural
1226,6.23683E+00,occupants
1226,3.50163E+08,structural
1227,2.63097E+01,occupants
1227,1.12870E+09,structural
1228,2.75688E+01,occupants
1228,1.16126E+09,structural
1229,2.52785E+01,occupants
1229,1.60254E+09,structural
1230,1.21255E+01,occupants
1230,2.65952E+08,structural
1231,1.30977E+01,occupants
1231,2.46552E+08,structural
1232,1.11951E+01,occupants
1232,2.92821E+08,structural
1233,2.23081E+00,occupants
1233,5.28378E+07,structural
1234,2.54187E+00,occupants
1234,1.01041E+08,structural
1235,1.96915E+00,occupants
1235,8.91515E+07,structural
1236,1.30900E-01,occupants
1236,1.64036E+07,structural
1237,1.55493E-01,occupants
1237,3.67301E+07,structural
1238,1.07006E-01,occupants
1238,3.62726E+05,structural
1239,3.20521E+01,occupants
1239,7.24387E+08,structural
1240,3.33001E+01,occupants
1240,6.86868E+08,structural
1241,3.08609E+01,occupants
1241,5.77295E+08,structural
1242,5.80041E+01,occupants
1242,1.64607E+09,structural
1243,5.84634E+01,occupants
1243,1.92962E+09,structural
1244,5.75101E+01,occupants
1244,1.77625E+09,structural
1245,8.70658E-01,occupants
1245,8.79235E+07,structural
1246,9.51734E-01,occupants
1246,1.26130E+08,structural
1247,7.97972E-01,occupants
1247,5.32385E+07,structural
1248,1.67641E-01,occupants
1248,4.49224E+07,structural
1249,1.86800E-01,occupants
1249,4.55440E+07,structural
1250,1.49427E-01,occupants
1250,5.27743E+07,structural
1251,2.04390E-02,occupants
1251,8.60895E+06,structural
1252,2.37477E-02,occupants
1252,3.45125E+07,structural
1253,1.79366E-02,occupants
1253,4.14575E+06,structural
1254,4.02152E+00,occupants
1254,3.99615E+08,structural
1255,4.31208E+00,occupants
1255,1.92245E+08,structural
1256,3.77986E+00,occupants
1256,4.59565E+08,structural
1257,1.98531E+01,occupants
1257,1.09767E+09,structural
1258,2.06819E+01,occupants
1258,9.58276E+08,structural
1259,1.91944E+01,occupants
1259,1.14379E+09,structural
1260,3.17910E-01,occupants
1260,8.84310E+07,structural
1261,3.46239E-01,occupants
1261,8.58623E+07,structural
1262,2.95508E-01,occupants
1262,8.81852E+07,structural
1263,3.20111E-02,occupants
1263,1.04263E+07,structural
1264,3.57615E-02,occupants
1264,2.62847E+07,structural
1265,2.91764E-02,occupants
1265,1.32120E+07,structural
1266,2.27431E-03,occupants
1266,5.06728E+05,structural
1267,2.59449E-03,occupants
1267,3.18438E+05,structural
1268,1.97402E-03,occupants
1268,1.18760E+07,structural
1269,2.75055E+00,occupants
1269,4.70571E+08,structural
1270,2.95342E+00,occupants
1270,4.03032E+08,structural
1271,2.60585E+00,occupants
1271,6.09240E+08,structural
1272,2.25946E+01,occupants
1272,1.39607E+09,structural
1273,2.32566E+01,occupants
1273,1.29536E+09,structural
1274,2.22258E+01,occupants
1274,1.34898E+09,structural
1275,1.76393E-02,occupants
1275,1.19996E+07,structural
1276,2.10532E-02,occupants
1276,3.79583E+07,structural
1277,1.43828E-02,occupants
1277,1.66077E+07,structural
1278,1.43855E-03,occupants
1278,1.05027E+06,structural
1279,1.82365E-03,occupants
1279,4.23512E+06,structural
1280,1.13846E-03,occupants
1280,7.38835E+05,structural
1281,6.39703E-05,occupants
1281,4.90923E+03,structural
1282,8.31402E-05,occupants
1282,2.73879E+05,structural
1283,4.58060E-05,occupants
1283,6.81304E+04,structural
1284,1.77521E-01,occupants
1284,4.36431E+07,structural
1285,2.08249E-01,occupants
1285,9.77055E+07,structural
1286,1.48774E-01,occupants
1286,2.66449E+07,structural
1287,1.74867E+00,occupants
1287,1.74505E+08,structural
1288,1.97528E+00,occupants
1288,3.11806E+08,structural
1289,1.56199E+00,occupants
1289,4.12493E+08,structural
1290,1.09685E-01,occupants
1290,5.53994E+07,structural
1291,1.21802E-01,occupants
1291,4.23627E+07,structural
1292,9.88329E-02,occupants
1292,2.22253E+07,structural
1293,1.21746E-02,occupants
1293,5.75143E+06,structural
1294,1.42410E-02,occupants
1294,6.70460E+06,structural
1295,1.01923E-02,occupants
1295,2.01538E+07,structural
1296,6.47055E-04,occupants
1296,5.87930E+03,structural
1297,8.17224E-04,occupants
1297,1.73719E+05,structural
1298,5.19319E-04,occupants
1298,5.05159E+04,structural
1299,7.39150E-01,occupants
1299,5.36787E+07,structural
1300,8.05618E-01,occupants
1300,6.93257E+07,structural
1301,6.85963E-01,occupants
1301,7.30000E+07,structural
1302,4.50685E+00,occupants
1302,4.41744E+08,structural
1303,4.71654E+00,occupants
1303,2.58199E+08,structural
1304,4.33767E+00,occupants
1304,3.20631E+08,structural
1305,2.03407E-01,occupants
1305,2.80702E+07,structural
1306,2.31148E-01,occupants
1306,1.55326E+07,structural
1307,1.79591E-01,occupants
1307,2.01662E+07,structural
1308,2.76209E-02,occupants
1308,9.07758E+06,structural
1309,3.21354E-02,occupants
1309,5.52153E+06,structural
1310,2.36360E-02,occupants
1310,9.19236E+06,structural
1311,2.13461E-03,occupants
1311,1.13608E+06,structural
1312,2.52929E-03,occupants
1312,2.37709E+06,structural
1313,1.78797E-03,occupants
1313,3.79553E+06,structural
1314,1.15939E+00,occupants
1314,7.61234E+07,structural
1315,1.28559E+00,occupants
1315,5.17755E+07,structural
1316,1.04727E+00,occupants
1316,7.23073E+07,structural
1317,6.43051E+00,occupants
1317,4.69699E+08,structural
1318,6.97991E+00,occupants
1318,2.82924E+08,structural
1319,5.93524E+00,occupants
1319,4.19330E+08,structural
1320,2.07987E-01,occupants
1320,6.01799E+07,structural
1321,2.34115E-01,occupants
1321,2.00130E+07,structural
1322,1.84912E-01,occupants
1322,4.83518E+07,structural
1323,2.60691E-02,occupants
1323,6.75979E+06,structural
1324,2.94363E-02,occupants
1324,1.15580E+07,structural
1325,2.28678E-02,occupants
1325,1.13771E+07,structural
1326,1.88625E-03,occupants
1326,9.19755E+06,structural
1327,2.19387E-03,occupants
1327,3.44783E+05,structural
1328,1.64698E-03,occupants
1328,2.17517E+06,structural
1329,1.41787E+00,occupants
1329,1.18029E+08,structural
1330,1.59202E+00,occupants
1330,9.99393E+07,structural
1331,1.27611E+00,occupants
1331,1.14274E+08,structural
1332,1.00567E+01,occupants
1332,6.64954E+08,structural
1333,1.09942E+01,occupants
1333,6.96925E+08,structural
1334,9.15585E+00,occupants
1334,6.55065E+08,structural
1335,5.68296E+00,occupants
1335,1.90951E+08,structural
1336,6.17099E+00,occupants
1336,1.09507E+08,structural
1337,5.26661E+00,occupants
1337,8.59576E+07,structural
1338,1.55165E+00,occupants
1338,7.66864E+06,structural
1339,1.71476E+00,occupants
1339,1.16311E+08,structural
1340,1.39290E+00,occupants
1340,7.86092E+07,structural
1341,2.39474E-01,occupants
1341,4.92949E+06,structural
1342,2.69064E-01,occupants
1342,4.20737E+06,structural
1343,2.10566E-01,occupants
1343,1.87181E+07,structural
1344,1.57806E+01,occupants
1344,3.14768E+08,structural
1345,1.67095E+01,occupants
1345,4.00316E+08,structural
1346,1.49082E+01,occupants
1346,2.39614E+08,structural
1347,4.17923E+01,occupants
1347,8.60470E+08,structural
1348,4.32526E+01,occupants
1348,8.56892E+08,structural
1349,4.06205E+01,occupants
1349,9.23937E+08,structural
1350,5.20763E+00,occupants
1350,2.88094E+08,structural
1351,5.58492E+00,occupants
1351,3.33399E+08,structural
1352,4.88162E+00,occupants
1352,3.45458E+08,structural
1353,1.31707E+00,occupants
1353,1.56106E+08,structural
1354,1.43528E+00,occupants
1354,1.69895E+08,structural
1355,1.21099E+00,occupants
1355,7.80551E+07,structural
1356,2.16299E-01,occupants
1356,2.94488E+07,structural
1357,2.40971E-01,occupants
1357,4.43407E+07,structural
1358,1.93715E-01,occupants
1358,6.60809E+07,structural
1359,1.69290E+01,occupants
1359,9.29679E+08,structural
1360,1.77785E+01,occupants
1360,7.55704E+08,structural
1361,1.62171E+01,occupants
1361,8.02064E+08,structural
1362,5.42325E+01,occupants
1362,2.24453E+09,structural
1363,5.58845E+01,occupants
1363,2.20678E+09,structural
1364,5.30752E+01,occupants
1364,2.31081E+09,structural
1365,2.10986E+00,occupants
1365,1.60040E+08,structural
1366,2.23151E+00,occupants
1366,3.97090E+08,structural
1367,1.99642E+00,occupants
1367,1.91922E+08,structural
1368,2.22315E-01,occupants
1368,4.95833E+07,structural
1369,2.44767E-01,occupants
1369,4.86259E+07,structural
1370,2.01948E-01,occupants
1370,2.67606E+07,structural
1371,2.01677E-02,occupants
1371,1.17299E+07,structural
1372,2.29813E-02,occupants
1372,1.00614E+07,structural
1373,1.74720E-02,occupants
1373,1.02376E+07,structural
1374,1.65453E+01,occupants
1374,7.32429E+08,structural
1375,1.70689E+01,occupants
1375,1.06806E+09,structural
1376,1.60615E+01,occupants
1376,1.02466E+09,structural
1377,8.61177E+01,occupants
1377,3.25955E+09,structural
1378,8.75189E+01,occupants
1378,2.42596E+09,structural
1379,8.48860E+01,occupants
1379,2.68966E+09,structural
1380,2.63686E+00,occupants
1380,2.45204E+08,structural
1381,2.74792E+00,occupants
1381,8.58931E+07,structural
1382,2.53116E+00,occupants
1382,1.85111E+08,structural
1383,2.43673E-01,occupants
1383,2.85226E+07,structural
1384,2.57623E-01,occupants
1384,3.28757E+07,structural
1385,2.32492E-01,occupants
1385,4.89131E+07,structural
1386,6.52718E-03,occupants
1386,2.92503E+06,structural
1387,7.06093E-03,occupants
1387,2.17939E+06,structural
1388,6.00073E-03,occupants
1388,1.83211E+06,structural
1389,1.28627E+01,occupants
1389,2.76680E+08,structural
1390,1.32213E+01,occupants
1390,5.89769E+08,structural
1391,1.25176E+01,occupants
1391,4.10674E+08,structural
1392,3.84221E+01,occupants
1392,1.26209E+09,structural
1393,3.92749E+01,occupants
1393,1.35562E+09,structural
1394,3.76685E+01,occupants
1394,1.12671E+09,structural
1395,3.21043E-01,occupants
1395,3.34548E+07,structural
1396,3.52672E-01,occupants
1396,4.72014E+07,structural
1397,2.98002E-01,occupants
1397,3.04800E+07,structural
1398,4.09592E-02,occupants
1398,1.04460E+07,structural
1399,4.87900E-02,occupants
1399,4.37175E+06,structural
1400,3.52051E-02,occupants
1400,1.16112E+07,structural
1401,2.65914E-03,occupants
1401,6.60610E+05,structural
1402,3.46867E-03,occupants
1402,2.92766E+05,structural
1403,2.01100E-03,occupants
1403,1.17373E+06,structural
1404,1.94873E+00,occupants
1404,1.62712E+08,structural
1405,2.02470E+00,occupants
1405,1.93791E+08,structural
1406,1.89939E+00,occupants
1406,2.10478E+08,structural
1407,1.22693E+01,occupants
1407,6.77743E+08,structural
1408,1.21745E+01,occupants
1408,7.68369E+08,structural
1409,1.25279E+01,occupants
1409,7.87508E+08,structural
1410,3.67803E+00,occupants
1410,2.73502E+08,structural
1411,3.91820E+00,occupants
1411,4.03564E+08,structural
1412,3.45192E+00,occupants
1412,2.06069E+08,structural
1413,8.17055E-01,occupants
1413,6.86723E+07,structural
1414,8.84485E-01,occupants
1414,1.27576E+08,structural
1415,7.56636E-01,occupants
1415,1.06912E+08,structural
1416,1.13336E-01,occupants
1416,3.31115E+07,structural
1417,1.24636E-01,occupants
1417,2.40486E+07,structural
1418,1.02519E-01,occupants
1418,1.84184E+07,structural
1419,1.28887E+01,occupants
1419,8.87427E+08,structural
1420,1.35569E+01,occupants
1420,4.80767E+08,structural
1421,1.22659E+01,occupants
1421,9.12096E+08,structural
1422,4.11277E+01,occupants
1422,2.09515E+09,structural
1423,4.26986E+01,occupants
1423,1.82694E+09,structural
1424,3.98204E+01,occupants
1424,1.60747E+09,structural
1425,8.41138E-01,occupants
1425,1.24488E+08,structural
1426,9.52983E-01,occupants
1426,1.21840E+08,structural
1427,7.46454E-01,occupants
1427,1.11187E+08,structural
1428,1.84176E-01,occupants
1428,2.21741E+07,structural
1429,2.18690E-01,occupants
1429,3.78824E+07,structural
1430,1.55834E-01,occupants
1430,2.39234E+07,structural
1431,2.63770E-02,occupants
1431,1.13754E+07,structural
1432,3.23272E-02,occupants
1432,1.15094E+07,structural
1433,2.07164E-02,occupants
1433,4.51380E+06,structural
1434,3.40679E+00,occupants
1434,2.07302E+08,structural
1435,3.70504E+00,occupants
1435,2.59577E+08,structural
1436,3.16365E+00,occupants
1436,4.62572E+08,structural
1437,1.47444E+01,occupants
1437,8.78752E+08,structural
1438,1.53234E+01,occupants
1438,8.70188E+08,structural
1439,1.43701E+01,occupants
1439,1.33349E+09,structural
1440,1.11606E+00,occupants
1440,9.50136E+07,structural
1441,1.22756E+00,occupants
1441,1.32482E+08,structural
1442,1.01570E+00,occupants
1442,1.21409E+08,structural
1443,2.01219E-01,occupants
1443,3.02155E+07,structural
1444,2.24851E-01,occupants
1444,2.88430E+07,structural
1445,1.78922E-01,occupants
1445,2.17955E+07,structural
1446,2.15200E-02,occupants
1446,1.05591E+07,structural
1447,2.49955E-02,occupants
1447,3.37705E+06,structural
1448,1.87321E-02,occupants
1448,8.37934E+06,structural
1449,5.11090E+00,occupants
1449,2.67745E+08,structural
1450,5.53153E+00,occupants
1450,3.02602E+08,structural
1451,4.76510E+00,occupants
1451,2.74122E+08,structural
1452,2.43385E+01,occupants
1452,1.25558E+09,structural
1453,2.57625E+01,occupants
1453,8.17143E+08,structural
1454,2.31714E+01,occupants
1454,9.63221E+08,structural
1455,4.21801E-01,occupants
1455,3.87551E+07,structural
1456,4.83867E-01,occupants
1456,4.54407E+07,structural
1457,3.67914E-01,occupants
1457,2.09171E+07,structural
1458,3.24273E-02,occupants
1458,4.23733E+06,structural
1459,3.90373E-02,occupants
1459,4.44710E+06,structural
1460,2.69644E-02,occupants
1460,1.63670E+06,structural
1461,1.42381E-03,occupants
1461,1.85920E+04,structural
1462,1.91727E-03,occupants
1462,1.59697E+06,structural
1463,1.07083E-03,occupants
1463,1.56196E+05,structural
1464,3.16994E+00,occupants
1464,1.47685E+08,structural
1465,3.51588E+00,occupants
1465,1.13632E+08,structural
1466,2.88109E+00,occupants
1466,1.90234E+08,structural
1467,1.48340E+01,occupants
1467,3.84849E+08,structural
1468,1.57026E+01,occupants
1468,4.41147E+08,structural
1469,1.40393E+01,occupants
1469,5.63118E+08,structural
1470,1.35842E+00,occupants
1470,2.12593E+08,structural
1471,1.55372E+00,occupants
1471,1.82970E+08,structural
1472,1.22037E+00,occupants
1472,2.10611E+08,structural
1473,1.36007E-01,occupants
1473,8.33412E+07,structural
1474,1.59905E-01,occupants
1474,7.30030E+07,structural
1475,1.20082E-01,occupants
1475,8.11108E+07,structural
1476,9.84312E-03,occupants
1476,7.79616E+06,structural
1477,1.19090E-02,occupants
1477,1.33177E+07,structural
1478,8.38361E-03,occupants
1478,1.94060E+07,structural
1479,1.00019E+01,occupants
1479,6.24160E+08,structural
1480,1.09433E+01,occupants
1480,7.97049E+08,structural
1481,9.22530E+00,occupants
1481,6.24773E+08,structural
1482,5.14288E+01,occupants
1482,1.98282E+09,structural
1483,5.34660E+01,occupants
1483,3.61551E+09,structural
1484,4.98409E+01,occupants
1484,2.01854E+09,structural
1485,1.06763E+00,occupants
1485,2.27267E+08,structural
1486,1.14560E+00,occupants
1486,1.11267E+08,structural
1487,1.00410E+00,occupants
1487,1.49782E+08,structural
1488,2.23459E-01,occupants
1488,3.22210E+07,structural
1489,2.51167E-01,occupants
1489,3.70013E+07,structural
1490,2.01611E-01,occupants
1490,7.21076E+07,structural
1491,3.05160E-02,occupants
1491,8.14468E+06,structural
1492,3.55244E-02,occupants
1492,1.76919E+07,structural
1493,2.60050E-02,occupants
1493,2.47863E+07,structural
1494,4.23513E+00,occupants
1494,3.68441E+08,structural
1495,4.37904E+00,occupants
1495,5.98502E+08,structural
1496,4.14519E+00,occupants
1496,2.72863E+08,structural
1497,1.65036E+01,occupants
1497,1.11542E+09,structural
1498,1.65419E+01,occupants
1498,9.56715E+08,structural
1499,1.66726E+01,occupants
1499,9.69831E+08,structural
