#,,"generated_by='OpenQuake engine 3.13.0-gitd2db5fa', start_date='2021-10-23T16:13:19', checksum=1653129626"
event_id,loss,loss_type
0,9.24939E-01,occupants
0,7.53203E+07,structural
1,1.13202E+00,occupants
1,1.31272E+08,structural
2,7.59834E-01,occupants
2,6.75591E+07,structural
3,1.65250E-01,occupants
3,4.12291E+07,structural
4,2.08485E-01,occupants
4,3.24743E+07,structural
5,1.30074E-01,occupants
5,2.61436E+07,structural
6,2.04096E-02,occupants
6,9.94611E+06,structural
7,2.66313E-02,occupants
7,9.06016E+06,structural
8,1.54390E-02,occupants
8,1.19620E+07,structural
9,4.51848E+00,occupants
9,2.19355E+08,structural
10,5.31441E+00,occupants
10,2.12662E+08,structural
11,3.82727E+00,occupants
11,1.57222E+08,structural
12,2.15368E+01,occupants
12,6.51333E+08,structural
13,2.43174E+01,occupants
13,7.82089E+08,structural
14,1.91086E+01,occupants
14,7.29046E+08,structural
15,7.98330E-01,occupants
15,3.25969E+07,structural
16,9.53808E-01,occupants
16,4.34475E+07,structural
17,6.69248E-01,occupants
17,3.40879E+07,structural
18,1.86142E-01,occupants
18,1.01140E+07,structural
19,2.27449E-01,occupants
19,1.54356E+07,structural
20,1.52913E-01,occupants
20,7.03585E+06,structural
21,3.33550E-02,occupants
21,2.86602E+06,structural
22,4.21563E-02,occupants
22,2.01348E+06,structural
23,2.66229E-02,occupants
23,2.96831E+06,structural
24,3.16800E+00,occupants
24,1.29853E+08,structural
25,3.68282E+00,occupants
25,1.32307E+08,structural
26,2.71745E+00,occupants
26,1.05204E+08,structural
27,1.27643E+01,occupants
27,4.05183E+08,structural
28,1.44581E+01,occupants
28,3.74640E+08,structural
29,1.12477E+01,occupants
29,3.48018E+08,structural
30,1.27396E-01,occupants
30,1.96578E+07,structural
31,1.71624E-01,occupants
31,2.59620E+07,structural
32,9.37706E-02,occupants
32,1.94604E+07,structural
33,7.54396E-03,occupants
33,3.54861E+06,structural
34,1.08748E-02,occupants
34,6.85260E+06,structural
35,5.27429E-03,occupants
35,3.76872E+06,structural
36,2.61717E-04,occupants
36,2.74617E+06,structural
37,3.99473E-04,occupants
37,1.30559E+06,structural
38,1.49891E-04,occupants
38,1.21756E+06,structural
39,1.41816E+00,occupants
39,9.65175E+07,structural
40,1.79453E+00,occupants
40,8.86446E+07,structural
41,1.11573E+00,occupants
41,6.68234E+07,structural
42,1.12407E+01,occupants
42,2.48643E+08,structural
43,1.32614E+01,occupants
43,2.22579E+08,structural
44,9.47240E+00,occupants
44,2.26010E+08,structural
45,6.89353E-01,occupants
45,3.61128E+07,structural
46,8.99002E-01,occupants
46,5.09570E+07,structural
47,5.19061E-01,occupants
47,3.03146E+07,structural
48,7.23340E-02,occupants
48,1.24477E+07,structural
49,1.00255E-01,occupants
49,1.34746E+07,structural
50,5.09075E-02,occupants
50,2.09059E+07,structural
51,4.87631E-03,occupants
51,3.62406E+06,structural
52,7.46580E-03,occupants
52,1.59485E+06,structural
53,3.31819E-03,occupants
53,1.25709E+06,structural
54,4.66310E+00,occupants
54,1.41269E+08,structural
55,5.70027E+00,occupants
55,1.61383E+08,structural
56,3.77554E+00,occupants
56,1.51395E+08,structural
57,2.34473E+01,occupants
57,5.40238E+08,structural
58,2.67083E+01,occupants
58,5.06845E+08,structural
59,2.05122E+01,occupants
59,4.61659E+08,structural
60,3.96155E-01,occupants
60,4.00925E+07,structural
61,4.87280E-01,occupants
61,3.36767E+07,structural
62,3.21928E-01,occupants
62,3.80230E+07,structural
63,6.39362E-02,occupants
63,6.19327E+06,structural
64,8.29087E-02,occupants
64,7.78829E+06,structural
65,4.94755E-02,occupants
65,7.21479E+06,structural
66,7.06802E-03,occupants
66,2.85264E+06,structural
67,9.52160E-03,occupants
67,3.73724E+06,structural
68,5.09003E-03,occupants
68,1.55210E+06,structural
69,1.96253E+00,occupants
69,1.16699E+08,structural
70,2.29743E+00,occupants
70,1.02530E+08,structural
71,1.67261E+00,occupants
71,1.23629E+08,structural
72,9.51891E+00,occupants
72,3.55046E+08,structural
73,1.07350E+01,occupants
73,3.88999E+08,structural
74,8.45856E+00,occupants
74,3.69225E+08,structural
75,1.84749E+01,occupants
75,1.99876E+08,structural
76,2.06398E+01,occupants
76,2.92871E+08,structural
77,1.64419E+01,occupants
77,2.39104E+08,structural
78,5.55159E+00,occupants
78,7.90041E+07,structural
79,6.60251E+00,occupants
79,1.23594E+08,structural
80,4.67019E+00,occupants
80,8.54214E+07,structural
81,8.52546E-01,occupants
81,3.84634E+07,structural
82,1.07612E+00,occupants
82,2.55024E+07,structural
83,6.63595E-01,occupants
83,3.14862E+07,structural
84,4.01354E+01,occupants
84,4.67788E+08,structural
85,4.30040E+01,occupants
85,5.49725E+08,structural
86,3.73713E+01,occupants
86,4.53611E+08,structural
87,7.46431E+01,occupants
87,8.63372E+08,structural
88,7.83384E+01,occupants
88,8.62178E+08,structural
89,7.11493E+01,occupants
89,1.18715E+09,structural
90,7.59900E+00,occupants
90,1.48757E+08,structural
91,8.81154E+00,occupants
91,1.96544E+08,structural
92,6.50850E+00,occupants
92,1.35708E+08,structural
93,1.90405E+00,occupants
93,5.53038E+07,structural
94,2.27643E+00,occupants
94,7.20817E+07,structural
95,1.58642E+00,occupants
95,5.33209E+07,structural
96,3.50121E-01,occupants
96,2.08478E+07,structural
97,4.27782E-01,occupants
97,2.16556E+07,structural
98,2.80846E-01,occupants
98,2.63788E+07,structural
99,2.41437E+01,occupants
99,4.48640E+08,structural
100,2.70205E+01,occupants
100,4.61127E+08,structural
101,2.15134E+01,occupants
101,3.97255E+08,structural
102,6.48855E+01,occupants
102,9.19539E+08,structural
103,7.01815E+01,occupants
103,9.73199E+08,structural
104,5.99451E+01,occupants
104,9.34941E+08,structural
105,7.92669E+00,occupants
105,1.03044E+08,structural
106,9.05667E+00,occupants
106,1.32014E+08,structural
107,6.87706E+00,occupants
107,6.57939E+07,structural
108,1.64176E+00,occupants
108,2.55120E+07,structural
109,2.00537E+00,occupants
109,6.95012E+07,structural
110,1.31276E+00,occupants
110,3.72026E+07,structural
111,1.25075E-01,occupants
111,7.52298E+06,structural
112,1.70511E-01,occupants
112,4.87578E+06,structural
113,9.35263E-02,occupants
113,1.21516E+07,structural
114,2.16181E+01,occupants
114,2.68380E+08,structural
115,2.34190E+01,occupants
115,2.46158E+08,structural
116,1.98539E+01,occupants
116,2.86437E+08,structural
117,4.70235E+01,occupants
117,6.18522E+08,structural
118,5.00084E+01,occupants
118,6.98083E+08,structural
119,4.42500E+01,occupants
119,5.25983E+08,structural
120,2.10899E+00,occupants
120,1.12825E+08,structural
121,2.51106E+00,occupants
121,8.61487E+07,structural
122,1.77709E+00,occupants
122,8.54435E+07,structural
123,4.34644E-01,occupants
123,3.83636E+07,structural
124,5.31996E-01,occupants
124,4.28595E+07,structural
125,3.57043E-01,occupants
125,3.81385E+07,structural
126,6.46672E-02,occupants
126,1.42991E+07,structural
127,8.09433E-02,occupants
127,1.63338E+07,structural
128,5.18316E-02,occupants
128,1.18252E+07,structural
129,8.37362E+00,occupants
129,2.18621E+08,structural
130,9.65560E+00,occupants
130,1.77631E+08,structural
131,7.27083E+00,occupants
131,2.09303E+08,structural
132,3.10134E+01,occupants
132,5.44743E+08,structural
133,3.44966E+01,occupants
133,7.52264E+08,structural
134,2.79267E+01,occupants
134,5.92258E+08,structural
135,4.45674E+00,occupants
135,1.47281E+08,structural
136,5.21774E+00,occupants
136,1.36573E+08,structural
137,3.80156E+00,occupants
137,1.07889E+08,structural
138,6.59216E-01,occupants
138,3.08746E+07,structural
139,8.03300E-01,occupants
139,3.55648E+07,structural
140,5.37564E-01,occupants
140,3.63936E+07,structural
141,4.93875E-02,occupants
141,1.12861E+07,structural
142,6.50809E-02,occupants
142,1.12167E+07,structural
143,3.81439E-02,occupants
143,5.20896E+06,structural
144,2.00017E+01,occupants
144,4.02368E+08,structural
145,2.25910E+01,occupants
145,4.35807E+08,structural
146,1.76916E+01,occupants
146,3.24768E+08,structural
147,7.03331E+01,occupants
147,1.09338E+09,structural
148,7.65421E+01,occupants
148,1.15310E+09,structural
149,6.46135E+01,occupants
149,1.05024E+09,structural
150,2.85915E-01,occupants
150,3.44494E+07,structural
151,3.61971E-01,occupants
151,3.56000E+07,structural
152,2.23697E-01,occupants
152,2.43262E+07,structural
153,4.51165E-02,occupants
153,1.10838E+07,structural
154,5.93501E-02,occupants
154,9.75707E+06,structural
155,3.43699E-02,occupants
155,6.35948E+06,structural
156,5.02310E-03,occupants
156,3.75322E+06,structural
157,6.77594E-03,occupants
157,3.76926E+06,structural
158,3.60726E-03,occupants
158,1.48639E+06,structural
159,1.69204E+00,occupants
159,1.26289E+08,structural
160,2.06679E+00,occupants
160,1.08274E+08,structural
161,1.37424E+00,occupants
161,1.11622E+08,structural
162,1.00646E+01,occupants
162,3.66226E+08,structural
163,1.17449E+01,occupants
163,3.36707E+08,structural
164,8.58136E+00,occupants
164,2.71424E+08,structural
165,4.35224E+00,occupants
165,1.14415E+08,structural
166,5.14454E+00,occupants
166,1.78258E+08,structural
167,3.71356E+00,occupants
167,9.09009E+07,structural
168,8.51362E-01,occupants
168,4.60729E+07,structural
169,1.03962E+00,occupants
169,3.47143E+07,structural
170,6.91207E-01,occupants
170,2.81389E+07,structural
171,9.29530E-02,occupants
171,1.24395E+07,structural
172,1.16201E-01,occupants
172,9.02248E+06,structural
173,7.21158E-02,occupants
173,9.17469E+06,structural
174,1.54221E+01,occupants
174,2.92693E+08,structural
175,1.74089E+01,occupants
175,3.69436E+08,structural
176,1.35547E+01,occupants
176,3.34672E+08,structural
177,4.47283E+01,occupants
177,8.15552E+08,structural
178,4.90822E+01,occupants
178,8.95211E+08,structural
179,4.06639E+01,occupants
179,7.00245E+08,structural
180,3.29754E-01,occupants
180,3.58772E+07,structural
181,4.33201E-01,occupants
181,2.37805E+07,structural
182,2.44941E-01,occupants
182,2.62152E+07,structural
183,4.82076E-02,occupants
183,1.16399E+07,structural
184,6.77980E-02,occupants
184,1.36230E+07,structural
185,3.39102E-02,occupants
185,1.70700E+07,structural
186,4.08556E-03,occupants
186,1.56698E+06,structural
187,5.96473E-03,occupants
187,2.81241E+06,structural
188,2.72330E-03,occupants
188,2.34643E+06,structural
189,1.69220E+00,occupants
189,7.17317E+07,structural
190,2.12372E+00,occupants
190,1.01058E+08,structural
191,1.33822E+00,occupants
191,8.60396E+07,structural
192,7.86057E+00,occupants
192,2.49612E+08,structural
193,9.37594E+00,occupants
193,2.55180E+08,structural
194,6.56742E+00,occupants
194,2.51585E+08,structural
195,2.10197E-01,occupants
195,2.47316E+07,structural
196,2.63142E-01,occupants
196,2.75170E+07,structural
197,1.69334E-01,occupants
197,2.32627E+07,structural
198,1.64324E-02,occupants
198,4.11397E+06,structural
199,2.13835E-02,occupants
199,9.43717E+06,structural
200,1.26707E-02,occupants
200,6.17416E+06,structural
201,5.66643E-04,occupants
201,5.43921E+05,structural
202,7.96180E-04,occupants
202,6.31049E+05,structural
203,4.03017E-04,occupants
203,4.12716E+05,structural
204,2.03923E+00,occupants
204,8.67608E+07,structural
205,2.44961E+00,occupants
205,8.03401E+07,structural
206,1.69356E+00,occupants
206,8.04403E+07,structural
207,1.53343E+01,occupants
207,2.65961E+08,structural
208,1.75003E+01,occupants
208,3.69904E+08,structural
209,1.33904E+01,occupants
209,3.18461E+08,structural
210,9.56624E-01,occupants
210,1.92795E+07,structural
211,1.09898E+00,occupants
211,2.52406E+07,structural
212,8.35428E-01,occupants
212,1.99897E+07,structural
213,1.21812E-01,occupants
213,6.34348E+06,structural
214,1.50943E-01,occupants
214,6.46786E+06,structural
215,9.98949E-02,occupants
215,6.33989E+06,structural
216,4.60288E-03,occupants
216,1.06604E+06,structural
217,6.19776E-03,occupants
217,9.40599E+05,structural
218,3.41657E-03,occupants
218,5.32440E+05,structural
219,3.47282E+00,occupants
219,8.46524E+07,structural
220,3.77138E+00,occupants
220,8.18410E+07,structural
221,3.18861E+00,occupants
221,7.39656E+07,structural
222,8.93572E+00,occupants
222,2.59126E+08,structural
223,9.64625E+00,occupants
223,2.42754E+08,structural
224,8.30796E+00,occupants
224,2.08947E+08,structural
225,4.51077E+00,occupants
225,1.49260E+08,structural
226,5.34563E+00,occupants
226,1.35713E+08,structural
227,3.76744E+00,occupants
227,1.64138E+08,structural
228,7.26650E-01,occupants
228,5.40959E+07,structural
229,9.06983E-01,occupants
229,2.97519E+07,structural
230,5.83010E-01,occupants
230,3.21944E+07,structural
231,6.47011E-02,occupants
231,1.05039E+07,structural
232,8.53878E-02,occupants
232,9.53399E+06,structural
233,4.91787E-02,occupants
233,4.88152E+06,structural
234,1.98699E+01,occupants
234,4.31528E+08,structural
235,2.27665E+01,occupants
235,4.68074E+08,structural
236,1.73192E+01,occupants
236,3.48766E+08,structural
237,7.46600E+01,occupants
237,1.21123E+09,structural
238,8.18454E+01,occupants
238,1.09649E+09,structural
239,6.79395E+01,occupants
239,1.12239E+09,structural
240,1.18241E-01,occupants
240,1.94556E+07,structural
241,1.60680E-01,occupants
241,2.72937E+07,structural
242,8.89031E-02,occupants
242,1.88289E+07,structural
243,9.46330E-03,occupants
243,6.00415E+06,structural
244,1.30391E-02,occupants
244,7.85323E+06,structural
245,6.53923E-03,occupants
245,8.89508E+06,structural
246,4.93150E-04,occupants
246,1.32673E+06,structural
247,7.09906E-04,occupants
247,2.76757E+06,structural
248,3.15183E-04,occupants
248,1.03984E+06,structural
249,1.17820E+00,occupants
249,6.51064E+07,structural
250,1.49655E+00,occupants
250,8.74484E+07,structural
251,9.24832E-01,occupants
251,5.74638E+07,structural
252,9.03106E+00,occupants
252,2.57563E+08,structural
253,1.06692E+01,occupants
253,3.21007E+08,structural
254,7.54012E+00,occupants
254,2.16003E+08,structural
255,5.87230E-01,occupants
255,3.00980E+07,structural
256,7.16525E-01,occupants
256,2.90241E+07,structural
257,4.79675E-01,occupants
257,2.47800E+07,structural
258,5.93452E-02,occupants
258,7.14121E+06,structural
259,7.70751E-02,occupants
259,8.59644E+06,structural
260,4.46395E-02,occupants
260,6.06856E+06,structural
261,3.03242E-03,occupants
261,1.53295E+06,structural
262,4.35439E-03,occupants
262,1.19993E+06,structural
263,2.14230E-03,occupants
263,1.24444E+06,structural
264,3.46214E+00,occupants
264,9.61611E+07,structural
265,3.98110E+00,occupants
265,9.99575E+07,structural
266,2.99861E+00,occupants
266,8.29720E+07,structural
267,1.42409E+01,occupants
267,2.78761E+08,structural
268,1.57274E+01,occupants
268,2.49402E+08,structural
269,1.28939E+01,occupants
269,2.44477E+08,structural
270,1.21344E+00,occupants
270,8.21601E+07,structural
271,1.46535E+00,occupants
271,7.25601E+07,structural
272,1.00789E+00,occupants
272,5.84783E+07,structural
273,2.71750E-01,occupants
273,2.41885E+07,structural
274,3.36342E-01,occupants
274,2.02803E+07,structural
275,2.20282E-01,occupants
275,1.75253E+07,structural
276,4.07302E-02,occupants
276,1.06061E+07,structural
277,5.20711E-02,occupants
277,8.22204E+06,structural
278,3.15931E-02,occupants
278,6.05334E+06,structural
279,4.76493E+00,occupants
279,1.42368E+08,structural
280,5.60999E+00,occupants
280,2.34642E+08,structural
281,4.03017E+00,occupants
281,2.02816E+08,structural
282,1.88738E+01,occupants
282,4.98357E+08,structural
283,2.15435E+01,occupants
283,5.37181E+08,structural
284,1.65359E+01,occupants
284,4.86051E+08,structural
285,2.56780E-01,occupants
285,4.49266E+07,structural
286,3.28465E-01,occupants
286,4.71677E+07,structural
287,1.97554E-01,occupants
287,3.75373E+07,structural
288,3.34015E-02,occupants
288,1.69280E+07,structural
289,4.47592E-02,occupants
289,1.68927E+07,structural
290,2.49468E-02,occupants
290,1.06382E+07,structural
291,3.05276E-03,occupants
291,2.63704E+06,structural
292,4.26045E-03,occupants
292,3.38596E+06,structural
293,2.15723E-03,occupants
293,2.71247E+06,structural
294,1.87659E+00,occupants
294,1.23448E+08,structural
295,2.31366E+00,occupants
295,1.61125E+08,structural
296,1.51232E+00,occupants
296,1.25929E+08,structural
297,1.37178E+01,occupants
297,4.64820E+08,structural
298,1.61172E+01,occupants
298,4.94913E+08,structural
299,1.16459E+01,occupants
299,4.43617E+08,structural
300,1.07161E+01,occupants
300,1.41359E+08,structural
301,1.25316E+01,occupants
301,1.45513E+08,structural
302,9.10220E+00,occupants
302,1.14672E+08,structural
303,3.28649E+00,occupants
303,5.82594E+07,structural
304,4.01647E+00,occupants
304,7.90152E+07,structural
305,2.65776E+00,occupants
305,5.32539E+07,structural
306,6.93497E-01,occupants
306,3.72236E+07,structural
307,9.01081E-01,occupants
307,5.10147E+07,structural
308,5.34654E-01,occupants
308,3.11493E+07,structural
309,2.81936E+01,occupants
309,3.79078E+08,structural
310,3.15778E+01,occupants
310,3.08867E+08,structural
311,2.50449E+01,occupants
311,3.00458E+08,structural
312,6.38382E+01,occupants
312,7.47314E+08,structural
313,6.91430E+01,occupants
313,8.20456E+08,structural
314,5.89838E+01,occupants
314,7.83536E+08,structural
315,1.59646E+00,occupants
315,6.91731E+07,structural
316,1.91734E+00,occupants
316,8.77400E+07,structural
317,1.32233E+00,occupants
317,4.72339E+07,structural
318,3.54975E-01,occupants
318,2.29388E+07,structural
319,4.42853E-01,occupants
319,2.66457E+07,structural
320,2.84221E-01,occupants
320,2.17386E+07,structural
321,5.15526E-02,occupants
321,7.18784E+06,structural
322,6.64142E-02,occupants
322,7.74692E+06,structural
323,3.90825E-02,occupants
323,3.24628E+06,structural
324,5.99344E+00,occupants
324,2.01395E+08,structural
325,6.95037E+00,occupants
325,2.06308E+08,structural
326,5.16046E+00,occupants
326,1.63964E+08,structural
327,2.20909E+01,occupants
327,4.91603E+08,structural
328,2.46865E+01,occupants
328,5.32927E+08,structural
329,1.99038E+01,occupants
329,5.06655E+08,structural
330,1.88816E+00,occupants
330,8.52389E+07,structural
331,2.21367E+00,occupants
331,6.27489E+07,structural
332,1.60460E+00,occupants
332,6.64010E+07,structural
333,5.49581E-01,occupants
333,2.08186E+07,structural
334,6.72268E-01,occupants
334,2.88677E+07,structural
335,4.43951E-01,occupants
335,2.64595E+07,structural
336,1.08433E-01,occupants
336,6.12750E+06,structural
337,1.39739E-01,occupants
337,5.21055E+06,structural
338,8.36512E-02,occupants
338,5.61291E+06,structural
339,5.57947E+00,occupants
339,1.86937E+08,structural
340,6.29151E+00,occupants
340,1.76910E+08,structural
341,4.96667E+00,occupants
341,1.60059E+08,structural
342,1.71239E+01,occupants
342,4.35281E+08,structural
343,1.85736E+01,occupants
343,4.97386E+08,structural
344,1.58787E+01,occupants
344,4.30077E+08,structural
345,5.72033E-01,occupants
345,4.45277E+07,structural
346,6.90954E-01,occupants
346,5.80684E+07,structural
347,4.68760E-01,occupants
347,3.38316E+07,structural
348,1.18162E-01,occupants
348,1.62911E+07,structural
349,1.43976E-01,occupants
349,1.80312E+07,structural
350,9.79824E-02,occupants
350,1.39058E+07,structural
351,2.32218E-02,occupants
351,5.12620E+06,structural
352,2.85756E-02,occupants
352,3.54959E+06,structural
353,1.91755E-02,occupants
353,4.71751E+06,structural
354,2.74829E+00,occupants
354,1.27038E+08,structural
355,3.27743E+00,occupants
355,1.49312E+08,structural
356,2.31394E+00,occupants
356,1.04783E+08,structural
357,1.25535E+01,occupants
357,3.66035E+08,structural
358,1.44702E+01,occupants
358,3.71147E+08,structural
359,1.09004E+01,occupants
359,3.15604E+08,structural
360,1.62790E+00,occupants
360,9.05638E+07,structural
361,1.94399E+00,occupants
361,1.12675E+08,structural
362,1.36207E+00,occupants
362,7.31938E+07,structural
363,3.16928E-01,occupants
363,3.34715E+07,structural
364,3.91773E-01,occupants
364,4.66377E+07,structural
365,2.53727E-01,occupants
365,3.32454E+07,structural
366,3.90519E-02,occupants
366,1.20543E+07,structural
367,5.08707E-02,occupants
367,8.88119E+06,structural
368,2.99727E-02,occupants
368,6.93430E+06,structural
369,6.73414E+00,occupants
369,2.15131E+08,structural
370,7.78847E+00,occupants
370,2.97980E+08,structural
371,5.84209E+00,occupants
371,2.36712E+08,structural
372,2.63070E+01,occupants
372,7.29446E+08,structural
373,2.93646E+01,occupants
373,7.16078E+08,structural
374,2.35965E+01,occupants
374,6.25441E+08,structural
375,8.03499E-01,occupants
375,3.51928E+07,structural
376,9.78397E-01,occupants
376,4.83807E+07,structural
377,6.53607E-01,occupants
377,3.81550E+07,structural
378,9.49212E-02,occupants
378,1.32247E+07,structural
379,1.21658E-01,occupants
379,1.92441E+07,structural
380,7.16418E-02,occupants
380,8.22531E+06,structural
381,5.58673E-03,occupants
381,5.73976E+06,structural
382,7.65419E-03,occupants
382,7.04437E+06,structural
383,4.04480E-03,occupants
383,3.86529E+06,structural
384,4.13717E+00,occupants
384,1.41876E+08,structural
385,4.81826E+00,occupants
385,1.47331E+08,structural
386,3.54225E+00,occupants
386,1.17494E+08,structural
387,1.73659E+01,occupants
387,4.21722E+08,structural
388,1.96739E+01,occupants
388,4.35869E+08,structural
389,1.53369E+01,occupants
389,3.51915E+08,structural
390,1.26231E+00,occupants
390,6.29095E+07,structural
391,1.51198E+00,occupants
391,7.08214E+07,structural
392,1.04899E+00,occupants
392,5.84286E+07,structural
393,2.80744E-01,occupants
393,2.65850E+07,structural
394,3.48659E-01,occupants
394,2.50578E+07,structural
395,2.23511E-01,occupants
395,1.37380E+07,structural
396,4.07511E-02,occupants
396,8.81605E+06,structural
397,5.28591E-02,occupants
397,1.23117E+07,structural
398,3.09460E-02,occupants
398,7.25834E+06,structural
399,4.76054E+00,occupants
399,1.35978E+08,structural
400,5.53721E+00,occupants
400,1.73565E+08,structural
401,4.08983E+00,occupants
401,1.89500E+08,structural
402,1.82711E+01,occupants
402,4.68237E+08,structural
403,2.07045E+01,occupants
403,5.33513E+08,structural
404,1.61843E+01,occupants
404,4.97574E+08,structural
405,1.88657E+01,occupants
405,3.57056E+08,structural
406,2.10578E+01,occupants
406,3.78478E+08,structural
407,1.68484E+01,occupants
407,3.70696E+08,structural
408,5.11788E+00,occupants
408,1.40874E+08,structural
409,6.05001E+00,occupants
409,1.31413E+08,structural
410,4.31757E+00,occupants
410,1.15604E+08,structural
411,6.43741E-01,occupants
411,4.18625E+07,structural
412,8.07372E-01,occupants
412,4.00742E+07,structural
413,4.99249E-01,occupants
413,2.70761E+07,structural
414,4.71916E+01,occupants
414,7.79683E+08,structural
415,5.08265E+01,occupants
415,8.10767E+08,structural
416,4.39048E+01,occupants
416,7.61814E+08,structural
417,1.12058E+02,occupants
417,1.58447E+09,structural
418,1.18261E+02,occupants
418,1.78812E+09,structural
419,1.06867E+02,occupants
419,1.64143E+09,structural
420,1.50213E+00,occupants
420,6.26534E+07,structural
421,1.84882E+00,occupants
421,6.43274E+07,structural
422,1.21539E+00,occupants
422,7.32830E+07,structural
423,2.87383E-01,occupants
423,1.97176E+07,structural
424,3.60091E-01,occupants
424,3.34384E+07,structural
425,2.25290E-01,occupants
425,2.23089E+07,structural
426,3.88827E-02,occupants
426,8.92680E+06,structural
427,5.12350E-02,occupants
427,9.19546E+06,structural
428,2.98372E-02,occupants
428,6.12873E+06,structural
429,7.06128E+00,occupants
429,1.66318E+08,structural
430,8.41000E+00,occupants
430,2.04789E+08,structural
431,5.90947E+00,occupants
431,1.68790E+08,structural
432,3.00394E+01,occupants
432,6.15696E+08,structural
433,3.40016E+01,occupants
433,6.47245E+08,structural
434,2.63788E+01,occupants
434,5.25513E+08,structural
435,3.35931E-02,occupants
435,1.44150E+07,structural
436,4.29025E-02,occupants
436,1.48095E+07,structural
437,2.63592E-02,occupants
437,1.30774E+07,structural
438,4.07480E-03,occupants
438,3.46550E+06,structural
439,5.50582E-03,occupants
439,3.14186E+06,structural
440,3.10486E-03,occupants
440,2.54935E+06,structural
441,3.44377E-04,occupants
441,5.55705E+05,structural
442,4.77005E-04,occupants
442,6.87657E+05,structural
443,2.28620E-04,occupants
443,2.63594E+05,structural
444,2.30704E-01,occupants
444,4.93574E+07,structural
445,2.84591E-01,occupants
445,3.95419E+07,structural
446,1.87006E-01,occupants
446,3.21615E+07,structural
447,1.68195E+00,occupants
447,1.24535E+08,structural
448,2.00868E+00,occupants
448,1.77593E+08,structural
449,1.42355E+00,occupants
449,1.58548E+08,structural
450,1.98929E+00,occupants
450,8.18278E+07,structural
451,2.42558E+00,occupants
451,1.05412E+08,structural
452,1.63000E+00,occupants
452,6.75346E+07,structural
453,4.63736E-01,occupants
453,2.94503E+07,structural
454,5.86765E-01,occupants
454,4.03229E+07,structural
455,3.67726E-01,occupants
455,1.54542E+07,structural
456,6.75065E-02,occupants
456,1.25428E+07,structural
457,8.97320E-02,occupants
457,1.05518E+07,structural
458,5.12355E-02,occupants
458,7.74398E+06,structural
459,6.99657E+00,occupants
459,2.64714E+08,structural
460,8.24885E+00,occupants
460,1.71518E+08,structural
461,5.91069E+00,occupants
461,1.51088E+08,structural
462,2.37671E+01,occupants
462,4.59858E+08,structural
463,2.69964E+01,occupants
463,5.12707E+08,structural
464,2.08578E+01,occupants
464,4.70903E+08,structural
465,1.05476E+00,occupants
465,7.23360E+07,structural
466,1.29973E+00,occupants
466,8.65350E+07,structural
467,8.53773E-01,occupants
467,6.81519E+07,structural
468,1.43566E-01,occupants
468,2.65806E+07,structural
469,1.83751E-01,occupants
469,2.30988E+07,structural
470,1.09833E-01,occupants
470,1.56644E+07,structural
471,1.10216E-02,occupants
471,2.72011E+06,structural
472,1.46077E-02,occupants
472,6.50034E+06,structural
473,7.89791E-03,occupants
473,4.76796E+06,structural
474,6.01860E+00,occupants
474,2.17028E+08,structural
475,7.16108E+00,occupants
475,2.77980E+08,structural
476,5.05386E+00,occupants
476,1.93058E+08,structural
477,2.85915E+01,occupants
477,7.12505E+08,structural
478,3.23024E+01,occupants
478,6.27625E+08,structural
479,2.51595E+01,occupants
479,6.02403E+08,structural
480,2.26359E-01,occupants
480,2.27725E+07,structural
481,2.94875E-01,occupants
481,3.24467E+07,structural
482,1.72162E-01,occupants
482,2.25161E+07,structural
483,3.14998E-02,occupants
483,6.21625E+06,structural
484,4.26763E-02,occupants
484,1.29593E+07,structural
485,2.33092E-02,occupants
485,7.82114E+06,structural
486,3.21308E-03,occupants
486,1.42247E+06,structural
487,4.59552E-03,occupants
487,1.09458E+06,structural
488,2.27689E-03,occupants
488,8.23970E+05,structural
489,1.54998E+00,occupants
489,8.83881E+07,structural
490,1.92276E+00,occupants
490,9.08762E+07,structural
491,1.22981E+00,occupants
491,9.33282E+07,structural
492,9.61060E+00,occupants
492,2.68694E+08,structural
493,1.12676E+01,occupants
493,3.50263E+08,structural
494,8.16538E+00,occupants
494,2.42433E+08,structural
495,4.44034E-01,occupants
495,2.49011E+07,structural
496,5.55141E-01,occupants
496,4.73482E+07,structural
497,3.49499E-01,occupants
497,2.84537E+07,structural
498,7.49609E-02,occupants
498,7.30225E+06,structural
499,9.76638E-02,occupants
499,1.18155E+07,structural
500,5.63351E-02,occupants
500,1.15677E+07,structural
501,7.37506E-03,occupants
501,2.11183E+06,structural
502,1.02023E-02,occupants
502,3.86591E+06,structural
503,5.30110E-03,occupants
503,2.19515E+06,structural
504,2.03719E+00,occupants
504,8.15857E+07,structural
505,2.46642E+00,occupants
505,9.09934E+07,structural
506,1.67972E+00,occupants
506,7.28349E+07,structural
507,8.86452E+00,occupants
507,2.59224E+08,structural
508,1.02739E+01,occupants
508,2.62923E+08,structural
509,7.59479E+00,occupants
509,1.99408E+08,structural
510,7.13236E-01,occupants
510,4.65384E+07,structural
511,8.67440E-01,occupants
511,4.83515E+07,structural
512,5.78516E-01,occupants
512,3.47290E+07,structural
513,1.53187E-01,occupants
513,9.35435E+06,structural
514,1.95165E-01,occupants
514,1.24161E+07,structural
515,1.19239E-01,occupants
515,1.06731E+07,structural
516,2.16656E-02,occupants
516,4.40984E+06,structural
517,2.85456E-02,occupants
517,3.36378E+06,structural
518,1.58260E-02,occupants
518,2.07316E+06,structural
519,2.73170E+00,occupants
519,1.19945E+08,structural
520,3.19111E+00,occupants
520,1.20755E+08,structural
521,2.32595E+00,occupants
521,1.06236E+08,structural
522,1.02039E+01,occupants
522,3.58929E+08,structural
523,1.14683E+01,occupants
523,3.90724E+08,structural
524,9.09225E+00,occupants
524,3.65869E+08,structural
525,3.49068E+00,occupants
525,1.17852E+08,structural
526,4.23043E+00,occupants
526,1.67132E+08,structural
527,2.87684E+00,occupants
527,1.36391E+08,structural
528,7.41338E-01,occupants
528,6.08880E+07,structural
529,9.38211E-01,occupants
529,6.65084E+07,structural
530,5.89023E-01,occupants
530,4.92925E+07,structural
531,1.00469E-01,occupants
531,1.37560E+07,structural
532,1.32299E-01,occupants
532,1.54269E+07,structural
533,7.58017E-02,occupants
533,1.31717E+07,structural
534,1.29286E+01,occupants
534,2.90623E+08,structural
535,1.50731E+01,occupants
535,2.96315E+08,structural
536,1.10366E+01,occupants
536,3.29938E+08,structural
537,4.51394E+01,occupants
537,8.53431E+08,structural
538,5.08136E+01,occupants
538,8.56002E+08,structural
539,4.00604E+01,occupants
539,7.19595E+08,structural
540,4.43989E-01,occupants
540,3.51095E+07,structural
541,5.26732E-01,occupants
541,4.47738E+07,structural
542,3.75445E-01,occupants
542,2.91177E+07,structural
543,8.76134E-02,occupants
543,1.56031E+07,structural
544,1.07751E-01,occupants
544,8.66805E+06,structural
545,7.04228E-02,occupants
545,7.11850E+06,structural
546,7.77410E-03,occupants
546,2.36097E+06,structural
547,1.06043E-02,occupants
547,2.77664E+06,structural
548,5.79759E-03,occupants
548,2.55975E+06,structural
549,1.90102E+00,occupants
549,1.06435E+08,structural
550,2.21663E+00,occupants
550,9.63175E+07,structural
551,1.63356E+00,occupants
551,8.32130E+07,structural
552,7.87009E+00,occupants
552,2.69024E+08,structural
553,8.88326E+00,occupants
553,2.75753E+08,structural
554,6.94625E+00,occupants
554,2.16184E+08,structural
555,2.03820E+00,occupants
555,1.16208E+08,structural
556,2.42123E+00,occupants
556,1.14937E+08,structural
557,1.71889E+00,occupants
557,9.31617E+07,structural
558,3.70364E-01,occupants
558,3.83895E+07,structural
559,4.58153E-01,occupants
559,4.33561E+07,structural
560,2.99832E-01,occupants
560,3.46994E+07,structural
561,4.60811E-02,occupants
561,1.24892E+07,structural
562,5.98834E-02,occupants
562,1.22576E+07,structural
563,3.56394E-02,occupants
563,7.91563E+06,structural
564,9.23432E+00,occupants
564,2.83696E+08,structural
565,1.05755E+01,occupants
565,3.35239E+08,structural
566,8.06534E+00,occupants
566,2.96375E+08,structural
567,3.90427E+01,occupants
567,8.40717E+08,structural
568,4.33170E+01,occupants
568,9.04505E+08,structural
569,3.53769E+01,occupants
569,9.58777E+08,structural
570,2.09847E+00,occupants
570,4.91868E+07,structural
571,2.48632E+00,occupants
571,5.16789E+07,structural
572,1.75736E+00,occupants
572,4.37888E+07,structural
573,2.63819E-01,occupants
573,1.24835E+07,structural
574,3.31784E-01,occupants
574,2.25961E+07,structural
575,2.06620E-01,occupants
575,1.50492E+07,structural
576,1.39187E-02,occupants
576,2.89880E+06,structural
577,1.89166E-02,occupants
577,2.70436E+06,structural
578,1.01342E-02,occupants
578,2.33158E+06,structural
579,9.63968E+00,occupants
579,2.03887E+08,structural
580,1.08847E+01,occupants
580,1.69248E+08,structural
581,8.51244E+00,occupants
581,1.53195E+08,structural
582,3.31755E+01,occupants
582,5.04416E+08,structural
583,3.62383E+01,occupants
583,5.23043E+08,structural
584,3.03031E+01,occupants
584,4.35130E+08,structural
585,1.04937E+00,occupants
585,1.95542E+07,structural
586,1.25203E+00,occupants
586,2.69162E+07,structural
587,8.74349E-01,occupants
587,1.79876E+07,structural
588,2.12452E-01,occupants
588,1.66731E+07,structural
589,2.64244E-01,occupants
589,6.53553E+06,structural
590,1.67237E-01,occupants
590,3.77711E+06,structural
591,2.54413E-02,occupants
591,8.64952E+06,structural
592,3.35177E-02,occupants
592,2.11380E+06,structural
593,1.92317E-02,occupants
593,2.99306E+06,structural
594,3.65771E+00,occupants
594,6.16255E+07,structural
595,4.16444E+00,occupants
595,1.03272E+08,structural
596,3.19657E+00,occupants
596,7.30212E+07,structural
597,1.05997E+01,occupants
597,2.27638E+08,structural
598,1.17175E+01,occupants
598,2.63352E+08,structural
599,9.57468E+00,occupants
599,2.25830E+08,structural
600,3.89515E-02,occupants
600,2.22800E+07,structural
601,4.84307E-02,occupants
601,1.79325E+07,structural
602,3.21444E-02,occupants
602,1.59352E+07,structural
603,4.06438E-03,occupants
603,2.91307E+06,structural
604,5.38002E-03,occupants
604,3.39693E+06,structural
605,3.13210E-03,occupants
605,3.47200E+06,structural
606,2.83967E-04,occupants
606,3.29392E+05,structural
607,3.96834E-04,occupants
607,5.30968E+05,structural
608,2.09600E-04,occupants
608,1.67305E+05,structural
609,3.13522E-01,occupants
609,5.50646E+07,structural
610,3.77507E-01,occupants
610,7.53357E+07,structural
611,2.67888E-01,occupants
611,4.87491E+07,structural
612,2.60782E+00,occupants
612,2.15170E+08,structural
613,2.98837E+00,occupants
613,1.85475E+08,structural
614,2.29360E+00,occupants
614,2.12225E+08,structural
615,4.45155E-01,occupants
615,2.76483E+07,structural
616,5.50192E-01,occupants
616,3.83455E+07,structural
617,3.60986E-01,occupants
617,1.81226E+07,structural
618,8.29945E-02,occupants
618,8.44734E+06,structural
619,1.03405E-01,occupants
619,1.12778E+07,structural
620,6.67028E-02,occupants
620,8.39683E+06,structural
621,1.51033E-02,occupants
621,2.68478E+06,structural
622,1.89160E-02,occupants
622,1.62755E+06,structural
623,1.18172E-02,occupants
623,1.40819E+06,structural
624,2.37873E+00,occupants
624,8.75186E+07,structural
625,2.86005E+00,occupants
625,8.55400E+07,structural
626,1.98185E+00,occupants
626,7.96047E+07,structural
627,1.19303E+01,occupants
627,2.18399E+08,structural
628,1.37281E+01,occupants
628,2.36664E+08,structural
629,1.03199E+01,occupants
629,2.06801E+08,structural
630,1.16560E+01,occupants
630,2.58347E+08,structural
631,1.31544E+01,occupants
631,2.22502E+08,structural
632,1.02709E+01,occupants
632,2.39394E+08,structural
633,2.73667E+00,occupants
633,1.36405E+08,structural
634,3.27012E+00,occupants
634,9.58013E+07,structural
635,2.27560E+00,occupants
635,7.05962E+07,structural
636,2.67996E-01,occupants
636,3.12122E+07,structural
637,3.50943E-01,occupants
637,2.43417E+07,structural
638,2.10350E-01,occupants
638,2.54865E+07,structural
639,3.13761E+01,occupants
639,5.22290E+08,structural
640,3.41606E+01,occupants
640,5.62628E+08,structural
641,2.87767E+01,occupants
641,5.53975E+08,structural
642,7.46999E+01,occupants
642,1.20140E+09,structural
643,8.00969E+01,occupants
643,1.20908E+09,structural
644,6.98180E+01,occupants
644,1.22052E+09,structural
645,9.61661E+00,occupants
645,1.39001E+08,structural
646,1.10975E+01,occupants
646,1.55966E+08,structural
647,8.28638E+00,occupants
647,1.88798E+08,structural
648,3.21334E+00,occupants
648,9.00421E+07,structural
649,3.84713E+00,occupants
649,5.06190E+07,structural
650,2.67770E+00,occupants
650,1.13422E+08,structural
651,7.10694E-01,occupants
651,3.35619E+07,structural
652,8.82536E-01,occupants
652,2.20013E+07,structural
653,5.69799E-01,occupants
653,1.25483E+07,structural
654,2.32693E+01,occupants
654,3.11088E+08,structural
655,2.60686E+01,occupants
655,3.59821E+08,structural
656,2.06990E+01,occupants
656,2.73352E+08,structural
657,5.32491E+01,occupants
657,8.08661E+08,structural
658,5.80338E+01,occupants
658,7.50340E+08,structural
659,4.87462E+01,occupants
659,6.48094E+08,structural
660,4.10358E+00,occupants
660,1.63552E+08,structural
661,4.73342E+00,occupants
661,1.48866E+08,structural
662,3.55448E+00,occupants
662,1.50293E+08,structural
663,1.16213E+00,occupants
663,5.76918E+07,structural
664,1.39622E+00,occupants
664,6.72766E+07,structural
665,9.68334E-01,occupants
665,4.96875E+07,structural
666,2.26390E-01,occupants
666,1.64697E+07,structural
667,2.84925E-01,occupants
667,2.53673E+07,structural
668,1.78865E-01,occupants
668,1.69773E+07,structural
669,1.25652E+01,occupants
669,4.09979E+08,structural
670,1.40487E+01,occupants
670,3.57189E+08,structural
671,1.12688E+01,occupants
671,3.53993E+08,structural
672,4.03673E+01,occupants
672,1.05152E+09,structural
673,4.39024E+01,occupants
673,1.01908E+09,structural
674,3.72949E+01,occupants
674,1.09878E+09,structural
675,3.36731E-02,occupants
675,8.25534E+06,structural
676,4.43046E-02,occupants
676,5.93124E+06,structural
677,2.53807E-02,occupants
677,5.93477E+06,structural
678,2.78984E-03,occupants
678,3.60703E+06,structural
679,3.89465E-03,occupants
679,1.56119E+06,structural
680,2.05236E-03,occupants
680,7.52592E+05,structural
681,1.32455E-04,occupants
681,1.51660E+05,structural
682,1.94537E-04,occupants
682,4.48180E+05,structural
683,9.51563E-05,occupants
683,3.37039E+05,structural
684,3.05445E-01,occupants
684,2.36019E+07,structural
685,3.86292E-01,occupants
685,2.39543E+07,structural
686,2.43252E-01,occupants
686,2.54465E+07,structural
687,2.36593E+00,occupants
687,1.12263E+08,structural
688,2.83125E+00,occupants
688,9.33404E+07,structural
689,1.97157E+00,occupants
689,8.62623E+07,structural
690,1.33065E-01,occupants
690,3.68451E+07,structural
691,1.75619E-01,occupants
691,2.40022E+07,structural
692,9.92995E-02,occupants
692,2.11158E+07,structural
693,1.82343E-02,occupants
693,9.06924E+06,structural
694,2.52171E-02,occupants
694,7.95479E+06,structural
695,1.29911E-02,occupants
695,8.38784E+06,structural
696,1.48343E-03,occupants
696,1.86701E+06,structural
697,2.18973E-03,occupants
697,1.66353E+06,structural
698,9.94374E-04,occupants
698,8.97134E+05,structural
699,8.00704E-01,occupants
699,6.50357E+07,structural
700,1.01689E+00,occupants
700,7.50387E+07,structural
701,6.26642E-01,occupants
701,4.90108E+07,structural
702,4.92782E+00,occupants
702,2.20733E+08,structural
703,5.94219E+00,occupants
703,2.22498E+08,structural
704,4.05217E+00,occupants
704,1.81601E+08,structural
705,8.88452E-01,occupants
705,5.16252E+07,structural
706,1.09302E+00,occupants
706,5.00045E+07,structural
707,7.17895E-01,occupants
707,4.16057E+07,structural
708,6.24415E-02,occupants
708,1.13949E+07,structural
709,8.19203E-02,occupants
709,1.53178E+07,structural
710,4.63144E-02,occupants
710,8.13531E+06,structural
711,1.27238E-03,occupants
711,8.48366E+05,structural
712,1.91768E-03,occupants
712,1.97096E+06,structural
713,8.97668E-04,occupants
713,1.49618E+06,structural
714,6.31980E+00,occupants
714,1.33133E+08,structural
715,7.33153E+00,occupants
715,1.38592E+08,structural
716,5.44312E+00,occupants
716,1.54564E+08,structural
717,2.76484E+01,occupants
717,4.56276E+08,structural
718,3.04254E+01,occupants
718,4.56196E+08,structural
719,2.50807E+01,occupants
719,3.53064E+08,structural
720,5.76251E-01,occupants
720,1.59920E+07,structural
721,6.59784E-01,occupants
721,1.22891E+07,structural
722,4.99408E-01,occupants
722,1.67184E+07,structural
723,1.18529E-01,occupants
723,2.59024E+06,structural
724,1.43993E-01,occupants
724,1.75122E+06,structural
725,9.53018E-02,occupants
725,3.88002E+06,structural
726,9.07190E-03,occupants
726,2.82322E+06,structural
727,1.22175E-02,occupants
727,4.13006E+05,structural
728,6.76389E-03,occupants
728,6.73055E+05,structural
729,1.66449E+00,occupants
729,3.64981E+07,structural
730,1.84049E+00,occupants
730,3.94979E+07,structural
731,1.50381E+00,occupants
731,2.20889E+07,structural
732,5.22826E+00,occupants
732,1.39614E+08,structural
733,5.94333E+00,occupants
733,1.44949E+08,structural
734,4.60167E+00,occupants
734,1.10961E+08,structural
735,2.23403E+00,occupants
735,6.57924E+07,structural
736,2.55993E+00,occupants
736,7.02427E+07,structural
737,1.94446E+00,occupants
737,4.85848E+07,structural
738,7.21375E-01,occupants
738,1.93498E+07,structural
739,8.56288E-01,occupants
739,3.18509E+07,structural
740,6.03314E-01,occupants
740,2.16029E+07,structural
741,1.47228E-01,occupants
741,5.96462E+06,structural
742,1.82526E-01,occupants
742,1.00732E+07,structural
743,1.16455E-01,occupants
743,7.53868E+06,structural
744,5.79173E+00,occupants
744,1.52240E+08,structural
745,6.49969E+00,occupants
745,1.89337E+08,structural
746,5.15785E+00,occupants
746,1.70646E+08,structural
747,1.74167E+01,occupants
747,4.77636E+08,structural
748,1.94689E+01,occupants
748,4.88918E+08,structural
749,1.55797E+01,occupants
749,4.47633E+08,structural
750,6.17490E-01,occupants
750,5.26410E+07,structural
751,8.03491E-01,occupants
751,6.41743E+07,structural
752,4.76331E-01,occupants
752,3.23304E+07,structural
753,9.13221E-02,occupants
753,1.15249E+07,structural
754,1.23738E-01,occupants
754,1.79772E+07,structural
755,6.72054E-02,occupants
755,1.28186E+07,structural
756,8.03897E-03,occupants
756,4.15938E+06,structural
757,1.17666E-02,occupants
757,1.20028E+07,structural
758,5.65382E-03,occupants
758,6.07699E+06,structural
759,3.49196E+00,occupants
759,1.75798E+08,structural
760,4.32082E+00,occupants
760,1.56268E+08,structural
761,2.80572E+00,occupants
761,1.20955E+08,structural
762,1.87364E+01,occupants
762,4.99318E+08,structural
763,2.19762E+01,occupants
763,5.22128E+08,structural
764,1.59180E+01,occupants
764,4.70308E+08,structural
765,2.74673E+01,occupants
765,3.07184E+08,structural
766,2.95882E+01,occupants
766,2.49899E+08,structural
767,2.54446E+01,occupants
767,2.07834E+08,structural
768,1.20735E+01,occupants
768,1.12610E+08,structural
769,1.35658E+01,occupants
769,1.45938E+08,structural
770,1.06838E+01,occupants
770,1.28362E+08,structural
771,2.62062E+00,occupants
771,6.94466E+07,structural
772,3.17728E+00,occupants
772,8.50408E+07,structural
773,2.16187E+00,occupants
773,4.60788E+07,structural
774,4.78779E+01,occupants
774,5.15668E+08,structural
775,5.11363E+01,occupants
775,5.72137E+08,structural
776,4.48674E+01,occupants
776,4.90830E+08,structural
777,8.97634E+01,occupants
777,1.20594E+09,structural
778,9.64714E+01,occupants
778,9.74717E+08,structural
779,8.35374E+01,occupants
779,1.01651E+09,structural
780,4.30688E+00,occupants
780,1.06606E+08,structural
781,5.11999E+00,occupants
781,1.67945E+08,structural
782,3.62118E+00,occupants
782,1.01687E+08,structural
783,1.02592E+00,occupants
783,4.96243E+07,structural
784,1.25072E+00,occupants
784,4.90257E+07,structural
785,8.28243E-01,occupants
785,5.63693E+07,structural
786,1.60035E-01,occupants
786,2.09513E+07,structural
787,2.05040E-01,occupants
787,2.59316E+07,structural
788,1.23831E-01,occupants
788,1.72386E+07,structural
789,1.52836E+01,occupants
789,2.90030E+08,structural
790,1.75671E+01,occupants
790,3.52556E+08,structural
791,1.32685E+01,occupants
791,2.51281E+08,structural
792,4.76000E+01,occupants
792,7.11335E+08,structural
793,5.23958E+01,occupants
793,8.37540E+08,structural
794,4.30892E+01,occupants
794,6.98661E+08,structural
795,5.89245E-01,occupants
795,4.57159E+07,structural
796,7.37231E-01,occupants
796,4.42038E+07,structural
797,4.77764E-01,occupants
797,2.78581E+07,structural
798,5.31999E-02,occupants
798,6.43494E+06,structural
799,7.06373E-02,occupants
799,1.42604E+07,structural
800,4.02602E-02,occupants
800,8.45178E+06,structural
801,2.17106E-03,occupants
801,3.22892E+06,structural
802,3.04486E-03,occupants
802,4.42471E+06,structural
803,1.51535E-03,occupants
803,1.84049E+06,structural
804,3.94787E+00,occupants
804,1.00821E+08,structural
805,4.63209E+00,occupants
805,1.45864E+08,structural
806,3.35741E+00,occupants
806,1.17385E+08,structural
807,1.99504E+01,occupants
807,3.97519E+08,structural
808,2.23059E+01,occupants
808,4.31575E+08,structural
809,1.77852E+01,occupants
809,3.96715E+08,structural
810,4.20677E+00,occupants
810,1.42204E+08,structural
811,4.79996E+00,occupants
811,1.94265E+08,structural
812,3.69831E+00,occupants
812,1.33329E+08,structural
813,9.83746E-01,occupants
813,5.07098E+07,structural
814,1.16221E+00,occupants
814,6.72042E+07,structural
815,8.36635E-01,occupants
815,4.38520E+07,structural
816,1.50128E-01,occupants
816,1.80977E+07,structural
817,1.86281E-01,occupants
817,2.60451E+07,structural
818,1.21457E-01,occupants
818,2.19850E+07,structural
819,1.46894E+01,occupants
819,3.24631E+08,structural
820,1.63669E+01,occupants
820,4.09630E+08,structural
821,1.32066E+01,occupants
821,3.08611E+08,structural
822,4.72792E+01,occupants
822,8.89267E+08,structural
823,5.13591E+01,occupants
823,1.01050E+09,structural
824,4.35586E+01,occupants
824,7.61553E+08,structural
825,3.72432E-01,occupants
825,2.26976E+07,structural
826,4.82418E-01,occupants
826,3.67575E+07,structural
827,2.84718E-01,occupants
827,1.91564E+07,structural
828,2.47520E-02,occupants
828,6.71445E+06,structural
829,3.41580E-02,occupants
829,4.89035E+06,structural
830,1.80140E-02,occupants
830,4.79001E+06,structural
831,1.44655E-03,occupants
831,3.63142E+05,structural
832,1.98261E-03,occupants
832,1.51442E+06,structural
833,1.02335E-03,occupants
833,4.47987E+05,structural
834,3.37999E+00,occupants
834,9.32397E+07,structural
835,4.08431E+00,occupants
835,7.37677E+07,structural
836,2.77013E+00,occupants
836,9.01172E+07,structural
837,1.94467E+01,occupants
837,3.82194E+08,structural
838,2.19693E+01,occupants
838,3.97207E+08,structural
839,1.71139E+01,occupants
839,2.87995E+08,structural
840,7.46778E+00,occupants
840,1.52333E+08,structural
841,8.81006E+00,occupants
841,1.33830E+08,structural
842,6.28120E+00,occupants
842,1.22455E+08,structural
843,2.32766E+00,occupants
843,2.46341E+07,structural
844,2.86844E+00,occupants
844,6.05116E+07,structural
845,1.86255E+00,occupants
845,3.18985E+07,structural
846,4.77712E-01,occupants
846,8.40086E+06,structural
847,6.26014E-01,occupants
847,1.50119E+07,structural
848,3.63435E-01,occupants
848,2.05365E+07,structural
849,2.06614E+01,occupants
849,3.60472E+08,structural
850,2.34640E+01,occupants
850,3.61725E+08,structural
851,1.81103E+01,occupants
851,2.99784E+08,structural
852,5.76565E+01,occupants
852,7.08686E+08,structural
853,6.29936E+01,occupants
853,7.28547E+08,structural
854,5.26389E+01,occupants
854,7.26951E+08,structural
855,5.80701E-01,occupants
855,4.06367E+07,structural
856,7.26173E-01,occupants
856,3.76738E+07,structural
857,4.65587E-01,occupants
857,2.65338E+07,structural
858,1.10588E-01,occupants
858,9.08236E+06,structural
859,1.43180E-01,occupants
859,1.67668E+07,structural
860,8.49241E-02,occupants
860,1.43170E+07,structural
861,1.36967E-02,occupants
861,4.82178E+06,structural
862,1.88367E-02,occupants
862,3.79418E+06,structural
863,1.01331E-02,occupants
863,1.46171E+06,structural
864,2.66702E+00,occupants
864,1.07281E+08,structural
865,3.21838E+00,occupants
865,1.16073E+08,structural
866,2.21023E+00,occupants
866,1.07073E+08,structural
867,1.22033E+01,occupants
867,2.95004E+08,structural
868,1.41501E+01,occupants
868,3.03779E+08,structural
869,1.05425E+01,occupants
869,2.43324E+08,structural
870,7.94959E+00,occupants
870,2.19852E+08,structural
871,9.43057E+00,occupants
871,1.45774E+08,structural
872,6.66662E+00,occupants
872,1.08054E+08,structural
873,2.30144E+00,occupants
873,6.74650E+07,structural
874,2.85478E+00,occupants
874,6.51327E+07,structural
875,1.83865E+00,occupants
875,5.37288E+07,structural
876,4.43930E-01,occupants
876,1.30275E+07,structural
877,5.90212E-01,occupants
877,2.69924E+07,structural
878,3.37550E-01,occupants
878,1.62142E+07,structural
879,2.32821E+01,occupants
879,4.67550E+08,structural
880,2.65247E+01,occupants
880,5.31165E+08,structural
881,2.03297E+01,occupants
881,3.48896E+08,structural
882,6.71045E+01,occupants
882,9.54768E+08,structural
883,7.38580E+01,occupants
883,9.88889E+08,structural
884,6.07731E+01,occupants
884,9.65040E+08,structural
885,2.25558E+00,occupants
885,4.75694E+07,structural
886,2.68506E+00,occupants
886,1.05006E+08,structural
887,1.88153E+00,occupants
887,6.63588E+07,structural
888,6.06618E-01,occupants
888,1.62264E+07,structural
889,7.47711E-01,occupants
889,2.92638E+07,structural
890,4.83689E-01,occupants
890,1.65077E+07,structural
891,1.06341E-01,occupants
891,5.55153E+06,structural
892,1.38125E-01,occupants
892,9.82414E+06,structural
893,8.14185E-02,occupants
893,6.50131E+06,structural
894,7.05242E+00,occupants
894,1.81602E+08,structural
895,8.13672E+00,occupants
895,2.31958E+08,structural
896,6.09253E+00,occupants
896,1.78404E+08,structural
897,2.17845E+01,occupants
897,4.20049E+08,structural
898,2.43818E+01,occupants
898,4.27228E+08,structural
899,1.94256E+01,occupants
899,4.60016E+08,structural
900,3.38462E+00,occupants
900,7.38197E+07,structural
901,4.14401E+00,occupants
901,9.23175E+07,structural
902,2.76401E+00,occupants
902,6.07606E+07,structural
903,7.67572E-01,occupants
903,4.13051E+07,structural
904,9.80358E-01,occupants
904,3.50201E+07,structural
905,6.00083E-01,occupants
905,1.73971E+07,structural
906,1.10349E-01,occupants
906,7.70413E+06,structural
907,1.49539E-01,occupants
907,2.93111E+07,structural
908,8.25160E-02,occupants
908,7.37867E+06,structural
909,1.15180E+01,occupants
909,2.30752E+08,structural
910,1.34913E+01,occupants
910,1.90631E+08,structural
911,9.80466E+00,occupants
911,1.60342E+08,structural
912,3.40556E+01,occupants
912,5.46324E+08,structural
913,3.81950E+01,occupants
913,5.47372E+08,structural
914,3.02413E+01,occupants
914,4.62199E+08,structural
915,5.27281E+00,occupants
915,1.23881E+08,structural
916,5.94139E+00,occupants
916,1.37028E+08,structural
917,4.66002E+00,occupants
917,9.40903E+07,structural
918,1.43244E+00,occupants
918,4.63522E+07,structural
919,1.66517E+00,occupants
919,4.73871E+07,structural
920,1.22804E+00,occupants
920,4.96434E+07,structural
921,3.08782E-01,occupants
921,1.67915E+07,structural
922,3.72289E-01,occupants
922,1.66863E+07,structural
923,2.56677E-01,occupants
923,8.12899E+06,structural
924,1.58279E+01,occupants
924,2.88392E+08,structural
925,1.72918E+01,occupants
925,2.87364E+08,structural
926,1.44776E+01,occupants
926,2.23204E+08,structural
927,4.21295E+01,occupants
927,6.55908E+08,structural
928,4.48947E+01,occupants
928,6.17147E+08,structural
929,3.96361E+01,occupants
929,6.66048E+08,structural
930,2.54460E+00,occupants
930,1.20314E+08,structural
931,3.05918E+00,occupants
931,1.53654E+08,structural
932,2.11202E+00,occupants
932,1.07160E+08,structural
933,3.27920E-01,occupants
933,2.28104E+07,structural
934,4.12606E-01,occupants
934,3.73491E+07,structural
935,2.57150E-01,occupants
935,2.71790E+07,structural
936,1.98199E-02,occupants
936,8.31016E+06,structural
937,2.70534E-02,occupants
937,6.26866E+06,structural
938,1.47199E-02,occupants
938,7.18560E+06,structural
939,1.36388E+01,occupants
939,3.09351E+08,structural
940,1.56653E+01,occupants
940,3.31647E+08,structural
941,1.18299E+01,occupants
941,2.54098E+08,structural
942,5.82813E+01,occupants
942,1.07079E+09,structural
943,6.38696E+01,occupants
943,9.94176E+08,structural
944,5.30823E+01,occupants
944,1.00425E+09,structural
945,1.50580E+00,occupants
945,4.79584E+07,structural
946,1.78264E+00,occupants
946,6.02219E+07,structural
947,1.26138E+00,occupants
947,5.07895E+07,structural
948,4.43604E-01,occupants
948,1.26517E+07,structural
949,5.45208E-01,occupants
949,1.99960E+07,structural
950,3.59380E-01,occupants
950,1.26762E+07,structural
951,9.02490E-02,occupants
951,6.42140E+06,structural
952,1.14932E-01,occupants
952,4.23172E+06,structural
953,6.93553E-02,occupants
953,4.34914E+06,structural
954,4.44744E+00,occupants
954,1.52459E+08,structural
955,5.11583E+00,occupants
955,1.70808E+08,structural
956,3.85178E+00,occupants
956,1.47318E+08,structural
957,1.38451E+01,occupants
957,3.77314E+08,structural
958,1.54756E+01,occupants
958,3.47512E+08,structural
959,1.23788E+01,occupants
959,3.47333E+08,structural
960,2.75235E-01,occupants
960,2.39379E+07,structural
961,3.45538E-01,occupants
961,3.12748E+07,structural
962,2.13832E-01,occupants
962,1.77853E+07,structural
963,3.71667E-02,occupants
963,1.71383E+07,structural
964,4.93573E-02,occupants
964,7.01947E+06,structural
965,2.83961E-02,occupants
965,7.18130E+06,structural
966,2.84350E-03,occupants
966,4.12239E+06,structural
967,4.02988E-03,occupants
967,3.04254E+06,structural
968,2.09919E-03,occupants
968,8.49158E+06,structural
969,1.51620E+00,occupants
969,1.04528E+08,structural
970,1.85874E+00,occupants
970,7.76923E+07,structural
971,1.25344E+00,occupants
971,1.00624E+08,structural
972,7.49245E+00,occupants
972,2.52390E+08,structural
973,8.73186E+00,occupants
973,3.74428E+08,structural
974,6.43299E+00,occupants
974,2.73995E+08,structural
975,5.85218E-01,occupants
975,3.89621E+07,structural
976,7.46968E-01,occupants
976,5.58439E+07,structural
977,4.60037E-01,occupants
977,5.77335E+07,structural
978,5.33837E-02,occupants
978,1.17497E+07,structural
979,7.11525E-02,occupants
979,1.15233E+07,structural
980,3.94752E-02,occupants
980,1.11335E+07,structural
981,3.09135E-03,occupants
981,7.56723E+06,structural
982,4.30241E-03,occupants
982,6.50980E+06,structural
983,2.19363E-03,occupants
983,1.93675E+06,structural
984,4.31890E+00,occupants
984,1.29422E+08,structural
985,5.18414E+00,occupants
985,1.80525E+08,structural
986,3.59641E+00,occupants
986,1.54099E+08,structural
987,2.22418E+01,occupants
987,5.16741E+08,structural
988,2.50545E+01,occupants
988,5.19320E+08,structural
989,1.96663E+01,occupants
989,5.11036E+08,structural
990,2.02135E+00,occupants
990,1.26111E+08,structural
991,2.43157E+00,occupants
991,1.08352E+08,structural
992,1.65559E+00,occupants
992,7.30122E+07,structural
993,3.64459E-01,occupants
993,4.48976E+07,structural
994,4.59914E-01,occupants
994,6.21573E+07,structural
995,2.91371E-01,occupants
995,4.62070E+07,structural
996,4.03941E-02,occupants
996,2.53856E+07,structural
997,5.40111E-02,occupants
997,1.37110E+07,structural
998,3.12009E-02,occupants
998,8.84703E+06,structural
999,8.80886E+00,occupants
999,2.47753E+08,structural
1000,1.02865E+01,occupants
1000,3.75279E+08,structural
1001,7.55552E+00,occupants
1001,2.56494E+08,structural
1002,3.36430E+01,occupants
1002,6.13471E+08,structural
1003,3.76231E+01,occupants
1003,8.09236E+08,structural
1004,3.00296E+01,occupants
1004,7.14757E+08,structural
1005,1.01960E+00,occupants
1005,7.26702E+07,structural
1006,1.28299E+00,occupants
1006,7.72848E+07,structural
1007,8.03704E-01,occupants
1007,7.33878E+07,structural
1008,1.77308E-01,occupants
1008,2.75101E+07,structural
1009,2.36559E-01,occupants
1009,2.93401E+07,structural
1010,1.35306E-01,occupants
1010,2.52567E+07,structural
1011,1.83305E-02,occupants
1011,4.90024E+06,structural
1012,2.58393E-02,occupants
1012,6.14975E+06,structural
1013,1.30978E-02,occupants
1013,5.41740E+06,structural
1014,4.49423E+00,occupants
1014,2.62698E+08,structural
1015,5.41167E+00,occupants
1015,1.91536E+08,structural
1016,3.71927E+00,occupants
1016,1.84429E+08,structural
1017,1.83252E+01,occupants
1017,5.37756E+08,structural
1018,2.10842E+01,occupants
1018,5.52972E+08,structural
1019,1.59318E+01,occupants
1019,5.01672E+08,structural
1020,2.46324E+00,occupants
1020,9.41542E+07,structural
1021,2.97862E+00,occupants
1021,1.03674E+08,structural
1022,2.03030E+00,occupants
1022,1.11443E+08,structural
1023,4.11927E-01,occupants
1023,3.67604E+07,structural
1024,5.23541E-01,occupants
1024,3.50540E+07,structural
1025,3.22442E-01,occupants
1025,2.89315E+07,structural
1026,3.84838E-02,occupants
1026,1.10891E+07,structural
1027,5.23299E-02,occupants
1027,1.50415E+07,structural
1028,2.82913E-02,occupants
1028,7.20513E+06,structural
1029,1.06250E+01,occupants
1029,3.19854E+08,structural
1030,1.22924E+01,occupants
1030,2.91158E+08,structural
1031,9.15871E+00,occupants
1031,2.63681E+08,structural
1032,4.05480E+01,occupants
1032,8.35225E+08,structural
1033,4.50383E+01,occupants
1033,8.25638E+08,structural
1034,3.65318E+01,occupants
1034,8.44798E+08,structural
1035,3.72929E-01,occupants
1035,3.07302E+07,structural
1036,4.59230E-01,occupants
1036,3.27076E+07,structural
1037,2.97980E-01,occupants
1037,3.33178E+07,structural
1038,3.36443E-02,occupants
1038,5.62579E+06,structural
1039,4.40093E-02,occupants
1039,8.89134E+06,structural
1040,2.52398E-02,occupants
1040,7.75880E+06,structural
1041,1.23393E-03,occupants
1041,1.33466E+06,structural
1042,1.75827E-03,occupants
1042,1.71711E+06,structural
1043,8.56451E-04,occupants
1043,3.56781E+05,structural
1044,2.52430E+00,occupants
1044,9.52665E+07,structural
1045,2.99970E+00,occupants
1045,1.04821E+08,structural
1046,2.10782E+00,occupants
1046,9.55085E+07,structural
1047,1.40724E+01,occupants
1047,4.18089E+08,structural
1048,1.62062E+01,occupants
1048,3.98168E+08,structural
1049,1.22280E+01,occupants
1049,3.63813E+08,structural
1050,1.20622E-02,occupants
1050,1.13448E+06,structural
1051,1.62212E-02,occupants
1051,2.44311E+06,structural
1052,9.11326E-03,occupants
1052,6.46139E+05,structural
1053,6.30421E-04,occupants
1053,9.98499E+04,structural
1054,9.26649E-04,occupants
1054,1.15648E+05,structural
1055,4.54770E-04,occupants
1055,1.22789E+05,structural
1056,1.78769E-05,occupants
1056,5.37365E+03,structural
1057,2.54876E-05,occupants
1057,5.47602E+03,structural
1058,1.21590E-05,occupants
1058,1.71943E+04,structural
1059,1.23675E-01,occupants
1059,6.50364E+06,structural
1060,1.53660E-01,occupants
1060,1.13789E+07,structural
1061,9.93859E-02,occupants
1061,9.62812E+06,structural
1062,8.33844E-01,occupants
1062,4.27839E+07,structural
1063,9.75307E-01,occupants
1063,3.46148E+07,structural
1064,7.08445E-01,occupants
1064,3.71501E+07,structural
1065,7.04516E-01,occupants
1065,4.09184E+07,structural
1066,8.49116E-01,occupants
1066,5.48718E+07,structural
1067,5.86375E-01,occupants
1067,3.11758E+07,structural
1068,1.40637E-01,occupants
1068,1.50067E+07,structural
1069,1.75652E-01,occupants
1069,1.35184E+07,structural
1070,1.13380E-01,occupants
1070,1.02682E+07,structural
1071,1.78195E-02,occupants
1071,3.74867E+06,structural
1072,2.30130E-02,occupants
1072,2.83883E+06,structural
1073,1.37400E-02,occupants
1073,5.74011E+06,structural
1074,2.85239E+00,occupants
1074,1.06032E+08,structural
1075,3.34063E+00,occupants
1075,9.27837E+07,structural
1076,2.44264E+00,occupants
1076,9.54199E+07,structural
1077,1.10573E+01,occupants
1077,3.12766E+08,structural
1078,1.25767E+01,occupants
1078,2.95552E+08,structural
1079,9.73813E+00,occupants
1079,2.95315E+08,structural
1080,4.26936E+00,occupants
1080,6.72351E+07,structural
1081,5.02806E+00,occupants
1081,1.04026E+08,structural
1082,3.62058E+00,occupants
1082,7.61144E+07,structural
1083,1.12272E+00,occupants
1083,4.66756E+07,structural
1084,1.35115E+00,occupants
1084,4.19860E+07,structural
1085,9.20269E-01,occupants
1085,4.84534E+07,structural
1086,1.87515E-01,occupants
1086,1.51044E+07,structural
1087,2.35612E-01,occupants
1087,5.48006E+07,structural
1088,1.51546E-01,occupants
1088,5.31405E+06,structural
1089,1.29342E+01,occupants
1089,1.93463E+08,structural
1090,1.48197E+01,occupants
1090,2.43713E+08,structural
1091,1.12948E+01,occupants
1091,2.13942E+08,structural
1092,3.56257E+01,occupants
1092,5.51054E+08,structural
1093,3.94931E+01,occupants
1093,5.14376E+08,structural
1094,3.20872E+01,occupants
1094,4.99046E+08,structural
1095,5.62136E-01,occupants
1095,3.44480E+07,structural
1096,6.99735E-01,occupants
1096,3.20809E+07,structural
1097,4.45624E-01,occupants
1097,2.31853E+07,structural
1098,1.00508E-01,occupants
1098,1.15027E+07,structural
1099,1.30731E-01,occupants
1099,1.06784E+07,structural
1100,7.55793E-02,occupants
1100,1.11926E+07,structural
1101,1.10394E-02,occupants
1101,4.91500E+06,structural
1102,1.49570E-02,occupants
1102,2.42253E+06,structural
1103,7.96295E-03,occupants
1103,3.52139E+06,structural
1104,2.59532E+00,occupants
1104,7.92436E+07,structural
1105,3.11659E+00,occupants
1105,1.03925E+08,structural
1106,2.15384E+00,occupants
1106,7.37243E+07,structural
1107,1.18458E+01,occupants
1107,2.59449E+08,structural
1108,1.36241E+01,occupants
1108,2.85862E+08,structural
1109,1.02492E+01,occupants
1109,3.12714E+08,structural
1110,9.07741E+00,occupants
1110,1.96474E+08,structural
1111,1.02682E+01,occupants
1111,1.85989E+08,structural
1112,7.99883E+00,occupants
1112,1.74174E+08,structural
1113,1.56811E+00,occupants
1113,4.52749E+07,structural
1114,1.84295E+00,occupants
1114,5.71408E+07,structural
1115,1.32291E+00,occupants
1115,4.60682E+07,structural
1116,1.08656E-01,occupants
1116,9.89710E+06,structural
1117,1.38211E-01,occupants
1117,1.08115E+07,structural
1118,8.73286E-02,occupants
1118,1.34142E+07,structural
1119,3.30267E+01,occupants
1119,4.81753E+08,structural
1120,3.63275E+01,occupants
1120,5.28559E+08,structural
1121,2.99459E+01,occupants
1121,4.41942E+08,structural
1122,9.69233E+01,occupants
1122,1.20531E+09,structural
1123,1.03969E+02,occupants
1123,1.42524E+09,structural
1124,9.03469E+01,occupants
1124,1.31509E+09,structural
1125,3.68647E-01,occupants
1125,5.85082E+07,structural
1126,4.55952E-01,occupants
1126,6.23138E+07,structural
1127,2.98811E-01,occupants
1127,4.94410E+07,structural
1128,5.61480E-02,occupants
1128,2.67773E+07,structural
1129,7.26592E-02,occupants
1129,1.53440E+07,structural
1130,4.35289E-02,occupants
1130,1.13073E+07,structural
1131,5.01681E-03,occupants
1131,2.59407E+06,structural
1132,6.91537E-03,occupants
1132,3.77807E+06,structural
1133,3.49526E-03,occupants
1133,4.49630E+06,structural
1134,1.93085E+00,occupants
1134,1.47895E+08,structural
1135,2.29828E+00,occupants
1135,1.59320E+08,structural
1136,1.62485E+00,occupants
1136,1.46368E+08,structural
1137,9.99836E+00,occupants
1137,5.02024E+08,structural
1138,1.14852E+01,occupants
1138,4.31619E+08,structural
1139,8.72589E+00,occupants
1139,4.21441E+08,structural
1140,1.01459E+00,occupants
1140,4.92095E+07,structural
1141,1.28563E+00,occupants
1141,9.60852E+07,structural
1142,7.93257E-01,occupants
1142,5.60524E+07,structural
1143,1.16087E-01,occupants
1143,1.75641E+07,structural
1144,1.53238E-01,occupants
1144,1.44134E+07,structural
1145,8.60586E-02,occupants
1145,9.31992E+06,structural
1146,8.30690E-03,occupants
1146,6.30476E+06,structural
1147,1.13687E-02,occupants
1147,6.95013E+06,structural
1148,5.93915E-03,occupants
1148,5.77280E+06,structural
1149,6.20218E+00,occupants
1149,1.89731E+08,structural
1150,7.40531E+00,occupants
1150,2.48947E+08,structural
1151,5.13272E+00,occupants
1151,1.62638E+08,structural
1152,2.79265E+01,occupants
1152,5.62523E+08,structural
1153,3.15051E+01,occupants
1153,5.70635E+08,structural
1154,2.46380E+01,occupants
1154,5.51316E+08,structural
1155,1.17032E+00,occupants
1155,6.07410E+07,structural
1156,1.42007E+00,occupants
1156,6.35993E+07,structural
1157,9.62927E-01,occupants
1157,3.16841E+07,structural
1158,1.18519E-01,occupants
1158,8.87527E+06,structural
1159,1.53990E-01,occupants
1159,1.10058E+07,structural
1160,9.29582E-02,occupants
1160,8.99656E+06,structural
1161,4.32130E-03,occupants
1161,1.49198E+06,structural
1162,5.98514E-03,occupants
1162,1.84736E+06,structural
1163,3.04869E-03,occupants
1163,9.18482E+05,structural
1164,7.25681E+00,occupants
1164,1.93196E+08,structural
1165,8.42113E+00,occupants
1165,1.81203E+08,structural
1166,6.24080E+00,occupants
1166,1.55899E+08,structural
1167,3.59047E+01,occupants
1167,5.49316E+08,structural
1168,3.98228E+01,occupants
1168,5.99021E+08,structural
1169,3.23093E+01,occupants
1169,5.07347E+08,structural
1170,2.80076E+00,occupants
1170,9.88830E+07,structural
1171,3.34514E+00,occupants
1171,1.20076E+08,structural
1172,2.35389E+00,occupants
1172,1.05861E+08,structural
1173,4.39333E-01,occupants
1173,3.71237E+07,structural
1174,5.45256E-01,occupants
1174,2.97451E+07,structural
1175,3.56853E-01,occupants
1175,2.48786E+07,structural
1176,4.54322E-02,occupants
1176,8.13167E+06,structural
1177,5.83128E-02,occupants
1177,8.68749E+06,structural
1178,3.51280E-02,occupants
1178,5.65688E+06,structural
1179,1.37514E+01,occupants
1179,2.70527E+08,structural
1180,1.58494E+01,occupants
1180,3.13512E+08,structural
1181,1.19324E+01,occupants
1181,3.04422E+08,structural
1182,5.74922E+01,occupants
1182,8.75086E+08,structural
1183,6.34189E+01,occupants
1183,1.05283E+09,structural
1184,5.19830E+01,occupants
1184,8.06474E+08,structural
1185,9.92180E-02,occupants
1185,1.95575E+07,structural
1186,1.31622E-01,occupants
1186,1.73229E+07,structural
1187,7.36295E-02,occupants
1187,2.01645E+07,structural
1188,1.19378E-02,occupants
1188,2.90188E+06,structural
1189,1.68878E-02,occupants
1189,4.35482E+06,structural
1190,8.45450E-03,occupants
1190,3.46812E+06,structural
1191,8.84727E-04,occupants
1191,1.78729E+06,structural
1192,1.28229E-03,occupants
1192,2.03098E+06,structural
1193,5.62482E-04,occupants
1193,1.03837E+06,structural
1194,6.79652E-01,occupants
1194,7.20746E+07,structural
1195,8.59240E-01,occupants
1195,7.78032E+07,structural
1196,5.32011E-01,occupants
1196,5.71933E+07,structural
1197,4.87333E+00,occupants
1197,2.45140E+08,structural
1198,5.85921E+00,occupants
1198,2.38164E+08,structural
1199,4.05723E+00,occupants
1199,1.89597E+08,structural
1200,4.20309E+00,occupants
1200,1.28441E+08,structural
1201,4.98495E+00,occupants
1201,1.22710E+08,structural
1202,3.56317E+00,occupants
1202,1.04559E+08,structural
1203,1.00702E+00,occupants
1203,5.38718E+07,structural
1204,1.22732E+00,occupants
1204,8.72256E+07,structural
1205,8.07945E-01,occupants
1205,3.80847E+07,structural
1206,1.50893E-01,occupants
1206,2.58223E+07,structural
1207,1.89593E-01,occupants
1207,1.09885E+07,structural
1208,1.14400E-01,occupants
1208,2.19836E+07,structural
1209,1.34250E+01,occupants
1209,3.72598E+08,structural
1210,1.52689E+01,occupants
1210,2.99036E+08,structural
1211,1.17513E+01,occupants
1211,3.10617E+08,structural
1212,3.70925E+01,occupants
1212,7.66674E+08,structural
1213,4.10746E+01,occupants
1213,8.85472E+08,structural
1214,3.35238E+01,occupants
1214,7.38767E+08,structural
1215,5.63284E+00,occupants
1215,1.22012E+08,structural
1216,6.69168E+00,occupants
1216,1.43222E+08,structural
1217,4.69647E+00,occupants
1217,1.61660E+08,structural
1218,1.02794E+00,occupants
1218,3.70725E+07,structural
1219,1.27863E+00,occupants
1219,4.82760E+07,structural
1220,8.11706E-01,occupants
1220,4.18770E+07,structural
1221,1.18209E-01,occupants
1221,1.12761E+07,structural
1222,1.54649E-01,occupants
1222,1.89321E+07,structural
1223,9.09249E-02,occupants
1223,1.77722E+07,structural
1224,2.06810E+01,occupants
1224,4.13581E+08,structural
1225,2.33309E+01,occupants
1225,4.11328E+08,structural
1226,1.82891E+01,occupants
1226,3.92760E+08,structural
1227,5.85969E+01,occupants
1227,9.29326E+08,structural
1228,6.33465E+01,occupants
1228,9.65378E+08,structural
1229,5.43421E+01,occupants
1229,1.06727E+09,structural
1230,3.30768E+00,occupants
1230,1.30277E+08,structural
1231,3.97331E+00,occupants
1231,1.81830E+08,structural
1232,2.73435E+00,occupants
1232,1.22452E+08,structural
1233,6.67462E-01,occupants
1233,7.12535E+07,structural
1234,8.30252E-01,occupants
1234,5.87206E+07,structural
1235,5.31089E-01,occupants
1235,3.45007E+07,structural
1236,8.95493E-02,occupants
1236,1.61398E+07,structural
1237,1.16351E-01,occupants
1237,1.72703E+07,structural
1238,6.86036E-02,occupants
1238,1.11820E+07,structural
1239,1.35097E+01,occupants
1239,3.23826E+08,structural
1240,1.56804E+01,occupants
1240,3.63978E+08,structural
1241,1.16041E+01,occupants
1241,2.84723E+08,structural
1242,4.90887E+01,occupants
1242,7.51360E+08,structural
1243,5.45994E+01,occupants
1243,7.00408E+08,structural
1244,4.41017E+01,occupants
1244,7.42381E+08,structural
1245,1.43018E+00,occupants
1245,1.15478E+08,structural
1246,1.81919E+00,occupants
1246,7.36416E+07,structural
1247,1.12426E+00,occupants
1247,6.85524E+07,structural
1248,2.12725E-01,occupants
1248,2.00321E+07,structural
1249,2.86300E-01,occupants
1249,3.70121E+07,structural
1250,1.59613E-01,occupants
1250,1.62609E+07,structural
1251,1.87769E-02,occupants
1251,5.08468E+06,structural
1252,2.70927E-02,occupants
1252,1.40838E+07,structural
1253,1.29037E-02,occupants
1253,4.49352E+06,structural
1254,7.52508E+00,occupants
1254,2.13037E+08,structural
1255,9.05441E+00,occupants
1255,1.94323E+08,structural
1256,6.19769E+00,occupants
1256,1.89630E+08,structural
1257,3.34311E+01,occupants
1257,6.28074E+08,structural
1258,3.80346E+01,occupants
1258,6.55583E+08,structural
1259,2.92944E+01,occupants
1259,6.02100E+08,structural
1260,3.94021E-01,occupants
1260,4.73566E+07,structural
1261,4.90634E-01,occupants
1261,5.25177E+07,structural
1262,3.17785E-01,occupants
1262,3.01389E+07,structural
1263,3.64333E-02,occupants
1263,1.28404E+07,structural
1264,4.84141E-02,occupants
1264,1.11070E+07,structural
1265,2.80070E-02,occupants
1265,1.04216E+07,structural
1266,1.46723E-03,occupants
1266,1.66357E+06,structural
1267,2.01011E-03,occupants
1267,2.38968E+06,structural
1268,9.72986E-04,occupants
1268,1.28733E+06,structural
1269,2.57117E+00,occupants
1269,1.07800E+08,structural
1270,3.03663E+00,occupants
1270,1.22122E+08,structural
1271,2.17362E+00,occupants
1271,1.15483E+08,structural
1272,1.31733E+01,occupants
1272,3.94081E+08,structural
1273,1.49620E+01,occupants
1273,4.20214E+08,structural
1274,1.15610E+01,occupants
1274,3.71511E+08,structural
1275,5.12888E+00,occupants
1275,5.64950E+07,structural
1276,6.16033E+00,occupants
1276,1.19493E+08,structural
1277,4.22493E+00,occupants
1277,8.03675E+07,structural
1278,1.40471E+00,occupants
1278,3.96887E+07,structural
1279,1.77463E+00,occupants
1279,6.26273E+07,structural
1280,1.09433E+00,occupants
1280,1.52709E+07,structural
1281,2.46184E-01,occupants
1281,9.56364E+06,structural
1282,3.26028E-01,occupants
1282,6.22010E+06,structural
1283,1.81736E-01,occupants
1283,2.58256E+07,structural
1284,1.49140E+01,occupants
1284,2.89355E+08,structural
1285,1.71695E+01,occupants
1285,2.93238E+08,structural
1286,1.28846E+01,occupants
1286,2.55651E+08,structural
1287,3.94782E+01,occupants
1287,7.33859E+08,structural
1288,4.35768E+01,occupants
1288,5.74089E+08,structural
1289,3.56883E+01,occupants
1289,7.01092E+08,structural
1290,1.50100E+00,occupants
1290,6.70643E+07,structural
1291,1.77133E+00,occupants
1291,2.13563E+08,structural
1292,1.26465E+00,occupants
1292,1.25135E+08,structural
1293,4.26572E-01,occupants
1293,3.35232E+07,structural
1294,5.22344E-01,occupants
1294,5.27028E+07,structural
1295,3.43690E-01,occupants
1295,5.60874E+07,structural
1296,8.51761E-02,occupants
1296,1.20469E+07,structural
1297,1.08009E-01,occupants
1297,1.40461E+07,structural
1298,6.57361E-02,occupants
1298,1.89152E+07,structural
1299,4.89134E+00,occupants
1299,3.04669E+08,structural
1300,5.57843E+00,occupants
1300,2.71073E+08,structural
1301,4.28031E+00,occupants
1301,2.36901E+08,structural
1302,1.84611E+01,occupants
1302,7.61213E+08,structural
1303,2.03214E+01,occupants
1303,6.64451E+08,structural
1304,1.67658E+01,occupants
1304,6.02484E+08,structural
1305,1.31224E-01,occupants
1305,2.37146E+07,structural
1306,1.60728E-01,occupants
1306,2.99966E+07,structural
1307,1.06364E-01,occupants
1307,2.12023E+07,structural
1308,6.18401E-03,occupants
1308,3.70578E+06,structural
1309,8.22791E-03,occupants
1309,2.85790E+06,structural
1310,4.57781E-03,occupants
1310,2.10488E+06,structural
1311,1.88464E-04,occupants
1311,2.90841E+05,structural
1312,2.74665E-04,occupants
1312,5.09942E+05,structural
1313,1.28529E-04,occupants
1313,2.36809E+05,structural
1314,1.51852E+00,occupants
1314,7.46417E+07,structural
1315,1.75379E+00,occupants
1315,7.46682E+07,structural
1316,1.30751E+00,occupants
1316,7.02371E+07,structural
1317,1.13045E+01,occupants
1317,2.84722E+08,structural
1318,1.25520E+01,occupants
1318,3.27962E+08,structural
1319,1.02009E+01,occupants
1319,2.64729E+08,structural
1320,1.45527E+01,occupants
1320,6.49231E+08,structural
1321,1.67081E+01,occupants
1321,3.96432E+08,structural
1322,1.26708E+01,occupants
1322,3.79219E+08,structural
1323,3.46953E+00,occupants
1323,2.11212E+08,structural
1324,4.12702E+00,occupants
1324,1.64537E+08,structural
1325,2.91294E+00,occupants
1325,1.93235E+08,structural
1326,5.80233E-01,occupants
1326,4.60544E+07,structural
1327,7.10764E-01,occupants
1327,6.16568E+07,structural
1328,4.74009E-01,occupants
1328,5.73296E+07,structural
1329,4.74892E+01,occupants
1329,9.71860E+08,structural
1330,5.22840E+01,occupants
1330,1.57090E+09,structural
1331,4.30325E+01,occupants
1331,9.52925E+08,structural
1332,1.35084E+02,occupants
1332,2.54496E+09,structural
1333,1.43362E+02,occupants
1333,3.13489E+09,structural
1334,1.27361E+02,occupants
1334,1.97208E+09,structural
1335,6.06989E+00,occupants
1335,1.43579E+08,structural
1336,7.20460E+00,occupants
1336,2.03970E+08,structural
1337,5.05638E+00,occupants
1337,1.65349E+08,structural
1338,1.25204E+00,occupants
1338,4.87314E+07,structural
1339,1.54555E+00,occupants
1339,5.92103E+07,structural
1340,1.01559E+00,occupants
1340,5.74372E+07,structural
1341,1.84236E-01,occupants
1341,1.70211E+07,structural
1342,2.35242E-01,occupants
1342,2.24600E+07,structural
1343,1.43112E-01,occupants
1343,1.17758E+07,structural
1344,2.39049E+01,occupants
1344,3.30327E+08,structural
1345,2.72527E+01,occupants
1345,4.78902E+08,structural
1346,2.08086E+01,occupants
1346,4.25324E+08,structural
1347,7.56915E+01,occupants
1347,1.02055E+09,structural
1348,8.24878E+01,occupants
1348,1.03701E+09,structural
1349,6.91976E+01,occupants
1349,1.06233E+09,structural
1350,2.19770E+00,occupants
1350,1.32135E+08,structural
1351,2.59480E+00,occupants
1351,1.01888E+08,structural
1352,1.86318E+00,occupants
1352,1.25003E+08,structural
1353,4.34962E-01,occupants
1353,5.76178E+07,structural
1354,5.35482E-01,occupants
1354,4.50850E+07,structural
1355,3.57070E-01,occupants
1355,3.14647E+07,structural
1356,6.13704E-02,occupants
1356,1.35818E+07,structural
1357,7.75550E-02,occupants
1357,8.63424E+06,structural
1358,4.82206E-02,occupants
1358,1.15661E+07,structural
1359,9.07375E+00,occupants
1359,2.29710E+08,structural
1360,1.03145E+01,occupants
1360,2.34768E+08,structural
1361,7.98994E+00,occupants
1361,2.68494E+08,structural
1362,3.32370E+01,occupants
1362,7.29747E+08,structural
1363,3.63544E+01,occupants
1363,8.28644E+08,structural
1364,3.05172E+01,occupants
1364,7.20093E+08,structural
1365,1.64603E+00,occupants
1365,7.51177E+07,structural
1366,2.01060E+00,occupants
1366,5.47446E+07,structural
1367,1.34542E+00,occupants
1367,6.43215E+07,structural
1368,2.74202E-01,occupants
1368,1.54157E+07,structural
1369,3.51589E-01,occupants
1369,1.38706E+07,structural
1370,2.14995E-01,occupants
1370,1.47822E+07,structural
1371,3.55137E-02,occupants
1371,3.12152E+06,structural
1372,4.74972E-02,occupants
1372,5.36284E+06,structural
1373,2.66393E-02,occupants
1373,2.19018E+06,structural
1374,7.70485E+00,occupants
1374,1.73235E+08,structural
1375,8.97120E+00,occupants
1375,2.11330E+08,structural
1376,6.58921E+00,occupants
1376,1.67634E+08,structural
1377,2.93935E+01,occupants
1377,4.38303E+08,structural
1378,3.27366E+01,occupants
1378,5.23089E+08,structural
1379,2.63016E+01,occupants
1379,4.00919E+08,structural
1380,2.01554E+00,occupants
1380,1.06824E+08,structural
1381,2.35694E+00,occupants
1381,1.15513E+08,structural
1382,1.72813E+00,occupants
1382,1.04119E+08,structural
1383,3.71352E-01,occupants
1383,3.13925E+07,structural
1384,4.47256E-01,occupants
1384,3.84436E+07,structural
1385,3.09412E-01,occupants
1385,3.36339E+07,structural
1386,4.57642E-02,occupants
1386,9.05106E+06,structural
1387,5.75353E-02,occupants
1387,1.50127E+07,structural
1388,3.65939E-02,occupants
1388,1.20552E+07,structural
1389,8.95808E+00,occupants
1389,2.78534E+08,structural
1390,1.01939E+01,occupants
1390,2.69572E+08,structural
1391,7.90666E+00,occupants
1391,2.90864E+08,structural
1392,3.65060E+01,occupants
1392,8.65752E+08,structural
1393,4.01212E+01,occupants
1393,8.39203E+08,structural
1394,3.33223E+01,occupants
1394,8.10721E+08,structural
1395,1.37413E+00,occupants
1395,5.27590E+07,structural
1396,1.60769E+00,occupants
1396,6.35358E+07,structural
1397,1.17196E+00,occupants
1397,6.28975E+07,structural
1398,4.33903E-01,occupants
1398,1.82402E+07,structural
1399,5.21859E-01,occupants
1399,1.78802E+07,structural
1400,3.60618E-01,occupants
1400,1.25613E+07,structural
1401,9.98602E-02,occupants
1401,7.06508E+06,structural
1402,1.26096E-01,occupants
1402,6.40536E+06,structural
1403,7.91286E-02,occupants
1403,4.43738E+06,structural
1404,4.46456E+00,occupants
1404,1.43538E+08,structural
1405,5.15333E+00,occupants
1405,1.72752E+08,structural
1406,3.86418E+00,occupants
1406,1.22825E+08,structural
1407,1.73071E+01,occupants
1407,3.94741E+08,structural
1408,1.94444E+01,occupants
1408,5.00499E+08,structural
1409,1.54297E+01,occupants
1409,4.08056E+08,structural
1410,7.36946E-01,occupants
1410,4.34348E+07,structural
1411,8.99413E-01,occupants
1411,3.61843E+07,structural
1412,6.03439E-01,occupants
1412,3.43262E+07,structural
1413,1.06966E-01,occupants
1413,1.33548E+07,structural
1414,1.37813E-01,occupants
1414,1.26051E+07,structural
1415,8.42020E-02,occupants
1415,6.98396E+06,structural
1416,1.23091E-02,occupants
1416,4.65027E+06,structural
1417,1.59847E-02,occupants
1417,2.49147E+06,structural
1418,9.29123E-03,occupants
1418,3.00695E+06,structural
1419,3.50615E+00,occupants
1419,1.31213E+08,structural
1420,4.06879E+00,occupants
1420,9.66799E+07,structural
1421,3.00589E+00,occupants
1421,1.20076E+08,structural
1422,1.31345E+01,occupants
1422,3.45304E+08,structural
1423,1.47315E+01,occupants
1423,3.25149E+08,structural
1424,1.16948E+01,occupants
1424,2.79643E+08,structural
1425,5.55403E-01,occupants
1425,3.64294E+07,structural
1426,7.17445E-01,occupants
1426,4.27361E+07,structural
1427,4.32727E-01,occupants
1427,4.77313E+07,structural
1428,1.01730E-01,occupants
1428,1.79043E+07,structural
1429,1.36435E-01,occupants
1429,1.44067E+07,structural
1430,7.64300E-02,occupants
1430,1.05095E+07,structural
1431,1.22567E-02,occupants
1431,2.09305E+06,structural
1432,1.72721E-02,occupants
1432,4.18665E+06,structural
1433,8.89070E-03,occupants
1433,1.62411E+06,structural
1434,2.48596E+00,occupants
1434,1.08313E+08,structural
1435,3.06737E+00,occupants
1435,1.60358E+08,structural
1436,2.00836E+00,occupants
1436,9.16191E+07,structural
1437,1.05138E+01,occupants
1437,3.82713E+08,structural
1438,1.23773E+01,occupants
1438,4.74203E+08,structural
1439,8.93903E+00,occupants
1439,3.53590E+08,structural
1440,1.88046E+00,occupants
1440,9.95260E+07,structural
1441,2.27118E+00,occupants
1441,8.74554E+07,structural
1442,1.57346E+00,occupants
1442,1.05694E+08,structural
1443,3.91082E-01,occupants
1443,1.82082E+07,structural
1444,4.83599E-01,occupants
1444,2.23932E+07,structural
1445,3.09023E-01,occupants
1445,2.42140E+07,structural
1446,5.05942E-02,occupants
1446,5.68271E+06,structural
1447,6.44571E-02,occupants
1447,1.05689E+07,structural
1448,3.83710E-02,occupants
1448,1.02580E+07,structural
1449,7.27723E+00,occupants
1449,3.59140E+08,structural
1450,8.38436E+00,occupants
1450,3.34145E+08,structural
1451,6.30082E+00,occupants
1451,2.12112E+08,structural
1452,2.68200E+01,occupants
1452,7.34953E+08,structural
1453,2.95241E+01,occupants
1453,7.11906E+08,structural
1454,2.44914E+01,occupants
1454,8.12773E+08,structural
1455,3.78797E+00,occupants
1455,1.81034E+08,structural
1456,4.43788E+00,occupants
1456,1.84224E+08,structural
1457,3.25288E+00,occupants
1457,1.71404E+08,structural
1458,8.64276E-01,occupants
1458,7.68030E+07,structural
1459,1.04302E+00,occupants
1459,7.17528E+07,structural
1460,7.16173E-01,occupants
1460,4.49487E+07,structural
1461,1.75251E-01,occupants
1461,1.66761E+07,structural
1462,2.17166E-01,occupants
1462,1.42938E+07,structural
1463,1.41339E-01,occupants
1463,1.41083E+07,structural
1464,1.59049E+01,occupants
1464,4.80668E+08,structural
1465,1.79631E+01,occupants
1465,4.63355E+08,structural
1466,1.41963E+01,occupants
1466,4.14137E+08,structural
1467,6.31056E+01,occupants
1467,1.32488E+09,structural
1468,6.84352E+01,occupants
1468,1.34538E+09,structural
1469,5.85354E+01,occupants
1469,1.39287E+09,structural
1470,2.84408E-01,occupants
1470,3.07060E+07,structural
1471,3.58930E-01,occupants
1471,3.45330E+07,structural
1472,2.24985E-01,occupants
1472,3.26702E+07,structural
1473,4.32792E-02,occupants
1473,1.00640E+07,structural
1474,5.63851E-02,occupants
1474,9.78398E+06,structural
1475,3.24994E-02,occupants
1475,1.21268E+07,structural
1476,3.89120E-03,occupants
1476,2.22710E+06,structural
1477,5.57895E-03,occupants
1477,2.75200E+06,structural
1478,2.81401E-03,occupants
1478,1.79009E+06,structural
1479,1.55809E+00,occupants
1479,8.41500E+07,structural
1480,1.89309E+00,occupants
1480,1.01605E+08,structural
1481,1.28299E+00,occupants
1481,9.34660E+07,structural
1482,8.55351E+00,occupants
1482,3.25446E+08,structural
1483,9.92069E+00,occupants
1483,3.58801E+08,structural
1484,7.35575E+00,occupants
1484,2.43811E+08,structural
1485,7.90123E-01,occupants
1485,3.95265E+07,structural
1486,9.89848E-01,occupants
1486,4.94470E+07,structural
1487,6.34693E-01,occupants
1487,4.85323E+07,structural
1488,6.65576E-02,occupants
1488,7.44912E+06,structural
1489,8.93887E-02,occupants
1489,1.06034E+07,structural
1490,4.99899E-02,occupants
1490,1.06375E+07,structural
1491,2.84400E-03,occupants
1491,8.21344E+05,structural
1492,4.08633E-03,occupants
1492,3.47411E+06,structural
1493,2.00572E-03,occupants
1493,2.54836E+06,structural
1494,5.81285E+00,occupants
1494,9.69285E+07,structural
1495,6.85634E+00,occupants
1495,1.51556E+08,structural
1496,4.93593E+00,occupants
1496,1.47575E+08,structural
1497,3.08894E+01,occupants
1497,5.04939E+08,structural
1498,3.44934E+01,occupants
1498,5.21744E+08,structural
1499,2.75826E+01,occupants
1499,4.60793E+08,structural
