#,,"generated_by='OpenQuake engine 3.13.0-gitd2db5fa', start_date='2021-10-23T15:56:04', checksum=773685249"
event_id,loss,loss_type
0,1.77727E-01,occupants
0,3.99124E+08,structural
1,2.38970E-02,occupants
1,3.41331E+07,structural
2,2.08993E-03,occupants
2,4.07574E+06,structural
3,1.19421E+00,occupants
3,5.51603E+08,structural
4,7.17602E+00,occupants
4,1.60267E+09,structural
5,2.17472E-01,occupants
5,2.35555E+08,structural
6,3.07033E-02,occupants
6,1.05593E+08,structural
7,2.79438E-03,occupants
7,9.23754E+06,structural
8,1.38382E+00,occupants
8,6.42253E+08,structural
9,7.91208E+00,occupants
9,2.77444E+09,structural
10,1.46432E-01,occupants
10,1.83355E+08,structural
11,1.85419E-02,occupants
11,5.25748E+07,structural
12,1.56353E-03,occupants
12,1.93927E+07,structural
13,1.03219E+00,occupants
13,7.88259E+08,structural
14,6.49324E+00,occupants
14,1.96132E+09,structural
15,1.11999E-01,occupants
15,2.89616E+08,structural
16,1.39901E-02,occupants
16,3.71923E+07,structural
17,9.40556E-04,occupants
17,3.02570E+06,structural
18,6.55886E-01,occupants
18,2.54976E+08,structural
19,3.34581E+00,occupants
19,5.08873E+08,structural
20,1.30096E-01,occupants
20,1.01797E+08,structural
21,1.64551E-02,occupants
21,7.75513E+06,structural
22,1.15914E-03,occupants
22,7.08052E+07,structural
23,7.49386E-01,occupants
23,9.48264E+07,structural
24,3.72374E+00,occupants
24,5.02607E+08,structural
25,9.51941E-02,occupants
25,1.09966E+08,structural
26,1.16823E-02,occupants
26,3.71108E+07,structural
27,7.63686E-04,occupants
27,1.68303E+06,structural
28,5.78608E-01,occupants
28,1.04053E+09,structural
29,3.00779E+00,occupants
29,2.98573E+08,structural
30,9.86579E-02,occupants
30,3.07430E+07,structural
31,3.74551E-02,occupants
31,1.25424E+07,structural
32,9.63301E-03,occupants
32,6.97739E+06,structural
33,2.84032E-01,occupants
33,2.10332E+08,structural
34,1.29534E+00,occupants
34,1.31978E+09,structural
35,1.14020E-01,occupants
35,6.06434E+07,structural
36,4.46987E-02,occupants
36,1.14805E+07,structural
37,1.24372E-02,occupants
37,5.48852E+06,structural
38,3.31942E-01,occupants
38,2.07769E+08,structural
39,1.52215E+00,occupants
39,6.13694E+08,structural
40,8.52570E-02,occupants
40,3.11941E+07,structural
41,3.10083E-02,occupants
41,2.93922E+07,structural
42,7.35911E-03,occupants
42,1.74995E+06,structural
43,2.43866E-01,occupants
43,9.68026E+07,structural
44,1.10120E+00,occupants
44,4.57743E+08,structural
45,2.26072E-02,occupants
45,7.49138E+07,structural
46,1.32040E-03,occupants
46,9.09714E+06,structural
47,4.53507E-05,occupants
47,1.10839E+06,structural
48,3.00357E-01,occupants
48,3.12577E+08,structural
49,3.35356E+00,occupants
49,1.01908E+09,structural
50,3.01093E-02,occupants
50,8.27490E+07,structural
51,1.83870E-03,occupants
51,1.59300E+07,structural
52,6.43045E-05,occupants
52,2.58854E+05,structural
53,3.75596E-01,occupants
53,5.94753E+08,structural
54,3.91148E+00,occupants
54,3.18101E+09,structural
55,1.71980E-02,occupants
55,2.37495E+07,structural
56,9.48246E-04,occupants
56,1.83992E+06,structural
57,3.03558E-05,occupants
57,2.01669E+05,structural
58,2.43089E-01,occupants
58,2.24331E+08,structural
59,2.86547E+00,occupants
59,5.87887E+08,structural
60,1.90354E-02,occupants
60,4.52048E+07,structural
61,1.30706E-03,occupants
61,7.71708E+06,structural
62,2.81886E-05,occupants
62,2.25850E+06,structural
63,1.54578E-01,occupants
63,3.31344E+08,structural
64,1.15948E+00,occupants
64,4.32188E+08,structural
65,2.39424E-02,occupants
65,3.65958E+07,structural
66,1.73885E-03,occupants
66,4.06400E+06,structural
67,3.96622E-05,occupants
67,2.61318E+05,structural
68,1.84617E-01,occupants
68,1.81129E+08,structural
69,1.36179E+00,occupants
69,7.71661E+08,structural
70,1.54475E-02,occupants
70,4.64222E+07,structural
71,1.01252E-03,occupants
71,2.88148E+06,structural
72,1.99031E-05,occupants
72,2.33431E+05,structural
73,1.29362E-01,occupants
73,1.56112E+08,structural
74,9.97043E-01,occupants
74,4.10493E+08,structural
75,8.92512E-01,occupants
75,3.70764E+08,structural
76,1.97854E-01,occupants
76,1.37265E+08,structural
77,2.66769E-02,occupants
77,4.74294E+07,structural
78,3.06274E+00,occupants
78,1.09421E+09,structural
79,9.19885E+00,occupants
79,2.18915E+09,structural
80,1.04079E+00,occupants
80,2.58989E+08,structural
81,2.38842E-01,occupants
81,6.60384E+07,structural
82,3.30858E-02,occupants
82,8.52426E+07,structural
83,3.47658E+00,occupants
83,6.62422E+08,structural
84,1.01681E+01,occupants
84,1.15753E+09,structural
85,7.60518E-01,occupants
85,1.41885E+08,structural
86,1.63723E-01,occupants
86,9.73496E+07,structural
87,2.10340E-02,occupants
87,2.60768E+07,structural
88,2.69354E+00,occupants
88,3.09988E+08,structural
89,8.31689E+00,occupants
89,1.13553E+09,structural
90,8.91809E-03,occupants
90,2.93135E+07,structural
91,9.58243E-04,occupants
91,2.75883E+06,structural
92,6.40232E-05,occupants
92,2.62215E+05,structural
93,7.23879E-02,occupants
93,1.72157E+08,structural
94,6.16574E-01,occupants
94,2.59176E+08,structural
95,1.12432E-02,occupants
95,6.42011E+07,structural
96,1.26524E-03,occupants
96,1.53310E+07,structural
97,8.78210E-05,occupants
97,3.00833E+06,structural
98,8.80285E-02,occupants
98,7.17748E+07,structural
99,7.17763E-01,occupants
99,2.73870E+08,structural
100,6.96112E-03,occupants
100,1.77321E+07,structural
101,7.25088E-04,occupants
101,1.08630E+07,structural
102,4.55704E-05,occupants
102,1.83439E+06,structural
103,6.00676E-02,occupants
103,1.59958E+08,structural
104,5.31905E-01,occupants
104,2.42450E+08,structural
105,2.28174E-01,occupants
105,5.90468E+07,structural
106,5.83348E-02,occupants
106,2.00733E+07,structural
107,9.12570E-03,occupants
107,6.22080E+06,structural
108,7.71308E-01,occupants
108,2.83719E+08,structural
109,3.03711E+00,occupants
109,1.41098E+09,structural
110,2.74350E-01,occupants
110,1.31686E+08,structural
111,7.42456E-02,occupants
111,4.13406E+07,structural
112,1.24453E-02,occupants
112,7.58009E+06,structural
113,8.93626E-01,occupants
113,3.09393E+08,structural
114,3.43039E+00,occupants
114,1.09030E+09,structural
115,1.89180E-01,occupants
115,1.05728E+08,structural
116,4.53791E-02,occupants
116,2.64359E+07,structural
117,6.62055E-03,occupants
117,5.23126E+06,structural
118,6.63864E-01,occupants
118,3.79291E+08,structural
119,2.68754E+00,occupants
119,5.55360E+08,structural
120,6.34220E-01,occupants
120,1.12264E+08,structural
121,1.38425E-01,occupants
121,3.89748E+07,structural
122,1.91551E-02,occupants
122,2.95934E+07,structural
123,2.19088E+00,occupants
123,5.36084E+08,structural
124,6.50728E+00,occupants
124,7.43452E+08,structural
125,7.53725E-01,occupants
125,1.71555E+08,structural
126,1.74663E-01,occupants
126,4.64357E+07,structural
127,2.55389E-02,occupants
127,2.35819E+07,structural
128,2.52313E+00,occupants
128,2.27727E+08,structural
129,7.20314E+00,occupants
129,1.09170E+09,structural
130,5.26562E-01,occupants
130,9.29042E+07,structural
131,1.10876E-01,occupants
131,6.31841E+07,structural
132,1.44570E-02,occupants
132,1.15719E+07,structural
133,1.90118E+00,occupants
133,2.35896E+08,structural
134,5.85891E+00,occupants
134,7.99775E+08,structural
135,2.56192E-02,occupants
135,6.63697E+07,structural
136,3.04921E-03,occupants
136,7.87352E+06,structural
137,1.93544E-04,occupants
137,1.38630E+06,structural
138,1.64594E-01,occupants
138,1.51431E+08,structural
139,1.02506E+00,occupants
139,8.66574E+08,structural
140,3.23756E-02,occupants
140,3.44665E+07,structural
141,3.93099E-03,occupants
141,7.37430E+06,structural
142,2.61579E-04,occupants
142,2.06897E+06,structural
143,2.01513E-01,occupants
143,2.40957E+08,structural
144,1.22046E+00,occupants
144,3.53428E+08,structural
145,2.04628E-02,occupants
145,3.17003E+07,structural
146,2.37258E-03,occupants
146,6.45510E+06,structural
147,1.47422E-04,occupants
147,7.88974E+05,structural
148,1.34817E-01,occupants
148,8.80606E+07,structural
149,8.56204E-01,occupants
149,5.60554E+08,structural
150,2.57875E+00,occupants
150,1.79185E+09,structural
151,5.44590E-01,occupants
151,3.59733E+08,structural
152,6.74758E-02,occupants
152,4.48891E+08,structural
153,9.17766E+00,occupants
153,1.66169E+09,structural
154,2.87801E+01,occupants
154,6.42520E+09,structural
155,2.97290E+00,occupants
155,1.54250E+09,structural
156,6.48588E-01,occupants
156,9.15306E+08,structural
157,8.36404E-02,occupants
157,6.33320E+07,structural
158,1.03003E+01,occupants
158,1.69585E+09,structural
159,3.14359E+01,occupants
159,2.50820E+09,structural
160,2.23122E+00,occupants
160,1.21503E+09,structural
161,4.56190E-01,occupants
161,1.04896E+09,structural
162,5.42479E-02,occupants
162,6.75981E+07,structural
163,8.16396E+00,occupants
163,1.12858E+09,structural
164,2.62943E+01,occupants
164,6.52222E+09,structural
165,9.20152E-03,occupants
165,3.18755E+07,structural
166,8.32936E-04,occupants
166,1.03936E+07,structural
167,4.27397E-05,occupants
167,7.18746E+05,structural
168,8.17582E-02,occupants
168,8.49811E+07,structural
169,7.35684E-01,occupants
169,6.48635E+08,structural
170,1.25675E-02,occupants
170,2.96647E+07,structural
171,1.16440E-03,occupants
171,1.66983E+07,structural
172,5.93598E-05,occupants
172,3.23557E+05,structural
173,1.06743E-01,occupants
173,1.99108E+08,structural
174,9.18393E-01,occupants
174,5.12270E+08,structural
175,6.86340E-03,occupants
175,1.84955E+07,structural
176,5.99244E-04,occupants
176,2.81502E+06,structural
177,3.13343E-05,occupants
177,5.21274E+05,structural
178,6.21023E-02,occupants
178,1.53219E+08,structural
179,5.85013E-01,occupants
179,3.89914E+08,structural
180,1.05743E-03,occupants
180,2.48226E+06,structural
181,6.90909E-05,occupants
181,3.54208E+05,structural
182,2.48268E-06,occupants
183,1.22048E-02,occupants
183,1.27503E+07,structural
184,1.26364E-01,occupants
184,9.31897E+07,structural
185,1.41528E-03,occupants
185,4.63680E+06,structural
186,9.39377E-05,occupants
186,4.39810E+05,structural
187,3.38798E-06,occupants
187,1.16633E+04,structural
188,1.58663E-02,occupants
188,3.38854E+07,structural
189,1.58759E-01,occupants
189,1.25204E+08,structural
190,8.11303E-04,occupants
190,4.06712E+06,structural
191,5.25084E-05,occupants
191,2.80716E+05,structural
192,1.80896E-06,occupants
192,2.15974E+03,structural
193,9.41630E-03,occupants
193,1.61761E+07,structural
194,1.00752E-01,occupants
194,9.73643E+07,structural
195,7.91875E-01,occupants
195,5.36747E+08,structural
196,1.50276E-01,occupants
196,1.16129E+08,structural
197,1.62197E-02,occupants
197,9.27132E+07,structural
198,3.09846E+00,occupants
198,5.26684E+08,structural
199,1.00525E+01,occupants
199,1.13462E+09,structural
200,9.14037E-01,occupants
200,2.28434E+08,structural
201,1.77900E-01,occupants
201,4.53184E+07,structural
202,1.97660E-02,occupants
202,5.43200E+07,structural
203,3.45749E+00,occupants
203,4.77044E+08,structural
204,1.09367E+01,occupants
204,6.66956E+08,structural
205,6.92338E-01,occupants
205,3.91705E+08,structural
206,1.24124E-01,occupants
206,1.46797E+08,structural
207,1.28514E-02,occupants
207,3.20573E+07,structural
208,2.75783E+00,occupants
208,3.87661E+08,structural
209,9.21278E+00,occupants
209,8.51896E+08,structural
210,5.48185E-02,occupants
210,4.48319E+07,structural
211,7.73255E-03,occupants
211,6.02609E+06,structural
212,6.07464E-04,occupants
212,2.42632E+06,structural
213,3.25048E-01,occupants
213,5.36315E+08,structural
214,2.22257E+00,occupants
214,1.04298E+09,structural
215,7.57007E-02,occupants
215,8.19669E+07,structural
216,1.11580E-02,occupants
216,8.58507E+06,structural
217,9.71183E-04,occupants
217,3.42526E+06,structural
218,4.19851E-01,occupants
218,2.37502E+08,structural
219,2.69428E+00,occupants
219,3.72334E+08,structural
220,4.00899E-02,occupants
220,1.90108E+07,structural
221,5.29942E-03,occupants
221,1.20737E+07,structural
222,3.93856E-04,occupants
222,1.48965E+07,structural
223,2.49346E-01,occupants
223,1.28461E+08,structural
224,1.83199E+00,occupants
224,8.47761E+08,structural
225,2.58176E-01,occupants
225,5.63396E+07,structural
226,5.07373E-02,occupants
226,1.18021E+07,structural
227,5.61334E-03,occupants
227,1.28920E+07,structural
228,9.42486E-01,occupants
228,2.01382E+08,structural
229,2.88150E+00,occupants
229,3.53153E+08,structural
230,3.19015E-01,occupants
230,6.85956E+07,structural
231,6.70474E-02,occupants
231,2.39228E+07,structural
232,7.86867E-03,occupants
232,1.94292E+07,structural
233,1.10134E+00,occupants
233,2.07881E+08,structural
234,3.20238E+00,occupants
234,2.68188E+08,structural
235,2.06697E-01,occupants
235,1.05340E+08,structural
236,3.88184E-02,occupants
236,2.42856E+07,structural
237,4.01427E-03,occupants
237,1.15459E+07,structural
238,8.02829E-01,occupants
238,9.42428E+07,structural
239,2.58336E+00,occupants
239,5.14354E+08,structural
240,2.11607E-02,occupants
240,3.84932E+07,structural
241,1.89848E-03,occupants
241,1.53284E+07,structural
242,1.05633E-04,occupants
242,8.75561E+06,structural
243,1.68594E-01,occupants
243,3.50543E+08,structural
244,1.21849E+00,occupants
244,7.31570E+08,structural
245,2.56892E-02,occupants
245,7.01501E+07,structural
246,2.43211E-03,occupants
246,1.33287E+07,structural
247,1.32986E-04,occupants
247,3.45976E+05,structural
248,1.97447E-01,occupants
248,2.24725E+08,structural
249,1.39781E+00,occupants
249,1.04605E+09,structural
250,1.72822E-02,occupants
250,7.94243E+07,structural
251,1.52491E-03,occupants
251,1.21019E+07,structural
252,8.08004E-05,occupants
252,9.52135E+05,structural
253,1.42355E-01,occupants
253,1.38403E+08,structural
254,1.06641E+00,occupants
254,9.87015E+08,structural
255,4.30266E-03,occupants
255,7.95722E+07,structural
256,3.48081E-04,occupants
256,6.05758E+07,structural
257,1.55644E-05,occupants
257,7.60388E+04,structural
258,3.99972E-02,occupants
258,1.17020E+08,structural
259,3.58586E-01,occupants
259,5.90495E+08,structural
260,5.22949E-03,occupants
260,2.43967E+07,structural
261,4.27812E-04,occupants
261,2.14430E+06,structural
262,1.98982E-05,occupants
262,5.55903E+04,structural
263,4.80554E-02,occupants
263,4.79807E+07,structural
264,4.15830E-01,occupants
264,1.08984E+09,structural
265,3.42496E-03,occupants
265,6.04725E+07,structural
266,2.72165E-04,occupants
266,1.84880E+06,structural
267,1.15577E-05,occupants
267,2.90224E+05,structural
268,3.35034E-02,occupants
268,6.10334E+07,structural
269,3.05262E-01,occupants
269,3.25686E+08,structural
270,1.50415E+00,occupants
270,2.45280E+08,structural
271,4.22476E-01,occupants
271,1.19064E+08,structural
272,7.66202E-02,occupants
272,2.78803E+07,structural
273,4.25444E+00,occupants
273,6.01382E+08,structural
274,1.08951E+01,occupants
274,1.96992E+09,structural
275,1.71047E+00,occupants
275,2.43384E+08,structural
276,4.94382E-01,occupants
276,5.54473E+07,structural
277,9.13147E-02,occupants
277,4.92843E+07,structural
278,4.72991E+00,occupants
278,3.29750E+08,structural
279,1.18540E+01,occupants
279,1.30074E+09,structural
280,1.32260E+00,occupants
280,3.10884E+08,structural
281,3.63653E-01,occupants
281,2.28474E+08,structural
282,6.36054E-02,occupants
282,4.78852E+07,structural
283,3.81653E+00,occupants
283,7.08666E+08,structural
284,9.98251E+00,occupants
284,1.06303E+09,structural
285,2.89894E-02,occupants
285,2.50334E+07,structural
286,1.49846E-03,occupants
286,6.17588E+06,structural
287,3.17187E-05,occupants
287,1.02215E+06,structural
288,3.18919E-01,occupants
288,2.57067E+08,structural
289,2.78686E+00,occupants
289,1.05639E+09,structural
290,3.84093E-02,occupants
290,1.29266E+08,structural
291,2.17529E-03,occupants
291,1.66264E+07,structural
292,4.73355E-05,occupants
292,5.17891E+05,structural
293,3.93681E-01,occupants
293,2.52035E+08,structural
294,3.23808E+00,occupants
294,8.82807E+08,structural
295,2.22131E-02,occupants
295,5.09885E+07,structural
296,1.06761E-03,occupants
296,3.81090E+06,structural
297,2.10198E-05,occupants
297,6.05816E+04,structural
298,2.60041E-01,occupants
298,1.59826E+08,structural
299,2.39253E+00,occupants
299,1.02643E+09,structural
300,4.99600E-02,occupants
300,2.05821E+07,structural
301,7.19962E-03,occupants
301,3.41793E+06,structural
302,3.58178E-04,occupants
302,1.54579E+06,structural
303,2.13752E-01,occupants
303,6.25329E+07,structural
304,8.51263E-01,occupants
304,3.19296E+08,structural
305,6.27030E-02,occupants
305,3.98372E+07,structural
306,9.96392E-03,occupants
306,9.45674E+06,structural
307,5.53083E-04,occupants
307,2.93460E+06,structural
308,2.54392E-01,occupants
308,9.25912E+07,structural
309,9.87655E-01,occupants
309,2.07612E+08,structural
310,3.95215E-02,occupants
310,1.22869E+07,structural
311,5.16318E-03,occupants
311,6.07800E+06,structural
312,2.28379E-04,occupants
312,9.67632E+04,structural
313,1.79187E-01,occupants
313,5.34763E+07,structural
314,7.37123E-01,occupants
314,2.29413E+08,structural
315,9.64092E-02,occupants
315,6.56403E+07,structural
316,1.70686E-02,occupants
316,1.99721E+07,structural
317,1.78206E-03,occupants
317,4.43389E+06,structural
318,4.06984E-01,occupants
318,6.26197E+07,structural
319,1.52793E+00,occupants
319,3.69209E+08,structural
320,1.19812E-01,occupants
320,3.39140E+07,structural
321,2.24915E-02,occupants
321,2.93901E+07,structural
322,2.43451E-03,occupants
322,7.69324E+06,structural
323,4.84260E-01,occupants
323,1.09017E+08,structural
324,1.75213E+00,occupants
324,3.16437E+08,structural
325,7.71545E-02,occupants
325,5.73230E+07,structural
326,1.32290E-02,occupants
326,7.44894E+06,structural
327,1.27456E-03,occupants
327,2.11556E+05,structural
328,3.38580E-01,occupants
328,5.76981E+07,structural
329,1.33021E+00,occupants
329,4.22355E+08,structural
330,6.56145E-02,occupants
330,1.17697E+07,structural
331,1.45046E-02,occupants
331,1.96316E+07,structural
332,1.74632E-03,occupants
332,2.31212E+06,structural
333,2.37588E-01,occupants
333,2.08945E+08,structural
334,9.97867E-01,occupants
334,3.02128E+08,structural
335,8.11950E-02,occupants
335,4.18166E+07,structural
336,1.93581E-02,occupants
336,9.19095E+06,structural
337,2.55673E-03,occupants
337,1.50204E+06,structural
338,2.80818E-01,occupants
338,7.61912E+07,structural
339,1.14719E+00,occupants
339,4.45675E+08,structural
340,5.21857E-02,occupants
340,3.11402E+07,structural
341,1.06775E-02,occupants
341,4.37705E+06,structural
342,1.19019E-03,occupants
342,3.99820E+05,structural
343,1.99229E-01,occupants
343,1.28860E+08,structural
344,8.64803E-01,occupants
344,3.22685E+08,structural
345,3.15350E-02,occupants
345,2.25441E+07,structural
346,3.97184E-03,occupants
346,1.04057E+07,structural
347,2.65025E-04,occupants
347,1.47752E+06,structural
348,1.86802E-01,occupants
348,1.06833E+08,structural
349,1.08494E+00,occupants
349,2.91545E+08,structural
350,3.84483E-02,occupants
350,4.75103E+07,structural
351,4.87304E-03,occupants
351,7.51971E+06,structural
352,3.36517E-04,occupants
352,1.00700E+06,structural
353,2.25108E-01,occupants
353,1.35803E+08,structural
354,1.27359E+00,occupants
354,2.66010E+08,structural
355,2.58989E-02,occupants
355,3.08931E+07,structural
356,3.25921E-03,occupants
356,9.30209E+06,structural
357,2.15953E-04,occupants
357,2.17919E+06,structural
358,1.56710E-01,occupants
358,6.95317E+07,structural
359,9.23163E-01,occupants
359,2.68444E+08,structural
360,1.67752E-02,occupants
360,2.30271E+07,structural
361,1.88314E-03,occupants
361,1.77130E+07,structural
362,1.27408E-04,occupants
362,1.94916E+05,structural
363,1.16365E-01,occupants
363,6.10792E+07,structural
364,7.37860E-01,occupants
364,3.94307E+08,structural
365,2.29139E-02,occupants
365,4.19150E+07,structural
366,2.66774E-03,occupants
366,6.75039E+06,structural
367,1.83349E-04,occupants
367,3.80748E+06,structural
368,1.51449E-01,occupants
368,1.31931E+08,structural
369,9.10721E-01,occupants
369,3.81277E+08,structural
370,1.24461E-02,occupants
370,1.85740E+07,structural
371,1.38952E-03,occupants
371,4.48489E+06,structural
372,8.86866E-05,occupants
372,1.25312E+06,structural
373,8.89279E-02,occupants
373,9.20807E+07,structural
374,5.99352E-01,occupants
374,4.56126E+08,structural
375,4.41004E-02,occupants
375,7.79264E+07,structural
376,3.62570E-03,occupants
376,4.99462E+06,structural
377,1.11923E-04,occupants
377,1.65349E+06,structural
378,3.21545E-01,occupants
378,1.71401E+08,structural
379,1.87109E+00,occupants
379,5.64259E+08,structural
380,5.19600E-02,occupants
380,7.21226E+07,structural
381,4.39381E-03,occupants
381,6.64830E+06,structural
382,1.43357E-04,occupants
382,7.06742E+05,structural
383,3.66527E-01,occupants
383,2.54481E+08,structural
384,2.08844E+00,occupants
384,1.20438E+09,structural
385,3.79819E-02,occupants
385,3.51122E+07,structural
386,3.03516E-03,occupants
386,5.39208E+06,structural
387,8.91732E-05,occupants
387,1.34125E+06,structural
388,2.82940E-01,occupants
388,1.22065E+08,structural
389,1.68786E+00,occupants
389,8.10819E+08,structural
390,3.46846E-02,occupants
390,4.01917E+07,structural
391,2.71865E-03,occupants
391,3.93024E+06,structural
392,8.45191E-05,occupants
392,1.05707E+06,structural
393,2.49322E-01,occupants
393,9.29230E+07,structural
394,1.35246E+00,occupants
394,3.41935E+08,structural
395,4.37644E-02,occupants
395,4.70374E+07,structural
396,3.76678E-03,occupants
396,2.88103E+06,structural
397,1.34166E-04,occupants
397,1.21978E+06,structural
398,2.94139E-01,occupants
398,1.20333E+08,structural
399,1.53013E+00,occupants
399,5.60574E+08,structural
400,2.74518E-02,occupants
400,1.34317E+07,structural
401,1.92374E-03,occupants
401,3.69847E+06,structural
402,5.16706E-05,occupants
402,1.68918E+05,structural
403,2.11283E-01,occupants
403,8.75007E+07,structural
404,1.19471E+00,occupants
404,6.59577E+08,structural
405,3.13321E-02,occupants
405,3.72667E+07,structural
406,2.87312E-03,occupants
406,1.68719E+07,structural
407,1.33438E-04,occupants
407,1.22886E+07,structural
408,2.37511E-01,occupants
408,9.19563E+07,structural
409,1.48942E+00,occupants
409,3.09993E+08,structural
410,3.96830E-02,occupants
410,3.29190E+07,structural
411,3.88268E-03,occupants
411,3.36001E+07,structural
412,1.88532E-04,occupants
412,9.17438E+06,structural
413,2.88915E-01,occupants
413,1.15830E+08,structural
414,1.73538E+00,occupants
414,5.70559E+08,structural
415,2.47294E-02,occupants
415,2.87060E+07,structural
416,2.17826E-03,occupants
416,1.27814E+07,structural
417,9.48348E-05,occupants
417,3.86772E+05,structural
418,1.94513E-01,occupants
418,1.16853E+08,structural
419,1.27727E+00,occupants
419,3.33821E+08,structural
420,3.27737E-03,occupants
420,7.78673E+07,structural
421,9.96965E-05,occupants
421,4.50694E+06,structural
422,3.01595E-06,occupants
422,7.78052E+04,structural
423,7.64663E-02,occupants
423,1.15964E+08,structural
424,1.33579E+00,occupants
424,5.58764E+08,structural
425,4.23705E-03,occupants
425,1.47330E+07,structural
426,1.35212E-04,occupants
426,7.72687E+06,structural
427,3.66085E-06,occupants
427,3.99743E+04,structural
428,9.65309E-02,occupants
428,1.09592E+09,structural
429,1.57898E+00,occupants
429,2.36540E+09,structural
430,2.53305E-03,occupants
430,9.37477E+06,structural
431,7.18097E-05,occupants
431,1.27788E+06,structural
432,2.65481E-06,occupants
433,6.14728E-02,occupants
433,1.10175E+08,structural
434,1.11079E+00,occupants
434,6.04095E+08,structural
435,5.92656E-01,occupants
435,9.48536E+07,structural
436,8.58510E-02,occupants
436,7.26134E+07,structural
437,4.81136E-03,occupants
437,3.23769E+06,structural
438,2.25700E+00,occupants
438,5.92463E+08,structural
439,5.51898E+00,occupants
439,1.00817E+09,structural
440,7.30815E-01,occupants
440,1.26749E+08,structural
441,1.14408E-01,occupants
441,1.13298E+08,structural
442,7.15650E-03,occupants
442,3.21607E+07,structural
443,2.58075E+00,occupants
443,5.33410E+08,structural
444,5.91323E+00,occupants
444,1.04383E+09,structural
445,4.73108E-01,occupants
445,1.96833E+08,structural
446,6.29025E-02,occupants
446,2.94766E+07,structural
447,3.21022E-03,occupants
447,5.08040E+06,structural
448,1.95402E+00,occupants
448,4.91872E+08,structural
449,5.12686E+00,occupants
449,1.06800E+09,structural
450,7.68591E-02,occupants
450,9.36743E+07,structural
451,7.07863E-03,occupants
451,2.62651E+07,structural
452,3.09743E-04,occupants
452,2.16525E+06,structural
453,6.07686E-01,occupants
453,3.11330E+08,structural
454,3.88771E+00,occupants
454,1.00998E+09,structural
455,9.99432E-02,occupants
455,2.08288E+08,structural
456,9.70191E-03,occupants
456,2.46324E+07,structural
457,4.66706E-04,occupants
457,4.17696E+06,structural
458,7.42396E-01,occupants
458,4.73283E+08,structural
459,4.46141E+00,occupants
459,1.29651E+09,structural
460,5.98805E-02,occupants
460,6.24404E+07,structural
461,5.08172E-03,occupants
461,1.04367E+07,structural
462,2.05765E-04,occupants
462,1.52767E+06,structural
463,4.96218E-01,occupants
463,4.29463E+08,structural
464,3.37851E+00,occupants
464,8.75369E+08,structural
465,3.85856E-03,occupants
465,6.48157E+06,structural
466,2.14056E-04,occupants
466,2.53646E+06,structural
467,4.30737E-06,occupants
467,1.69158E+04,structural
468,3.85952E-02,occupants
468,5.11888E+07,structural
469,3.31192E-01,occupants
469,3.59128E+08,structural
470,5.29276E-03,occupants
470,1.86076E+07,structural
471,3.15036E-04,occupants
471,1.45935E+06,structural
472,5.67358E-06,occupants
472,4.97624E+04,structural
473,4.82877E-02,occupants
473,4.77596E+07,structural
474,3.92130E-01,occupants
474,2.14403E+08,structural
475,2.89837E-03,occupants
475,9.10304E+06,structural
476,1.60086E-04,occupants
476,1.42343E+06,structural
477,4.25663E-06,occupants
477,2.13203E+05,structural
478,3.12514E-02,occupants
478,6.04722E+07,structural
479,2.84104E-01,occupants
479,1.84282E+08,structural
480,5.76248E-02,occupants
480,2.40629E+07,structural
481,1.62345E-02,occupants
481,2.42013E+07,structural
482,3.17423E-03,occupants
482,3.05952E+06,structural
483,1.93746E-01,occupants
483,6.74601E+07,structural
484,7.90901E-01,occupants
484,1.65351E+08,structural
485,6.74062E-02,occupants
485,3.39663E+07,structural
486,1.90976E-02,occupants
486,9.51687E+06,structural
487,3.83421E-03,occupants
487,2.70704E+06,structural
488,2.29885E-01,occupants
488,1.31214E+08,structural
489,9.43955E-01,occupants
489,3.82090E+08,structural
490,4.91888E-02,occupants
490,4.83817E+07,structural
491,1.37008E-02,occupants
491,9.24536E+06,structural
492,2.57518E-03,occupants
492,1.22256E+06,structural
493,1.64563E-01,occupants
493,1.14963E+08,structural
494,6.63131E-01,occupants
494,2.57901E+08,structural
495,5.31441E-02,occupants
495,8.56759E+07,structural
496,6.43665E-03,occupants
496,8.45149E+06,structural
497,4.06229E-04,occupants
497,1.70461E+06,structural
498,3.18021E-01,occupants
498,1.94370E+08,structural
499,1.68318E+00,occupants
499,6.76731E+08,structural
500,7.10158E-02,occupants
500,1.02987E+08,structural
501,9.20866E-03,occupants
501,2.70868E+07,structural
502,6.07001E-04,occupants
502,6.75823E+06,structural
503,4.03645E-01,occupants
503,2.57425E+08,structural
504,2.02685E+00,occupants
504,7.16773E+08,structural
505,3.89344E-02,occupants
505,1.32468E+07,structural
506,4.43040E-03,occupants
506,5.58868E+06,structural
507,2.59452E-04,occupants
507,1.77182E+07,structural
508,2.48317E-01,occupants
508,2.69732E+08,structural
509,1.38893E+00,occupants
509,4.32844E+08,structural
510,8.61951E-04,occupants
510,5.86815E+06,structural
511,8.33684E-05,occupants
511,1.06704E+06,structural
512,4.65637E-06,occupants
512,1.30232E+04,structural
513,8.39456E-03,occupants
513,2.55371E+07,structural
514,9.37551E-02,occupants
514,5.98984E+07,structural
515,1.12284E-03,occupants
515,7.65709E+06,structural
516,1.08007E-04,occupants
516,3.71906E+05,structural
517,6.61093E-06,occupants
517,1.69673E+05,structural
518,1.10556E-02,occupants
518,3.05256E+07,structural
519,1.18695E-01,occupants
519,2.04194E+08,structural
520,6.59932E-04,occupants
520,1.27318E+07,structural
521,6.25868E-05,occupants
521,2.66165E+05,structural
522,3.37133E-06,occupants
522,2.55747E+04,structural
523,6.53550E-03,occupants
523,1.53258E+07,structural
524,7.37907E-02,occupants
524,1.09840E+08,structural
525,6.12666E-03,occupants
525,2.10145E+07,structural
526,2.64519E-04,occupants
526,1.60973E+06,structural
527,5.14045E-06,occupants
527,3.96488E+05,structural
528,1.07848E-01,occupants
528,3.89479E+08,structural
529,1.61086E+00,occupants
529,7.13178E+08,structural
530,8.08813E-03,occupants
530,2.35568E+07,structural
531,3.59093E-04,occupants
531,3.06784E+06,structural
532,6.81543E-06,occupants
532,6.97712E+05,structural
533,1.35676E-01,occupants
533,3.72066E+08,structural
534,1.91565E+00,occupants
534,8.26447E+08,structural
535,4.86881E-03,occupants
535,5.76602E+07,structural
536,1.97237E-04,occupants
536,1.70941E+06,structural
537,3.78426E-06,occupants
537,1.40243E+05,structural
538,8.66007E-02,occupants
538,1.63008E+08,structural
539,1.35991E+00,occupants
539,1.38462E+09,structural
540,1.15299E-02,occupants
540,8.91619E+06,structural
541,9.98460E-04,occupants
541,6.91965E+06,structural
542,4.66885E-05,occupants
542,6.27573E+05,structural
543,1.00773E-01,occupants
543,9.23541E+07,structural
544,7.73660E-01,occupants
544,1.48955E+08,structural
545,1.44147E-02,occupants
545,1.33405E+07,structural
546,1.29420E-03,occupants
546,2.72814E+07,structural
547,6.16902E-05,occupants
547,3.84182E+06,structural
548,1.23607E-01,occupants
548,1.10540E+08,structural
549,9.19865E-01,occupants
549,4.07411E+08,structural
550,9.31617E-03,occupants
550,1.52543E+07,structural
551,7.53672E-04,occupants
551,2.69809E+07,structural
552,3.31629E-05,occupants
552,2.33424E+06,structural
553,8.02929E-02,occupants
553,1.04840E+08,structural
554,6.45356E-01,occupants
554,2.91108E+08,structural
555,4.87210E-02,occupants
555,4.75578E+07,structural
556,5.27544E-03,occupants
556,3.25860E+07,structural
557,2.98586E-04,occupants
557,7.49653E+06,structural
558,3.32256E-01,occupants
558,3.66926E+08,structural
559,1.96989E+00,occupants
559,1.96248E+09,structural
560,6.24762E-02,occupants
560,9.85440E+07,structural
561,6.98936E-03,occupants
561,5.44330E+07,structural
562,4.27530E-04,occupants
562,1.23570E+06,structural
563,4.08527E-01,occupants
563,7.79330E+08,structural
564,2.30983E+00,occupants
564,8.22448E+08,structural
565,3.82085E-02,occupants
565,8.40843E+07,structural
566,3.88226E-03,occupants
566,4.36920E+07,structural
567,2.13324E-04,occupants
567,8.16858E+06,structural
568,2.72816E-01,occupants
568,8.22000E+07,structural
569,1.67457E+00,occupants
569,1.57213E+09,structural
570,1.70196E-01,occupants
570,8.24351E+07,structural
571,2.29378E-02,occupants
571,4.84618E+08,structural
572,1.62698E-03,occupants
572,1.84795E+06,structural
573,1.00650E+00,occupants
573,2.07355E+08,structural
574,5.16067E+00,occupants
574,1.51910E+09,structural
575,2.05818E-01,occupants
575,1.38736E+08,structural
576,2.86495E-02,occupants
576,1.56066E+08,structural
577,2.19949E-03,occupants
577,2.95594E+07,structural
578,1.18696E+00,occupants
578,2.50717E+08,structural
579,5.81940E+00,occupants
579,2.52430E+09,structural
580,1.40560E-01,occupants
580,3.36240E+08,structural
581,1.80993E-02,occupants
581,3.42067E+07,structural
582,1.22687E-03,occupants
582,1.06268E+07,structural
583,8.60423E-01,occupants
583,3.63716E+08,structural
584,4.54849E+00,occupants
584,5.57195E+08,structural
585,3.78740E-02,occupants
585,3.21665E+07,structural
586,5.11292E-03,occupants
586,1.11062E+07,structural
587,3.59066E-04,occupants
587,1.39660E+06,structural
588,1.96215E-01,occupants
588,4.79453E+07,structural
589,8.62510E-01,occupants
589,2.62282E+08,structural
590,4.57091E-02,occupants
590,2.64599E+07,structural
591,6.49538E-03,occupants
591,3.75859E+06,structural
592,4.76905E-04,occupants
592,5.63560E+05,structural
593,2.27973E-01,occupants
593,1.18796E+08,structural
594,9.74071E-01,occupants
594,2.36731E+08,structural
595,3.14095E-02,occupants
595,2.10568E+07,structural
596,4.06386E-03,occupants
596,2.85932E+06,structural
597,2.68504E-04,occupants
597,7.99331E+05,structural
598,1.68300E-01,occupants
598,4.01080E+07,structural
599,7.64319E-01,occupants
599,3.03841E+08,structural
600,2.98727E-02,occupants
600,6.71298E+06,structural
601,2.64281E-03,occupants
601,2.77813E+06,structural
602,7.03083E-05,occupants
602,1.92341E+05,structural
603,1.76256E-01,occupants
603,7.53579E+07,structural
604,7.76286E-01,occupants
604,3.20668E+08,structural
605,3.81413E-02,occupants
605,4.25844E+07,structural
606,3.79095E-03,occupants
606,3.31203E+06,structural
607,1.18606E-04,occupants
607,9.14374E+05,structural
608,2.07859E-01,occupants
608,1.72022E+08,structural
609,8.77218E-01,occupants
609,3.65433E+08,structural
610,2.29814E-02,occupants
610,1.10872E+07,structural
611,1.81226E-03,occupants
611,3.33052E+06,structural
612,4.18946E-05,occupants
612,1.43464E+05,structural
613,1.47695E-01,occupants
613,5.53492E+07,structural
614,6.86133E-01,occupants
614,2.73518E+08,structural
615,2.64393E-03,occupants
615,8.25018E+06,structural
616,2.39779E-04,occupants
616,5.97486E+05,structural
617,1.23702E-05,occupants
617,1.13793E+05,structural
618,2.20428E-02,occupants
618,3.39735E+07,structural
619,1.74281E-01,occupants
619,1.47405E+08,structural
620,3.57848E-03,occupants
620,2.76666E+06,structural
621,3.46810E-04,occupants
621,1.30752E+06,structural
622,1.94348E-05,occupants
622,6.99182E+04,structural
623,2.73128E-02,occupants
623,3.59449E+07,structural
624,2.03680E-01,occupants
624,1.58582E+08,structural
625,1.98381E-03,occupants
625,6.13244E+06,structural
626,1.61824E-04,occupants
626,7.49873E+05,structural
627,7.31525E-06,occupants
627,5.81114E+04,structural
628,1.78601E-02,occupants
628,1.92012E+07,structural
629,1.51155E-01,occupants
629,1.25553E+08,structural
630,1.71019E-02,occupants
630,1.36117E+07,structural
631,1.42005E-03,occupants
631,2.81509E+06,structural
632,3.76174E-05,occupants
632,8.97079E+04,structural
633,1.08459E-01,occupants
633,4.26813E+07,structural
634,5.29214E-01,occupants
634,2.31164E+08,structural
635,2.23029E-02,occupants
635,2.82092E+07,structural
636,2.04997E-03,occupants
636,2.70865E+06,structural
637,5.97189E-05,occupants
637,1.03822E+05,structural
638,1.31117E-01,occupants
638,5.07595E+07,structural
639,6.05398E-01,occupants
639,2.57992E+08,structural
640,1.30252E-02,occupants
640,1.93240E+07,structural
641,9.85737E-04,occupants
641,4.46472E+06,structural
642,2.37250E-05,occupants
642,3.04034E+05,structural
643,8.94253E-02,occupants
643,5.44661E+07,structural
644,4.61130E-01,occupants
644,1.95456E+08,structural
645,2.90887E-02,occupants
645,3.23552E+07,structural
646,3.66791E-03,occupants
646,7.21370E+06,structural
647,3.49909E-04,occupants
647,4.10619E+05,structural
648,1.96266E-01,occupants
648,1.58873E+08,structural
649,1.36074E+00,occupants
649,4.87424E+08,structural
650,3.71369E-02,occupants
650,4.06689E+07,structural
651,4.80053E-03,occupants
651,8.56381E+06,structural
652,4.47973E-04,occupants
652,2.22971E+06,structural
653,2.39016E-01,occupants
653,3.46842E+08,structural
654,1.58063E+00,occupants
654,5.91079E+08,structural
655,2.28549E-02,occupants
655,5.35704E+07,structural
656,2.82992E-03,occupants
656,2.65258E+06,structural
657,2.63288E-04,occupants
657,4.43607E+05,structural
658,1.61508E-01,occupants
658,1.38572E+08,structural
659,1.17433E+00,occupants
659,5.62907E+08,structural
660,2.93580E-03,occupants
660,6.20775E+07,structural
661,2.21720E-04,occupants
661,2.34702E+06,structural
662,9.04659E-06,occupants
662,6.88195E+04,structural
663,3.17004E-02,occupants
663,1.48712E+08,structural
664,3.05508E-01,occupants
664,3.14157E+08,structural
665,4.19378E-03,occupants
665,1.25011E+07,structural
666,3.21228E-04,occupants
666,5.26169E+06,structural
667,1.38528E-05,occupants
667,2.74538E+06,structural
668,4.17336E-02,occupants
668,5.08177E+07,structural
669,3.77512E-01,occupants
669,3.96211E+08,structural
670,2.16367E-03,occupants
670,2.71991E+07,structural
671,1.50580E-04,occupants
671,3.81877E+05,structural
672,5.54238E-06,occupants
672,1.66992E+05,structural
673,2.42147E-02,occupants
673,3.74001E+07,structural
674,2.47597E-01,occupants
674,1.55702E+08,structural
675,8.15337E-03,occupants
675,1.28510E+07,structural
676,8.79438E-04,occupants
676,9.92417E+05,structural
677,5.34033E-05,occupants
677,3.65526E+04,structural
678,5.82655E-02,occupants
678,8.93708E+07,structural
679,4.16075E-01,occupants
679,3.02288E+08,structural
680,1.00373E-02,occupants
680,1.20641E+07,structural
681,1.10076E-03,occupants
681,1.02990E+06,structural
682,6.93318E-05,occupants
682,5.32090E+04,structural
683,6.80984E-02,occupants
683,6.52752E+07,structural
684,4.75099E-01,occupants
684,4.84800E+08,structural
685,6.73342E-03,occupants
685,1.33456E+07,structural
686,6.85265E-04,occupants
686,1.39591E+06,structural
687,4.01406E-05,occupants
687,3.05826E+04,structural
688,4.97933E-02,occupants
688,9.66144E+07,structural
689,3.65964E-01,occupants
689,3.18732E+08,structural
690,1.40755E-01,occupants
690,2.88352E+08,structural
691,1.53392E-02,occupants
691,1.55953E+08,structural
692,7.35493E-04,occupants
692,4.42387E+07,structural
693,8.94771E-01,occupants
693,6.75923E+08,structural
694,5.45965E+00,occupants
694,1.71974E+09,structural
695,1.73106E-01,occupants
695,1.44991E+08,structural
696,2.01434E-02,occupants
696,4.20125E+07,structural
697,1.03088E-03,occupants
697,1.07579E+07,structural
698,1.04744E+00,occupants
698,7.85948E+08,structural
699,6.21683E+00,occupants
699,1.95124E+09,structural
700,1.15633E-01,occupants
700,3.43939E+08,structural
701,1.18568E-02,occupants
701,2.48255E+07,structural
702,5.30691E-04,occupants
702,3.06799E+07,structural
703,7.65118E-01,occupants
703,3.58777E+08,structural
704,4.79654E+00,occupants
704,1.75281E+09,structural
705,9.36853E-03,occupants
705,2.57500E+07,structural
706,9.24719E-04,occupants
706,1.49544E+07,structural
707,5.15009E-05,occupants
707,4.51449E+06,structural
708,7.03796E-02,occupants
708,1.22259E+08,structural
709,4.83376E-01,occupants
709,1.69060E+08,structural
710,1.12950E-02,occupants
710,6.68957E+07,structural
711,1.17438E-03,occupants
711,9.50038E+06,structural
712,6.62990E-05,occupants
712,4.08725E+05,structural
713,8.22101E-02,occupants
713,5.36983E+07,structural
714,5.52975E-01,occupants
714,2.43556E+08,structural
715,7.78428E-03,occupants
715,6.99072E+07,structural
716,7.51125E-04,occupants
716,2.69522E+06,structural
717,3.92705E-05,occupants
717,8.82118E+05,structural
718,6.02505E-02,occupants
718,8.71875E+07,structural
719,4.25764E-01,occupants
719,3.65764E+08,structural
720,1.52446E-02,occupants
720,2.03681E+07,structural
721,1.50807E-03,occupants
721,1.44497E+06,structural
722,7.74171E-05,occupants
722,1.36972E+06,structural
723,1.09661E-01,occupants
723,5.67860E+07,structural
724,7.36835E-01,occupants
724,2.99994E+08,structural
725,1.85394E-02,occupants
725,2.69404E+07,structural
726,2.01062E-03,occupants
726,3.06036E+06,structural
727,1.07559E-04,occupants
727,3.07269E+06,structural
728,1.30794E-01,occupants
728,8.27652E+07,structural
729,8.39953E-01,occupants
729,2.48880E+08,structural
730,1.22009E-02,occupants
730,1.36165E+07,structural
731,1.17483E-03,occupants
731,2.91424E+06,structural
732,5.63523E-05,occupants
732,1.70124E+06,structural
733,9.17177E-02,occupants
733,7.55576E+07,structural
734,6.49245E-01,occupants
734,2.11548E+08,structural
735,2.23373E+00,occupants
735,2.85352E+08,structural
736,5.59962E-01,occupants
736,1.73198E+08,structural
737,8.35822E-02,occupants
737,8.92311E+07,structural
738,6.70652E+00,occupants
738,1.36078E+09,structural
739,1.68740E+01,occupants
739,1.63721E+09,structural
740,2.51738E+00,occupants
740,3.24365E+08,structural
741,6.48543E-01,occupants
741,1.93024E+08,structural
742,9.96710E-02,occupants
742,6.86342E+07,structural
743,7.34393E+00,occupants
743,1.24607E+09,structural
744,1.80356E+01,occupants
744,2.74798E+09,structural
745,1.98922E+00,occupants
745,6.26886E+08,structural
746,4.76303E-01,occupants
746,2.09392E+08,structural
747,6.81312E-02,occupants
747,7.48691E+07,structural
748,6.10185E+00,occupants
748,7.11858E+08,structural
749,1.57890E+01,occupants
749,1.41270E+09,structural
750,2.62794E-02,occupants
750,9.41509E+07,structural
751,2.87810E-03,occupants
751,5.64014E+06,structural
752,1.68203E-04,occupants
752,2.33250E+06,structural
753,1.72702E-01,occupants
753,1.13322E+08,structural
754,1.03600E+00,occupants
754,3.24508E+08,structural
755,3.41362E-02,occupants
755,2.83609E+07,structural
756,3.97948E-03,occupants
756,6.45172E+06,structural
757,2.48779E-04,occupants
757,4.61960E+06,structural
758,2.16563E-01,occupants
758,1.38718E+08,structural
759,1.22779E+00,occupants
759,3.75146E+08,structural
760,2.01522E-02,occupants
760,1.96402E+07,structural
761,2.14087E-03,occupants
761,1.96584E+07,structural
762,1.25060E-04,occupants
762,5.28312E+06,structural
763,1.40335E-01,occupants
763,1.35957E+08,structural
764,8.77256E-01,occupants
764,3.86719E+08,structural
765,2.47086E-01,occupants
765,1.99632E+08,structural
766,3.57929E-02,occupants
766,1.08087E+08,structural
767,2.93024E-03,occupants
767,8.30864E+06,structural
768,1.26179E+00,occupants
768,1.79839E+08,structural
769,5.50248E+00,occupants
769,9.34723E+08,structural
770,2.92798E-01,occupants
770,1.67812E+08,structural
771,4.34650E-02,occupants
771,2.71368E+08,structural
772,3.77894E-03,occupants
772,1.02058E+07,structural
773,1.45480E+00,occupants
773,5.95124E+08,structural
774,6.11668E+00,occupants
774,9.02070E+08,structural
775,2.05378E-01,occupants
775,2.12269E+08,structural
776,2.86833E-02,occupants
776,1.33729E+08,structural
777,2.23001E-03,occupants
777,1.26254E+08,structural
778,1.08713E+00,occupants
778,1.54048E+09,structural
779,4.92210E+00,occupants
779,2.30947E+09,structural
780,7.13570E-02,occupants
780,9.74330E+06,structural
781,1.08366E-02,occupants
781,2.93997E+06,structural
782,9.36305E-04,occupants
782,8.72004E+06,structural
783,3.40985E-01,occupants
783,2.10226E+08,structural
784,1.36287E+00,occupants
784,8.25496E+07,structural
785,9.70136E-02,occupants
785,4.48671E+07,structural
786,1.57730E-02,occupants
786,3.67013E+06,structural
787,1.43476E-03,occupants
787,8.59968E+06,structural
788,4.36711E-01,occupants
788,2.31985E+07,structural
789,1.65249E+00,occupants
789,2.22359E+08,structural
790,5.13625E-02,occupants
790,5.51181E+07,structural
791,7.41460E-03,occupants
791,2.21976E+06,structural
792,5.89857E-04,occupants
792,1.26878E+06,structural
793,2.62175E-01,occupants
793,1.32803E+08,structural
794,1.11351E+00,occupants
794,9.59581E+07,structural
795,5.19435E-03,occupants
795,4.64304E+07,structural
796,2.14332E-04,occupants
796,2.24902E+06,structural
797,2.29708E-06,occupants
797,4.55711E+05,structural
798,6.46909E-02,occupants
798,5.84242E+07,structural
799,5.58307E-01,occupants
799,2.78774E+08,structural
800,6.66980E-03,occupants
800,2.07576E+07,structural
801,2.97737E-04,occupants
801,1.50551E+06,structural
802,3.91321E-06,occupants
802,5.65560E+05,structural
803,7.82305E-02,occupants
803,7.46538E+07,structural
804,6.43598E-01,occupants
804,2.52332E+08,structural
805,4.05111E-03,occupants
805,3.78597E+07,structural
806,1.59529E-04,occupants
806,7.85512E+06,structural
807,1.70648E-06,occupants
807,1.11481E+05,structural
808,5.35872E-02,occupants
808,1.15789E+08,structural
809,4.84720E-01,occupants
809,1.73510E+08,structural
810,2.15290E+00,occupants
810,8.46913E+08,structural
811,7.64503E-01,occupants
811,4.42918E+07,structural
812,1.71426E-01,occupants
812,3.37963E+07,structural
813,4.65593E+00,occupants
813,9.33194E+08,structural
814,8.74416E+00,occupants
814,5.10460E+08,structural
815,2.52157E+00,occupants
815,2.51198E+08,structural
816,9.44064E-01,occupants
816,1.13429E+08,structural
817,2.26412E-01,occupants
817,5.83459E+07,structural
818,5.20224E+00,occupants
818,7.00340E+08,structural
819,9.41817E+00,occupants
819,1.09036E+09,structural
820,1.82453E+00,occupants
820,1.09696E+08,structural
821,6.15701E-01,occupants
821,4.53516E+07,structural
822,1.29191E-01,occupants
822,1.68222E+08,structural
823,4.13397E+00,occupants
823,3.50349E+08,structural
824,8.06177E+00,occupants
824,9.47725E+08,structural
825,3.89280E-01,occupants
825,1.68114E+08,structural
826,9.76765E-02,occupants
826,3.54273E+07,structural
827,1.78569E-02,occupants
827,3.10076E+07,structural
828,1.53238E+00,occupants
828,5.21796E+08,structural
829,6.79842E+00,occupants
829,9.96386E+08,structural
830,4.60302E-01,occupants
830,2.51310E+08,structural
831,1.20107E-01,occupants
831,6.88543E+07,structural
832,2.34103E-02,occupants
832,6.57703E+07,structural
833,1.77366E+00,occupants
833,4.57717E+08,structural
834,7.68386E+00,occupants
834,1.09757E+09,structural
835,3.27229E-01,occupants
835,1.96261E+08,structural
836,7.89139E-02,occupants
836,7.40589E+07,structural
837,1.33431E-02,occupants
837,1.39639E+07,structural
838,1.31923E+00,occupants
838,3.10746E+08,structural
839,6.01554E+00,occupants
839,1.72670E+09,structural
840,1.03935E-02,occupants
840,5.99232E+07,structural
841,1.03241E-03,occupants
841,6.00625E+06,structural
842,6.90353E-05,occupants
842,2.43583E+06,structural
843,8.82094E-02,occupants
843,6.55508E+07,structural
844,6.99963E-01,occupants
844,5.87297E+08,structural
845,1.33947E-02,occupants
845,2.68129E+07,structural
846,1.33934E-03,occupants
846,1.29148E+07,structural
847,8.94106E-05,occupants
847,3.73377E+05,structural
848,1.11833E-01,occupants
848,2.71041E+08,structural
849,8.51819E-01,occupants
849,4.84737E+08,structural
850,8.05690E-03,occupants
850,2.67610E+07,structural
851,8.08359E-04,occupants
851,6.44831E+06,structural
852,5.52752E-05,occupants
852,2.88562E+06,structural
853,7.01251E-02,occupants
853,4.62881E+07,structural
854,5.77468E-01,occupants
854,2.48746E+08,structural
855,3.85153E-01,occupants
855,9.98992E+07,structural
856,1.19618E-01,occupants
856,3.22922E+07,structural
857,2.82716E-02,occupants
857,1.41470E+07,structural
858,1.16859E+00,occupants
858,2.47504E+08,structural
859,3.84969E+00,occupants
859,1.02998E+09,structural
860,4.42842E-01,occupants
860,1.14110E+08,structural
861,1.35582E-01,occupants
861,1.13985E+08,structural
862,3.17587E-02,occupants
862,2.39760E+07,structural
863,1.34526E+00,occupants
863,2.71472E+08,structural
864,4.37041E+00,occupants
864,1.21092E+09,structural
865,3.38342E-01,occupants
865,7.71437E+07,structural
866,1.06294E-01,occupants
866,3.79820E+07,structural
867,2.53360E-02,occupants
867,1.02775E+07,structural
868,1.01894E+00,occupants
868,1.96436E+08,structural
869,3.38715E+00,occupants
869,7.60663E+08,structural
870,5.91320E-03,occupants
870,1.43496E+07,structural
871,5.23135E-04,occupants
871,1.50569E+06,structural
872,3.69828E-05,occupants
872,1.52360E+05,structural
873,4.96045E-02,occupants
873,3.51131E+07,structural
874,3.47814E-01,occupants
874,1.99809E+08,structural
875,7.79179E-03,occupants
875,1.46997E+07,structural
876,7.01594E-04,occupants
876,2.29086E+06,structural
877,4.88000E-05,occupants
877,2.20055E+04,structural
878,6.17229E-02,occupants
878,5.91066E+07,structural
879,4.12462E-01,occupants
879,2.61234E+08,structural
880,4.58943E-03,occupants
880,1.12538E+07,structural
881,4.01025E-04,occupants
881,1.01805E+06,structural
882,2.89185E-05,occupants
882,7.69055E+04,structural
883,4.03326E-02,occupants
883,4.47372E+07,structural
884,2.95359E-01,occupants
884,2.08886E+08,structural
885,6.29380E-02,occupants
885,6.40050E+07,structural
886,8.01055E-03,occupants
886,7.97007E+06,structural
887,5.91949E-04,occupants
887,4.05476E+06,structural
888,3.66952E-01,occupants
888,1.91071E+08,structural
889,1.79783E+00,occupants
889,5.05454E+08,structural
890,7.69707E-02,occupants
890,4.81657E+07,structural
891,1.01552E-02,occupants
891,2.39175E+07,structural
892,8.04153E-04,occupants
892,5.54625E+06,structural
893,4.30563E-01,occupants
893,1.29943E+08,structural
894,2.00868E+00,occupants
894,6.55449E+08,structural
895,5.22720E-02,occupants
895,3.87876E+07,structural
896,6.40670E-03,occupants
896,2.99131E+07,structural
897,4.62411E-04,occupants
897,8.94152E+06,structural
898,3.17495E-01,occupants
898,1.42151E+08,structural
899,1.61525E+00,occupants
899,4.41777E+08,structural
900,1.76979E-02,occupants
900,8.08988E+07,structural
901,2.07978E-03,occupants
901,1.26903E+07,structural
902,1.38744E-04,occupants
902,3.19348E+06,structural
903,1.22903E-01,occupants
903,2.12336E+08,structural
904,9.27834E-01,occupants
904,7.00731E+08,structural
905,2.41145E-02,occupants
905,4.33831E+07,structural
906,2.99112E-03,occupants
906,3.17327E+06,structural
907,2.06154E-04,occupants
907,4.15830E+05,structural
908,1.59276E-01,occupants
908,9.85251E+07,structural
909,1.12154E+00,occupants
909,6.12275E+08,structural
910,1.27589E-02,occupants
910,6.95177E+07,structural
911,1.41542E-03,occupants
911,1.19420E+07,structural
912,9.14211E-05,occupants
912,1.70182E+06,structural
913,9.42490E-02,occupants
913,1.06214E+08,structural
914,7.67924E-01,occupants
914,7.67348E+08,structural
915,5.18210E-02,occupants
915,2.23291E+07,structural
916,8.07864E-03,occupants
916,1.69277E+07,structural
917,7.08340E-04,occupants
917,5.77762E+05,structural
918,2.60878E-01,occupants
918,1.74849E+08,structural
919,1.39737E+00,occupants
919,4.08372E+08,structural
920,6.62181E-02,occupants
920,5.90948E+07,structural
921,1.12220E-02,occupants
921,4.34276E+07,structural
922,1.05943E-03,occupants
922,6.93756E+05,structural
923,3.15542E-01,occupants
923,2.04616E+08,structural
924,1.61473E+00,occupants
924,3.43195E+08,structural
925,3.97078E-02,occupants
925,2.65007E+07,structural
926,5.85747E-03,occupants
926,8.46489E+06,structural
927,4.73833E-04,occupants
927,3.52852E+06,structural
928,2.14327E-01,occupants
928,8.65568E+07,structural
929,1.20402E+00,occupants
929,5.92981E+08,structural
930,1.75746E-02,occupants
930,2.75173E+07,structural
931,2.14880E-03,occupants
931,8.69884E+06,structural
932,1.87995E-04,occupants
932,1.59675E+06,structural
933,1.40189E-01,occupants
933,1.46547E+08,structural
934,1.10938E+00,occupants
934,5.32674E+08,structural
935,2.20445E-02,occupants
935,2.81455E+07,structural
936,2.66685E-03,occupants
936,2.24124E+07,structural
937,2.40249E-04,occupants
937,3.07843E+06,structural
938,1.71199E-01,occupants
938,1.38217E+08,structural
939,1.29362E+00,occupants
939,1.27771E+09,structural
940,1.43155E-02,occupants
940,4.19293E+07,structural
941,1.73084E-03,occupants
941,1.32769E+07,structural
942,1.55787E-04,occupants
942,1.07700E+06,structural
943,1.16074E-01,occupants
943,1.07208E+08,structural
944,9.54089E-01,occupants
944,8.11782E+08,structural
945,1.08470E-01,occupants
945,8.14065E+07,structural
946,2.02043E-02,occupants
946,1.84606E+07,structural
947,2.25257E-03,occupants
947,5.74229E+06,structural
948,4.98211E-01,occupants
948,1.11285E+08,structural
949,2.19066E+00,occupants
949,5.31120E+08,structural
950,1.34367E-01,occupants
950,1.06296E+08,structural
951,2.60263E-02,occupants
951,2.86492E+07,structural
952,3.10107E-03,occupants
952,2.78438E+06,structural
953,6.01939E-01,occupants
953,1.92539E+08,structural
954,2.52734E+00,occupants
954,3.99099E+08,structural
955,8.67688E-02,occupants
955,3.69963E+07,structural
956,1.57123E-02,occupants
956,1.64670E+07,structural
957,1.67363E-03,occupants
957,4.54530E+06,structural
958,4.10188E-01,occupants
958,1.11993E+08,structural
959,1.89067E+00,occupants
959,4.73769E+08,structural
960,2.25269E-02,occupants
960,5.14941E+07,structural
961,2.87149E-03,occupants
961,1.50271E+07,structural
962,2.05786E-04,occupants
962,4.22272E+06,structural
963,1.37888E-01,occupants
963,5.83936E+07,structural
964,7.97315E-01,occupants
964,3.33516E+08,structural
965,2.87774E-02,occupants
965,3.38565E+07,structural
966,3.83631E-03,occupants
966,1.91235E+07,structural
967,2.93312E-04,occupants
967,3.02269E+06,structural
968,1.68543E-01,occupants
968,6.97832E+07,structural
969,9.37996E-01,occupants
969,3.76707E+08,structural
970,1.76883E-02,occupants
970,1.64595E+07,structural
971,2.15687E-03,occupants
971,3.34278E+06,structural
972,1.47791E-04,occupants
972,6.87782E+05,structural
973,1.13137E-01,occupants
973,6.29768E+07,structural
974,6.81210E-01,occupants
974,2.84127E+08,structural
975,5.29112E-01,occupants
975,4.68669E+08,structural
976,1.17236E-01,occupants
976,1.21986E+08,structural
977,1.54665E-02,occupants
977,7.68560E+07,structural
978,1.82198E+00,occupants
978,5.41783E+08,structural
979,5.71490E+00,occupants
979,9.62098E+08,structural
980,6.66782E-01,occupants
980,2.29138E+08,structural
981,1.57665E-01,occupants
981,4.08677E+07,structural
982,2.22798E-02,occupants
982,4.21039E+07,structural
983,2.17275E+00,occupants
983,4.22574E+08,structural
984,6.51194E+00,occupants
984,1.34017E+09,structural
985,4.17045E-01,occupants
985,2.08688E+08,structural
986,8.77852E-02,occupants
986,3.91989E+07,structural
987,1.06054E-02,occupants
987,5.80113E+07,structural
988,1.51175E+00,occupants
988,5.53859E+08,structural
989,4.98861E+00,occupants
989,1.59553E+09,structural
990,2.97054E-01,occupants
990,8.68824E+07,structural
991,6.15386E-02,occupants
991,1.83016E+07,structural
992,7.02580E-03,occupants
992,6.40523E+06,structural
993,1.03872E+00,occupants
993,1.28647E+08,structural
994,3.05099E+00,occupants
994,4.49155E+08,structural
995,3.70289E-01,occupants
995,4.86120E+07,structural
996,8.11156E-02,occupants
996,3.21821E+07,structural
997,9.99219E-03,occupants
997,7.72908E+06,structural
998,1.22383E+00,occupants
998,2.22853E+08,structural
999,3.43490E+00,occupants
999,5.79112E+08,structural
1000,2.37178E-01,occupants
1000,4.88775E+07,structural
1001,4.53557E-02,occupants
1001,2.04267E+07,structural
1002,4.82903E-03,occupants
1002,7.55429E+06,structural
1003,8.72981E-01,occupants
1003,1.10360E+08,structural
1004,2.69851E+00,occupants
1004,4.18501E+08,structural
1005,1.03435E-01,occupants
1005,4.23468E+07,structural
1006,1.52111E-02,occupants
1006,2.17231E+07,structural
1007,1.40906E-03,occupants
1007,1.67238E+07,structural
1008,5.47145E-01,occupants
1008,8.55827E+07,structural
1009,2.63765E+00,occupants
1009,5.92817E+08,structural
1010,1.26816E-01,occupants
1010,6.39269E+07,structural
1011,1.89863E-02,occupants
1011,1.80069E+07,structural
1012,1.73228E-03,occupants
1012,8.81418E+06,structural
1013,6.56153E-01,occupants
1013,1.38372E+08,structural
1014,3.06283E+00,occupants
1014,8.32706E+08,structural
1015,8.44990E-02,occupants
1015,6.55122E+07,structural
1016,1.22454E-02,occupants
1016,3.75283E+07,structural
1017,1.15271E-03,occupants
1017,1.93122E+07,structural
1018,4.57500E-01,occupants
1018,2.23877E+08,structural
1019,2.27238E+00,occupants
1019,7.58620E+08,structural
1020,5.56444E-01,occupants
1020,5.94655E+07,structural
1021,1.27609E-01,occupants
1021,6.69512E+07,structural
1022,1.66609E-02,occupants
1022,5.13925E+06,structural
1023,1.77135E+00,occupants
1023,2.71706E+08,structural
1024,4.92709E+00,occupants
1024,8.63298E+08,structural
1025,6.74516E-01,occupants
1025,1.14043E+08,structural
1026,1.66602E-01,occupants
1026,1.07366E+08,structural
1027,2.34890E-02,occupants
1027,1.77508E+07,structural
1028,2.04930E+00,occupants
1028,3.24089E+08,structural
1029,5.45841E+00,occupants
1029,5.80397E+08,structural
1030,4.51203E-01,occupants
1030,9.44251E+07,structural
1031,9.93145E-02,occupants
1031,3.42676E+07,structural
1032,1.22069E-02,occupants
1032,1.52424E+07,structural
1033,1.52265E+00,occupants
1033,2.55080E+08,structural
1034,4.41775E+00,occupants
1034,5.09720E+08,structural
1035,1.49631E-02,occupants
1035,1.09944E+07,structural
1036,1.51781E-03,occupants
1036,1.05481E+07,structural
1037,6.92907E-05,occupants
1037,1.31746E+06,structural
1038,9.83936E-02,occupants
1038,3.63536E+07,structural
1039,5.98748E-01,occupants
1039,1.69915E+08,structural
1040,1.73372E-02,occupants
1040,8.32434E+07,structural
1041,1.83120E-03,occupants
1041,2.09421E+07,structural
1042,8.17683E-05,occupants
1042,1.05747E+07,structural
1043,1.09986E-01,occupants
1043,4.69259E+07,structural
1044,6.73005E-01,occupants
1044,4.61171E+08,structural
1045,1.31223E-02,occupants
1045,1.59735E+07,structural
1046,1.29645E-03,occupants
1046,1.16718E+07,structural
1047,6.27168E-05,occupants
1047,8.03116E+05,structural
1048,8.89626E-02,occupants
1048,9.60307E+07,structural
1049,5.41536E-01,occupants
1049,3.70762E+08,structural
1050,3.39373E-02,occupants
1050,9.16480E+07,structural
1051,3.68433E-03,occupants
1051,2.11355E+07,structural
1052,2.07506E-04,occupants
1052,1.44587E+06,structural
1053,2.33645E-01,occupants
1053,1.89097E+08,structural
1054,1.34597E+00,occupants
1054,4.04973E+08,structural
1055,4.29245E-02,occupants
1055,3.71806E+07,structural
1056,4.82014E-03,occupants
1056,4.29739E+07,structural
1057,2.94174E-04,occupants
1057,1.10066E+06,structural
1058,2.72019E-01,occupants
1058,2.17143E+08,structural
1059,1.50901E+00,occupants
1059,2.76310E+08,structural
1060,2.77287E-02,occupants
1060,7.76555E+07,structural
1061,2.75169E-03,occupants
1061,7.83639E+06,structural
1062,1.41602E-04,occupants
1062,9.77106E+04,structural
1063,1.98609E-01,occupants
1063,5.37528E+07,structural
1064,1.19372E+00,occupants
1064,2.87671E+08,structural
1065,5.93678E-03,occupants
1065,9.43437E+06,structural
1066,6.62538E-04,occupants
1066,1.23162E+07,structural
1067,3.97738E-05,occupants
1067,2.07388E+05,structural
1068,4.10272E-02,occupants
1068,4.76142E+07,structural
1069,2.89572E-01,occupants
1069,2.95240E+08,structural
1070,8.16161E-03,occupants
1070,2.72153E+07,structural
1071,9.88735E-04,occupants
1071,9.32246E+05,structural
1072,6.43173E-05,occupants
1072,3.42861E+05,structural
1073,5.40770E-02,occupants
1073,8.43623E+07,structural
1074,3.60064E-01,occupants
1074,4.49969E+08,structural
1075,4.22111E-03,occupants
1075,2.81303E+07,structural
1076,4.43553E-04,occupants
1076,2.45796E+06,structural
1077,2.56795E-05,occupants
1077,1.15898E+05,structural
1078,3.10858E-02,occupants
1078,6.01512E+07,structural
1079,2.31428E-01,occupants
1079,2.96664E+08,structural
1080,2.90295E-02,occupants
1080,3.91975E+07,structural
1081,2.54453E-03,occupants
1081,1.94331E+07,structural
1082,1.34880E-04,occupants
1082,2.63697E+06,structural
1083,2.50573E-01,occupants
1083,1.61035E+08,structural
1084,1.67846E+00,occupants
1084,6.28870E+08,structural
1085,3.87727E-02,occupants
1085,5.29723E+07,structural
1086,3.45933E-03,occupants
1086,3.66223E+07,structural
1087,1.85974E-04,occupants
1087,6.31693E+06,structural
1088,3.17007E-01,occupants
1088,1.68068E+08,structural
1089,1.99983E+00,occupants
1089,6.41780E+08,structural
1090,2.24623E-02,occupants
1090,5.00250E+07,structural
1091,1.93712E-03,occupants
1091,2.83474E+07,structural
1092,1.02655E-04,occupants
1092,1.11086E+06,structural
1093,1.98971E-01,occupants
1093,6.57682E+07,structural
1094,1.41018E+00,occupants
1094,3.62105E+08,structural
1095,3.52806E-01,occupants
1095,1.89265E+08,structural
1096,5.84875E-02,occupants
1096,2.59310E+07,structural
1097,5.06880E-03,occupants
1097,9.24215E+06,structural
1098,1.53339E+00,occupants
1098,3.95995E+08,structural
1099,5.46103E+00,occupants
1099,7.74739E+08,structural
1100,4.45254E-01,occupants
1100,9.19940E+07,structural
1101,7.92630E-02,occupants
1101,4.80624E+07,structural
1102,7.45235E-03,occupants
1102,1.93103E+07,structural
1103,1.83716E+00,occupants
1103,2.84648E+08,structural
1104,6.19743E+00,occupants
1104,9.68140E+08,structural
1105,2.77395E-01,occupants
1105,6.18133E+07,structural
1106,4.28888E-02,occupants
1106,1.90178E+07,structural
1107,3.43725E-03,occupants
1107,1.01552E+07,structural
1108,1.27265E+00,occupants
1108,2.34845E+08,structural
1109,4.78554E+00,occupants
1109,7.02879E+08,structural
1110,3.88771E-02,occupants
1110,4.37662E+07,structural
1111,3.80674E-03,occupants
1111,1.36807E+07,structural
1112,2.02413E-04,occupants
1112,4.90707E+05,structural
1113,2.75740E-01,occupants
1113,1.65215E+08,structural
1114,1.57485E+00,occupants
1114,7.04463E+08,structural
1115,4.99814E-02,occupants
1115,1.62006E+07,structural
1116,5.24817E-03,occupants
1116,1.29614E+07,structural
1117,3.05971E-04,occupants
1117,7.60397E+05,structural
1118,3.29541E-01,occupants
1118,9.50920E+07,structural
1119,1.77984E+00,occupants
1119,5.38312E+08,structural
1120,3.05730E-02,occupants
1120,1.74121E+07,structural
1121,2.71878E-03,occupants
1121,7.18473E+06,structural
1122,1.27236E-04,occupants
1122,2.17327E+05,structural
1123,2.29708E-01,occupants
1123,1.12026E+08,structural
1124,1.38978E+00,occupants
1124,5.79940E+08,structural
1125,1.71620E-02,occupants
1125,4.71386E+07,structural
1126,1.91507E-03,occupants
1126,6.24140E+06,structural
1127,1.19638E-04,occupants
1127,5.52248E+04,structural
1128,1.17294E-01,occupants
1128,7.49108E+07,structural
1129,7.54345E-01,occupants
1129,3.33349E+08,structural
1130,2.41931E-02,occupants
1130,7.21328E+07,structural
1131,2.88065E-03,occupants
1131,3.07484E+07,structural
1132,1.86027E-04,occupants
1132,8.01683E+06,structural
1133,1.55846E-01,occupants
1133,1.03503E+08,structural
1134,9.48186E-01,occupants
1134,4.42543E+08,structural
1135,1.19189E-02,occupants
1135,8.51475E+06,structural
1136,1.23608E-03,occupants
1136,5.72454E+06,structural
1137,7.36882E-05,occupants
1137,4.10891E+06,structural
1138,8.70627E-02,occupants
1138,3.66648E+07,structural
1139,5.93830E-01,occupants
1139,3.05288E+08,structural
1140,1.75774E-02,occupants
1140,4.26739E+07,structural
1141,2.02222E-03,occupants
1141,3.68333E+06,structural
1142,1.18642E-04,occupants
1142,3.02557E+06,structural
1143,1.14966E-01,occupants
1143,7.51117E+07,structural
1144,7.33335E-01,occupants
1144,5.43770E+08,structural
1145,2.23465E-02,occupants
1145,2.05249E+07,structural
1146,2.55885E-03,occupants
1146,8.85486E+06,structural
1147,1.55446E-04,occupants
1147,2.89010E+06,structural
1148,1.40911E-01,occupants
1148,8.45615E+07,structural
1149,8.82425E-01,occupants
1149,3.81695E+08,structural
1150,1.43370E-02,occupants
1150,2.38958E+07,structural
1151,1.58558E-03,occupants
1151,2.47144E+07,structural
1152,9.09941E-05,occupants
1152,2.42249E+04,structural
1153,9.41338E-02,occupants
1153,5.80228E+07,structural
1154,6.08828E-01,occupants
1154,2.91662E+08,structural
1155,8.86043E-01,occupants
1155,2.70322E+08,structural
1156,2.44503E-01,occupants
1156,5.77859E+07,structural
1157,4.17881E-02,occupants
1157,1.30578E+07,structural
1158,2.49088E+00,occupants
1158,5.32921E+08,structural
1159,6.72119E+00,occupants
1159,1.23059E+09,structural
1160,1.07144E+00,occupants
1160,3.11658E+08,structural
1161,3.08412E-01,occupants
1161,9.53376E+07,structural
1162,5.52070E-02,occupants
1162,7.26263E+06,structural
1163,2.89276E+00,occupants
1163,2.94183E+08,structural
1164,7.54815E+00,occupants
1164,1.26054E+09,structural
1165,7.27239E-01,occupants
1165,1.51411E+08,structural
1166,1.92072E-01,occupants
1166,1.87659E+07,structural
1167,3.19942E-02,occupants
1167,3.36412E+07,structural
1168,2.13299E+00,occupants
1168,2.99366E+08,structural
1169,5.95633E+00,occupants
1169,2.62042E+09,structural
1170,1.57602E-03,occupants
1170,1.60641E+06,structural
1171,4.94220E-05,occupants
1171,2.24989E+05,structural
1172,4.48176E-07,occupants
1173,2.38892E-02,occupants
1173,3.03380E+07,structural
1174,2.28347E-01,occupants
1174,2.99966E+08,structural
1175,2.13129E-03,occupants
1175,5.79017E+06,structural
1176,7.03801E-05,occupants
1176,1.98257E+06,structural
1177,7.62397E-07,occupants
1177,2.30968E+06,structural
1178,3.03137E-02,occupants
1178,2.39420E+07,structural
1179,2.73442E-01,occupants
1179,3.42141E+08,structural
1180,1.13381E-03,occupants
1180,7.68694E+06,structural
1181,3.18902E-05,occupants
1181,2.82347E+05,structural
1182,2.79164E-07,occupants
1182,3.29801E+04,structural
1183,1.87248E-02,occupants
1183,2.79725E+07,structural
1184,1.90200E-01,occupants
1184,1.25697E+08,structural
1185,2.95950E-03,occupants
1185,2.14696E+07,structural
1186,1.60487E-04,occupants
1186,3.43654E+06,structural
1187,6.20875E-06,occupants
1187,7.52612E+05,structural
1188,4.28468E-02,occupants
1188,3.26135E+07,structural
1189,4.82665E-01,occupants
1189,3.07619E+08,structural
1190,3.90036E-03,occupants
1190,8.57082E+06,structural
1191,2.26692E-04,occupants
1191,3.92071E+06,structural
1192,9.19581E-06,occupants
1192,2.98397E+05,structural
1193,5.40697E-02,occupants
1193,2.83551E+07,structural
1194,5.69209E-01,occupants
1194,1.92075E+08,structural
1195,2.22118E-03,occupants
1195,1.53933E+07,structural
1196,1.14313E-04,occupants
1196,1.20377E+06,structural
1197,4.41434E-06,occupants
1197,2.70872E+05,structural
1198,3.40566E-02,occupants
1198,4.25350E+07,structural
1199,4.06261E-01,occupants
1199,2.11034E+08,structural
1200,1.53286E-01,occupants
1200,8.18281E+07,structural
1201,1.91080E-02,occupants
1201,8.02082E+07,structural
1202,1.27381E-03,occupants
1202,3.82373E+07,structural
1203,8.76636E-01,occupants
1203,2.39749E+08,structural
1204,4.22297E+00,occupants
1204,8.46029E+08,structural
1205,1.82834E-01,occupants
1205,6.52377E+08,structural
1206,2.37530E-02,occupants
1206,2.93428E+08,structural
1207,1.68040E-03,occupants
1207,5.91005E+07,structural
1208,1.01903E+00,occupants
1208,1.82029E+08,structural
1209,4.71228E+00,occupants
1209,7.48954E+08,structural
1210,1.26357E-01,occupants
1210,1.79210E+08,structural
1211,1.53233E-02,occupants
1211,1.05679E+07,structural
1212,9.86113E-04,occupants
1212,6.07312E+06,structural
1213,7.59624E-01,occupants
1213,5.78832E+08,structural
1214,3.77565E+00,occupants
1214,1.34348E+09,structural
1215,1.39858E-01,occupants
1215,6.45109E+07,structural
1216,2.15798E-02,occupants
1216,3.19458E+07,structural
1217,1.86526E-03,occupants
1217,2.87859E+06,structural
1218,6.73054E-01,occupants
1218,2.33351E+08,structural
1219,2.80673E+00,occupants
1219,8.00909E+08,structural
1220,1.74475E-01,occupants
1220,1.26351E+08,structural
1221,2.80978E-02,occupants
1221,1.64768E+07,structural
1222,2.58455E-03,occupants
1222,1.07472E+07,structural
1223,8.07900E-01,occupants
1223,2.82068E+08,structural
1224,3.21019E+00,occupants
1224,1.20729E+09,structural
1225,1.12353E-01,occupants
1225,6.23095E+07,structural
1226,1.66703E-02,occupants
1226,2.13878E+07,structural
1227,1.42864E-03,occupants
1227,5.31188E+06,structural
1228,5.65624E-01,occupants
1228,1.79114E+08,structural
1229,2.45445E+00,occupants
1229,3.70765E+08,structural
1230,1.76987E-01,occupants
1230,3.32538E+08,structural
1231,2.73300E-02,occupants
1231,8.47901E+07,structural
1232,2.14311E-03,occupants
1232,1.57083E+07,structural
1233,9.41268E-01,occupants
1233,5.65034E+08,structural
1234,5.27789E+00,occupants
1234,1.47978E+09,structural
1235,2.13389E-01,occupants
1235,1.39438E+08,structural
1236,3.52799E-02,occupants
1236,6.29203E+07,structural
1237,2.94988E-03,occupants
1237,9.44609E+06,structural
1238,1.09244E+00,occupants
1238,4.78784E+08,structural
1239,5.93261E+00,occupants
1239,1.84594E+09,structural
1240,1.44492E-01,occupants
1240,9.56542E+07,structural
1241,2.10499E-02,occupants
1241,5.79417E+07,structural
1242,1.50250E-03,occupants
1242,1.31061E+07,structural
1243,8.04830E-01,occupants
1243,8.34633E+08,structural
1244,4.67382E+00,occupants
1244,1.27421E+09,structural
1245,3.54157E-02,occupants
1245,6.47648E+07,structural
1246,4.09208E-03,occupants
1246,9.40205E+06,structural
1247,3.07294E-04,occupants
1247,8.06746E+05,structural
1248,2.50075E-01,occupants
1248,1.08243E+08,structural
1249,1.58489E+00,occupants
1249,6.63246E+08,structural
1250,4.32482E-02,occupants
1250,2.48937E+08,structural
1251,5.05055E-03,occupants
1251,2.41597E+07,structural
1252,3.95900E-04,occupants
1252,4.34754E+06,structural
1253,2.98817E-01,occupants
1253,2.45695E+08,structural
1254,1.81999E+00,occupants
1254,4.94062E+08,structural
1255,2.87750E-02,occupants
1255,5.67061E+07,structural
1256,3.23954E-03,occupants
1256,3.14593E+07,structural
1257,2.39043E-04,occupants
1257,3.39508E+06,structural
1258,2.10418E-01,occupants
1258,8.87117E+07,structural
1259,1.38237E+00,occupants
1259,5.76754E+08,structural
1260,3.07140E-01,occupants
1260,1.18694E+08,structural
1261,1.31358E-01,occupants
1261,4.90081E+07,structural
1262,3.94922E-02,occupants
1262,1.59904E+07,structural
1263,7.40367E-01,occupants
1263,1.68881E+08,structural
1264,2.26572E+00,occupants
1264,3.08776E+08,structural
1265,3.52185E-01,occupants
1265,1.52255E+08,structural
1266,1.53949E-01,occupants
1266,3.29969E+07,structural
1267,4.94193E-02,occupants
1267,1.63726E+07,structural
1268,8.57515E-01,occupants
1268,9.44764E+07,structural
1269,2.62671E+00,occupants
1269,8.67680E+08,structural
1270,2.67898E-01,occupants
1270,6.46868E+07,structural
1271,1.11227E-01,occupants
1271,4.19700E+07,structural
1272,3.14333E-02,occupants
1272,1.06045E+07,structural
1273,6.40246E-01,occupants
1273,3.46341E+08,structural
1274,1.95349E+00,occupants
1274,2.66821E+08,structural
1275,4.47481E-03,occupants
1275,8.69848E+06,structural
1276,3.96673E-04,occupants
1276,1.93470E+06,structural
1277,1.83752E-05,occupants
1277,7.75240E+03,structural
1278,3.93820E-02,occupants
1278,5.80911E+07,structural
1279,3.19675E-01,occupants
1279,1.84300E+08,structural
1280,5.57810E-03,occupants
1280,6.26354E+06,structural
1281,5.16229E-04,occupants
1281,1.55568E+07,structural
1282,2.51977E-05,occupants
1282,2.10718E+04,structural
1283,4.79923E-02,occupants
1283,9.69683E+07,structural
1284,3.72932E-01,occupants
1284,6.89318E+08,structural
1285,3.54753E-03,occupants
1285,7.36150E+06,structural
1286,3.02028E-04,occupants
1286,1.59268E+06,structural
1287,1.37507E-05,occupants
1287,1.04907E+04,structural
1288,3.19985E-02,occupants
1288,1.44034E+07,structural
1289,2.72325E-01,occupants
1289,2.52873E+08,structural
1290,1.60609E-02,occupants
1290,2.20266E+07,structural
1291,2.03209E-03,occupants
1291,1.11740E+06,structural
1292,1.36913E-04,occupants
1292,4.11359E+05,structural
1293,9.32529E-02,occupants
1293,6.42998E+07,structural
1294,5.76046E-01,occupants
1294,3.03190E+08,structural
1295,2.12272E-02,occupants
1295,2.37039E+07,structural
1296,2.89642E-03,occupants
1296,3.64771E+06,structural
1297,2.11912E-04,occupants
1297,4.11230E+06,structural
1298,1.17207E-01,occupants
1298,7.83551E+07,structural
1299,6.97867E-01,occupants
1299,8.13803E+08,structural
1300,1.20490E-02,occupants
1300,3.19983E+07,structural
1301,1.46565E-03,occupants
1301,1.02115E+07,structural
1302,9.44230E-05,occupants
1302,3.14453E+05,structural
1303,7.42189E-02,occupants
1303,6.42018E+07,structural
1304,4.79570E-01,occupants
1304,4.58507E+08,structural
1305,6.05304E-04,occupants
1305,1.32593E+07,structural
1306,2.94167E-05,occupants
1306,1.18314E+06,structural
1307,5.11177E-07,occupants
1307,3.25613E+04,structural
1308,9.22821E-03,occupants
1308,2.88348E+07,structural
1309,1.24722E-01,occupants
1309,1.06234E+08,structural
1310,8.33553E-04,occupants
1310,6.71146E+06,structural
1311,4.23494E-05,occupants
1311,1.10165E+06,structural
1312,8.26790E-07,occupants
1312,9.86272E+05,structural
1313,1.19610E-02,occupants
1313,3.87061E+07,structural
1314,1.51677E-01,occupants
1314,1.73132E+08,structural
1315,4.59656E-04,occupants
1315,7.25795E+06,structural
1316,2.09284E-05,occupants
1316,3.03986E+05,structural
1317,2.65997E-07,occupants
1317,8.59260E+05,structural
1318,7.28671E-03,occupants
1318,3.69999E+07,structural
1319,1.03548E-01,occupants
1319,2.20259E+08,structural
1320,2.41438E-02,occupants
1320,7.40454E+06,structural
1321,4.46971E-03,occupants
1321,8.99686E+05,structural
1322,5.06446E-04,occupants
1322,3.16252E+05,structural
1323,1.04960E-01,occupants
1323,3.35134E+07,structural
1324,4.49548E-01,occupants
1324,1.52784E+08,structural
1325,2.77834E-02,occupants
1325,1.30405E+07,structural
1326,5.12660E-03,occupants
1326,2.07179E+06,structural
1327,5.89052E-04,occupants
1327,3.89419E+05,structural
1328,1.20478E-01,occupants
1328,3.15672E+07,structural
1329,5.09035E-01,occupants
1329,1.53459E+08,structural
1330,2.10371E-02,occupants
1330,4.73673E+06,structural
1331,3.88046E-03,occupants
1331,1.66528E+06,structural
1332,4.35833E-04,occupants
1332,1.64687E+05,structural
1333,9.17239E-02,occupants
1333,3.57901E+07,structural
1334,3.97596E-01,occupants
1334,1.20006E+08,structural
1335,8.22460E-03,occupants
1335,3.88577E+07,structural
1336,8.79353E-04,occupants
1336,1.53404E+06,structural
1337,6.25370E-05,occupants
1337,4.00060E+06,structural
1338,6.39623E-02,occupants
1338,1.02940E+08,structural
1339,4.73458E-01,occupants
1339,4.62726E+08,structural
1340,1.08190E-02,occupants
1340,2.20905E+07,structural
1341,1.18080E-03,occupants
1341,2.50747E+06,structural
1342,8.45686E-05,occupants
1342,1.76100E+05,structural
1343,8.07002E-02,occupants
1343,4.25360E+07,structural
1344,5.75453E-01,occupants
1344,5.35671E+08,structural
1345,6.25533E-03,occupants
1345,5.61462E+06,structural
1346,6.61863E-04,occupants
1346,3.17939E+06,structural
1347,4.85527E-05,occupants
1347,3.31365E+04,structural
1348,5.05583E-02,occupants
1348,9.47802E+07,structural
1349,3.88174E-01,occupants
1349,4.53132E+08,structural
1350,6.24915E-02,occupants
1350,4.61349E+07,structural
1351,9.82449E-03,occupants
1351,1.81616E+07,structural
1352,1.10581E-03,occupants
1352,3.48332E+06,structural
1353,3.51021E-01,occupants
1353,1.82806E+08,structural
1354,2.03419E+00,occupants
1354,9.51232E+08,structural
1355,7.60121E-02,occupants
1355,7.64982E+07,structural
1356,1.17438E-02,occupants
1356,1.19475E+07,structural
1357,1.30398E-03,occupants
1357,2.81966E+06,structural
1358,4.21684E-01,occupants
1358,1.76783E+08,structural
1359,2.37020E+00,occupants
1359,7.54889E+08,structural
1360,5.13742E-02,occupants
1360,4.62051E+07,structural
1361,8.27454E-03,occupants
1361,1.41298E+07,structural
1362,9.38960E-04,occupants
1362,1.83622E+06,structural
1363,2.94251E-01,occupants
1363,1.81636E+08,structural
1364,1.75101E+00,occupants
1364,6.73179E+08,structural
1365,1.45957E-02,occupants
1365,2.87296E+07,structural
1366,1.39604E-03,occupants
1366,1.05192E+07,structural
1367,7.00995E-05,occupants
1367,6.68200E+06,structural
1368,1.14864E-01,occupants
1368,8.66898E+07,structural
1369,7.90377E-01,occupants
1369,2.77084E+08,structural
1370,1.92208E-02,occupants
1370,3.33621E+07,structural
1371,1.90494E-03,occupants
1371,9.50306E+06,structural
1372,1.01712E-04,occupants
1372,1.44878E+06,structural
1373,1.44093E-01,occupants
1373,1.92693E+08,structural
1374,9.41555E-01,occupants
1374,5.55376E+08,structural
1375,1.12687E-02,occupants
1375,9.04240E+06,structural
1376,1.02574E-03,occupants
1376,1.85317E+07,structural
1377,5.02049E-05,occupants
1377,1.51592E+06,structural
1378,9.20209E-02,occupants
1378,1.79233E+08,structural
1379,6.66232E-01,occupants
1379,4.03773E+08,structural
1380,1.34439E-01,occupants
1380,3.36604E+07,structural
1381,3.99732E-02,occupants
1381,1.14083E+07,structural
1382,7.70352E-03,occupants
1382,4.44512E+06,structural
1383,3.91907E-01,occupants
1383,1.58361E+08,structural
1384,1.28606E+00,occupants
1384,5.12265E+08,structural
1385,1.54184E-01,occupants
1385,5.67123E+07,structural
1386,4.81260E-02,occupants
1386,2.79294E+07,structural
1387,9.88276E-03,occupants
1387,2.78558E+06,structural
1388,4.39249E-01,occupants
1388,1.39700E+08,structural
1389,1.44606E+00,occupants
1389,4.62891E+08,structural
1390,1.16915E-01,occupants
1390,6.52410E+07,structural
1391,3.29692E-02,occupants
1391,1.26365E+07,structural
1392,5.89488E-03,occupants
1392,5.76163E+06,structural
1393,3.49974E-01,occupants
1393,1.09643E+08,structural
1394,1.14867E+00,occupants
1394,4.68544E+08,structural
1395,7.34459E-03,occupants
1395,2.28487E+07,structural
1396,5.27271E-04,occupants
1396,3.60983E+06,structural
1397,1.97637E-05,occupants
1397,3.44361E+06,structural
1398,6.37639E-02,occupants
1398,3.46827E+07,structural
1399,4.12207E-01,occupants
1399,1.60931E+08,structural
1400,1.01955E-02,occupants
1400,1.03541E+07,structural
1401,7.91485E-04,occupants
1401,6.72577E+06,structural
1402,3.08701E-05,occupants
1402,4.38950E+05,structural
1403,8.23055E-02,occupants
1403,1.04372E+08,structural
1404,5.07002E-01,occupants
1404,1.37529E+08,structural
1405,5.28057E-03,occupants
1405,3.38681E+07,structural
1406,3.54456E-04,occupants
1406,1.36763E+07,structural
1407,1.26918E-05,occupants
1407,3.43188E+06,structural
1408,4.90953E-02,occupants
1408,4.96534E+07,structural
1409,3.34699E-01,occupants
1409,1.22514E+08,structural
1410,8.38530E-03,occupants
1410,2.68208E+08,structural
1411,5.48354E-04,occupants
1411,4.41229E+06,structural
1412,1.92364E-05,occupants
1412,2.00603E+05,structural
1413,1.00645E-01,occupants
1413,4.04326E+08,structural
1414,1.06303E+00,occupants
1414,1.05658E+09,structural
1415,1.03976E-02,occupants
1415,1.08062E+07,structural
1416,6.88684E-04,occupants
1416,4.36851E+06,structural
1417,2.41406E-05,occupants
1417,5.21741E+06,structural
1418,1.19506E-01,occupants
1418,3.58459E+08,structural
1419,1.22067E+00,occupants
1419,1.52174E+09,structural
1420,6.95341E-03,occupants
1420,3.94741E+07,structural
1421,4.35461E-04,occupants
1421,1.54493E+07,structural
1422,1.62604E-05,occupants
1422,8.55421E+06,structural
1423,8.52973E-02,occupants
1423,3.69187E+08,structural
1424,9.22597E-01,occupants
1424,2.29333E+08,structural
1425,1.77068E+00,occupants
1425,1.40772E+08,structural
1426,6.41084E-01,occupants
1426,7.75146E+07,structural
1427,1.41236E-01,occupants
1427,1.71344E+07,structural
1428,3.71473E+00,occupants
1428,4.53245E+08,structural
1429,7.30396E+00,occupants
1429,1.09595E+09,structural
1430,1.93546E+00,occupants
1430,1.67346E+08,structural
1431,7.28272E-01,occupants
1431,9.89586E+07,structural
1432,1.67875E-01,occupants
1432,9.64714E+06,structural
1433,3.95920E+00,occupants
1433,2.81698E+08,structural
1434,7.74321E+00,occupants
1434,1.53539E+09,structural
1435,1.61329E+00,occupants
1435,1.43879E+08,structural
1436,5.66900E-01,occupants
1436,1.64132E+08,structural
1437,1.19622E-01,occupants
1437,3.89991E+07,structural
1438,3.47816E+00,occupants
1438,3.05574E+08,structural
1439,6.90161E+00,occupants
1439,8.44517E+08,structural
1440,1.05332E-02,occupants
1440,1.10013E+07,structural
1441,1.88956E-03,occupants
1441,1.35854E+06,structural
1442,2.15598E-04,occupants
1442,1.74638E+05,structural
1443,5.60582E-02,occupants
1443,4.17028E+07,structural
1444,3.48005E-01,occupants
1444,1.58185E+08,structural
1445,1.26960E-02,occupants
1445,6.82394E+06,structural
1446,2.30726E-03,occupants
1446,7.24274E+05,structural
1447,2.77380E-04,occupants
1447,3.86887E+06,structural
1448,6.77490E-02,occupants
1448,7.31327E+07,structural
1449,4.14106E-01,occupants
1449,1.31938E+08,structural
1450,8.64048E-03,occupants
1450,1.00411E+07,structural
1451,1.51354E-03,occupants
1451,3.76379E+06,structural
1452,1.68862E-04,occupants
1452,1.28652E+05,structural
1453,4.60705E-02,occupants
1453,3.97217E+07,structural
1454,2.92183E-01,occupants
1454,1.07465E+08,structural
1455,4.70656E-02,occupants
1455,5.43555E+07,structural
1456,3.16557E-03,occupants
1456,2.49571E+07,structural
1457,9.47986E-05,occupants
1457,9.15367E+05,structural
1458,3.99548E-01,occupants
1458,1.17346E+08,structural
1459,2.23122E+00,occupants
1459,7.07018E+08,structural
1460,6.51217E-02,occupants
1460,8.41395E+07,structural
1461,4.68894E-03,occupants
1461,2.33437E+07,structural
1462,1.46371E-04,occupants
1462,7.76527E+05,structural
1463,5.07479E-01,occupants
1463,1.30672E+08,structural
1464,2.59696E+00,occupants
1464,5.57480E+08,structural
1465,3.43560E-02,occupants
1465,6.29573E+07,structural
1466,2.13906E-03,occupants
1466,1.66410E+07,structural
1467,6.47493E-05,occupants
1467,2.58152E+06,structural
1468,3.15518E-01,occupants
1468,9.85850E+07,structural
1469,1.90197E+00,occupants
1469,6.56350E+08,structural
1470,1.20611E-02,occupants
1470,3.48546E+07,structural
1471,8.55000E-04,occupants
1471,7.92649E+06,structural
1472,3.59004E-05,occupants
1472,9.15128E+04,structural
1473,1.34652E-01,occupants
1473,2.68536E+08,structural
1474,1.49846E+00,occupants
1474,9.53629E+08,structural
1475,1.57470E-02,occupants
1475,3.72073E+07,structural
1476,1.18130E-03,occupants
1476,7.32916E+06,structural
1477,5.06270E-05,occupants
1477,1.17525E+05,structural
1478,1.67857E-01,occupants
1478,2.11534E+08,structural
1479,1.77504E+00,occupants
1479,2.02075E+09,structural
1480,8.98688E-03,occupants
1480,4.36321E+07,structural
1481,6.11855E-04,occupants
1481,6.68505E+06,structural
1482,2.29524E-05,occupants
1482,6.89148E+05,structural
1483,1.06803E-01,occupants
1483,1.90712E+08,structural
1484,1.26981E+00,occupants
1484,7.69134E+08,structural
1485,3.36466E-02,occupants
1485,3.82578E+07,structural
1486,3.74974E-03,occupants
1486,1.02739E+08,structural
1487,2.35809E-04,occupants
1487,3.82860E+05,structural
1488,2.26857E-01,occupants
1488,1.41081E+08,structural
1489,1.36978E+00,occupants
1489,2.05179E+09,structural
1490,4.02018E-02,occupants
1490,1.73224E+07,structural
1491,4.56634E-03,occupants
1491,5.23596E+06,structural
1492,3.05417E-04,occupants
1492,4.20577E+06,structural
1493,2.65171E-01,occupants
1493,1.31988E+08,structural
1494,1.55561E+00,occupants
1494,1.06237E+09,structural
1495,2.77583E-02,occupants
1495,6.38974E+08,structural
1496,3.02668E-03,occupants
1496,6.24839E+07,structural
1497,1.77159E-04,occupants
1497,2.00850E+07,structural
1498,1.91665E-01,occupants
1498,6.56777E+08,structural
1499,1.20061E+00,occupants
1499,9.13253E+08,structural
