#,,"generated_by='OpenQuake engine 3.13.0-gitd2db5fa', start_date='2021-10-23T16:33:20', checksum=1653129626"
event_id,loss,loss_type
0,3.63557E+02,occupants
0,1.21427E+09,structural
1,3.97470E+02,occupants
1,1.44294E+09,structural
2,3.31032E+02,occupants
2,1.03530E+09,structural
3,1.67710E+02,occupants
3,6.77977E+08,structural
4,1.88256E+02,occupants
4,9.11013E+08,structural
5,1.49555E+02,occupants
5,8.29008E+08,structural
6,6.91433E+01,occupants
6,3.37928E+08,structural
7,7.89604E+01,occupants
7,3.52171E+08,structural
8,6.01916E+01,occupants
8,5.12296E+08,structural
9,6.51653E+02,occupants
9,2.03577E+09,structural
10,6.88816E+02,occupants
10,2.08325E+09,structural
11,6.14022E+02,occupants
11,2.37936E+09,structural
12,9.56307E+02,occupants
12,2.93839E+09,structural
13,9.80236E+02,occupants
13,2.93784E+09,structural
14,9.29863E+02,occupants
14,3.24816E+09,structural
15,1.40926E+02,occupants
15,6.94974E+08,structural
16,1.60425E+02,occupants
16,6.84187E+08,structural
17,1.22682E+02,occupants
17,6.38395E+08,structural
18,3.12015E+01,occupants
18,1.67251E+08,structural
19,3.82558E+01,occupants
19,2.28293E+08,structural
20,2.50703E+01,occupants
20,2.19363E+08,structural
21,2.56287E+00,occupants
21,7.71439E+07,structural
22,3.44877E+00,occupants
22,7.21845E+07,structural
23,1.85390E+00,occupants
23,5.49912E+07,structural
24,3.47897E+02,occupants
24,1.39907E+09,structural
25,3.73252E+02,occupants
25,1.24764E+09,structural
26,3.23311E+02,occupants
26,1.06861E+09,structural
27,6.17030E+02,occupants
27,1.61636E+09,structural
28,6.36035E+02,occupants
28,2.15720E+09,structural
29,5.97682E+02,occupants
29,1.82151E+09,structural
30,1.73174E+02,occupants
30,8.00820E+08,structural
31,1.92265E+02,occupants
31,5.40793E+08,structural
32,1.55133E+02,occupants
32,6.18631E+08,structural
33,7.92044E+01,occupants
33,4.41350E+08,structural
34,9.12000E+01,occupants
34,4.67167E+08,structural
35,6.83064E+01,occupants
35,3.47753E+08,structural
36,2.52837E+01,occupants
36,2.37386E+08,structural
37,3.05040E+01,occupants
37,1.98244E+08,structural
38,2.07002E+01,occupants
38,1.21775E+08,structural
39,3.17699E+02,occupants
39,1.21934E+09,structural
40,3.43427E+02,occupants
40,1.49592E+09,structural
41,2.93189E+02,occupants
41,1.20891E+09,structural
42,5.62604E+02,occupants
42,2.00726E+09,structural
43,5.95280E+02,occupants
43,1.86322E+09,structural
44,5.30424E+02,occupants
44,2.38521E+09,structural
45,7.52479E+01,occupants
45,3.80434E+08,structural
46,8.98088E+01,occupants
46,4.60799E+08,structural
47,6.23473E+01,occupants
47,4.69406E+08,structural
48,1.81502E+01,occupants
48,1.48965E+08,structural
49,2.25676E+01,occupants
49,1.53342E+08,structural
50,1.43484E+01,occupants
50,1.93575E+08,structural
51,3.37426E+00,occupants
51,4.80496E+07,structural
52,4.40680E+00,occupants
52,4.86253E+07,structural
53,2.56079E+00,occupants
53,3.19299E+07,structural
54,2.42460E+02,occupants
54,6.73169E+08,structural
55,2.73889E+02,occupants
55,1.29575E+09,structural
56,2.12745E+02,occupants
56,1.04190E+09,structural
57,5.59378E+02,occupants
57,1.99466E+09,structural
58,5.97515E+02,occupants
58,1.90727E+09,structural
59,5.21382E+02,occupants
59,1.86132E+09,structural
60,1.39440E+02,occupants
60,9.02727E+08,structural
61,1.55663E+02,occupants
61,8.30100E+08,structural
62,1.24116E+02,occupants
62,8.32342E+08,structural
63,6.34564E+01,occupants
63,3.51194E+08,structural
64,7.36491E+01,occupants
64,5.64468E+08,structural
65,5.42234E+01,occupants
65,2.21912E+08,structural
66,1.99117E+01,occupants
66,2.82168E+08,structural
67,2.42390E+01,occupants
67,1.21893E+08,structural
68,1.61065E+01,occupants
68,8.96944E+07,structural
69,2.49634E+02,occupants
69,1.39116E+09,structural
70,2.70047E+02,occupants
70,1.19733E+09,structural
71,2.29858E+02,occupants
71,1.23332E+09,structural
72,4.05189E+02,occupants
72,1.83015E+09,structural
73,4.29137E+02,occupants
73,1.74379E+09,structural
74,3.82546E+02,occupants
74,1.85257E+09,structural
75,4.74153E+01,occupants
75,5.27310E+08,structural
76,5.30378E+01,occupants
76,4.74433E+08,structural
77,4.22959E+01,occupants
77,5.39012E+08,structural
78,2.01417E+01,occupants
78,1.67831E+08,structural
79,2.30081E+01,occupants
79,1.44165E+08,structural
80,1.75885E+01,occupants
80,2.64719E+08,structural
81,5.99607E+00,occupants
81,7.12935E+07,structural
82,7.14742E+00,occupants
82,8.86228E+07,structural
83,5.04475E+00,occupants
83,8.31073E+07,structural
84,1.08158E+02,occupants
84,9.96036E+08,structural
85,1.21135E+02,occupants
85,7.26798E+08,structural
86,9.62990E+01,occupants
86,7.49305E+08,structural
87,2.99198E+02,occupants
87,1.77445E+09,structural
88,3.28865E+02,occupants
88,1.97734E+09,structural
89,2.71873E+02,occupants
89,1.77536E+09,structural
90,4.26790E+02,occupants
90,1.55262E+09,structural
91,4.57054E+02,occupants
91,1.25782E+09,structural
92,3.96430E+02,occupants
92,1.25796E+09,structural
93,1.91246E+02,occupants
93,7.04590E+08,structural
94,2.16335E+02,occupants
94,7.31335E+08,structural
95,1.67854E+02,occupants
95,5.72936E+08,structural
96,4.22183E+01,occupants
96,2.83923E+08,structural
97,5.12450E+01,occupants
97,4.28216E+08,structural
98,3.41378E+01,occupants
98,2.86405E+08,structural
99,6.48470E+02,occupants
99,1.64287E+09,structural
100,6.71921E+02,occupants
100,2.03998E+09,structural
101,6.24875E+02,occupants
101,1.82333E+09,structural
102,8.51051E+02,occupants
102,2.62980E+09,structural
103,8.66150E+02,occupants
103,2.47761E+09,structural
104,8.35348E+02,occupants
104,2.50816E+09,structural
105,6.00082E+01,occupants
105,6.22595E+08,structural
106,7.19849E+01,occupants
106,6.78954E+08,structural
107,4.96981E+01,occupants
107,4.63261E+08,structural
108,1.07955E+01,occupants
108,2.03762E+08,structural
109,1.35392E+01,occupants
109,1.95418E+08,structural
110,8.55402E+00,occupants
110,1.69176E+08,structural
111,1.35362E+00,occupants
111,4.54136E+07,structural
112,1.75905E+00,occupants
112,7.24584E+07,structural
113,1.06025E+00,occupants
113,2.71707E+07,structural
114,2.21949E+02,occupants
114,9.95089E+08,structural
115,2.50471E+02,occupants
115,8.08459E+08,structural
116,1.95555E+02,occupants
116,1.24410E+09,structural
117,5.50585E+02,occupants
117,2.06021E+09,structural
118,5.86835E+02,occupants
118,2.48731E+09,structural
119,5.15533E+02,occupants
119,1.90044E+09,structural
120,3.21932E+02,occupants
120,1.34390E+09,structural
121,3.53186E+02,occupants
121,1.16995E+09,structural
122,2.92453E+02,occupants
122,1.07716E+09,structural
123,1.59072E+02,occupants
123,5.62363E+08,structural
124,1.78526E+02,occupants
124,6.61484E+08,structural
125,1.41192E+02,occupants
125,9.32059E+08,structural
126,6.34825E+01,occupants
126,5.01839E+08,structural
127,7.35242E+01,occupants
127,4.45160E+08,structural
128,5.44775E+01,occupants
128,2.91869E+08,structural
129,5.84353E+02,occupants
129,1.94847E+09,structural
130,6.23558E+02,occupants
130,2.03283E+09,structural
131,5.45463E+02,occupants
131,1.84709E+09,structural
132,9.07890E+02,occupants
132,3.18628E+09,structural
133,9.36315E+02,occupants
133,2.76519E+09,structural
134,8.78350E+02,occupants
134,3.10350E+09,structural
135,5.85013E+02,occupants
135,1.77056E+09,structural
136,6.17386E+02,occupants
136,1.98017E+09,structural
137,5.52771E+02,occupants
137,1.69574E+09,structural
138,3.19479E+02,occupants
138,8.54680E+08,structural
139,3.52534E+02,occupants
139,1.17150E+09,structural
140,2.88006E+02,occupants
140,1.31439E+09,structural
141,1.04484E+02,occupants
141,3.86551E+08,structural
142,1.21669E+02,occupants
142,8.75962E+08,structural
143,8.89821E+01,occupants
143,5.12693E+08,structural
144,7.88754E+02,occupants
144,2.46737E+09,structural
145,8.09278E+02,occupants
145,2.62850E+09,structural
146,7.67844E+02,occupants
146,2.53197E+09,structural
147,9.22645E+02,occupants
147,2.93507E+09,structural
148,9.34650E+02,occupants
148,3.01724E+09,structural
149,9.10717E+02,occupants
149,3.02592E+09,structural
150,1.88715E+02,occupants
150,4.68916E+08,structural
151,2.11873E+02,occupants
151,8.80479E+08,structural
152,1.66855E+02,occupants
152,4.87148E+08,structural
153,4.92831E+01,occupants
153,4.13527E+08,structural
154,5.95577E+01,occupants
154,3.24388E+08,structural
155,4.01519E+01,occupants
155,3.86686E+08,structural
156,4.71362E+00,occupants
156,3.95884E+07,structural
157,6.40594E+00,occupants
157,1.27141E+08,structural
158,3.55177E+00,occupants
158,8.12661E+07,structural
159,4.05732E+02,occupants
159,8.34480E+08,structural
160,4.30959E+02,occupants
160,1.13643E+09,structural
161,3.79538E+02,occupants
161,1.28826E+09,structural
162,6.22790E+02,occupants
162,1.65383E+09,structural
163,6.41159E+02,occupants
163,1.82545E+09,structural
164,6.04984E+02,occupants
164,1.62181E+09,structural
165,9.66281E+01,occupants
165,6.90742E+08,structural
166,1.12514E+02,occupants
166,3.30644E+08,structural
167,8.21354E+01,occupants
167,5.30534E+08,structural
168,3.08243E+01,occupants
168,1.75609E+08,structural
169,3.69961E+01,occupants
169,1.84807E+08,structural
170,2.54459E+01,occupants
170,2.29464E+08,structural
171,8.05046E+00,occupants
171,4.29424E+07,structural
172,1.01311E+01,occupants
172,8.90346E+07,structural
173,6.34854E+00,occupants
173,1.02348E+08,structural
174,2.66479E+02,occupants
174,1.15452E+09,structural
175,2.97553E+02,occupants
175,9.40317E+08,structural
176,2.36766E+02,occupants
176,1.04613E+09,structural
177,5.76044E+02,occupants
177,1.99872E+09,structural
178,6.13027E+02,occupants
178,1.72029E+09,structural
179,5.38652E+02,occupants
179,1.86865E+09,structural
180,7.92211E+01,occupants
180,6.30231E+08,structural
181,8.90309E+01,occupants
181,5.86451E+08,structural
182,6.99898E+01,occupants
182,4.80289E+08,structural
183,3.63042E+01,occupants
183,2.55282E+08,structural
184,4.22137E+01,occupants
184,4.91929E+08,structural
185,3.09471E+01,occupants
185,1.98576E+08,structural
186,1.18464E+01,occupants
186,1.17370E+08,structural
187,1.45573E+01,occupants
187,1.96136E+08,structural
188,9.58283E+00,occupants
188,9.72202E+07,structural
189,1.63816E+02,occupants
189,1.14106E+09,structural
190,1.81649E+02,occupants
190,1.08057E+09,structural
191,1.47111E+02,occupants
191,1.03501E+09,structural
192,3.75620E+02,occupants
192,1.53653E+09,structural
193,4.07922E+02,occupants
193,1.88775E+09,structural
194,3.44854E+02,occupants
194,1.51900E+09,structural
195,3.89610E+02,occupants
195,1.16977E+09,structural
196,4.12517E+02,occupants
196,1.16259E+09,structural
197,3.66181E+02,occupants
197,1.03320E+09,structural
198,2.24089E+02,occupants
198,6.85448E+08,structural
199,2.39356E+02,occupants
199,7.06214E+08,structural
200,2.09477E+02,occupants
200,5.66804E+08,structural
201,1.37523E+02,occupants
201,3.82891E+08,structural
202,1.45821E+02,occupants
202,5.17756E+08,structural
203,1.29104E+02,occupants
203,3.15300E+08,structural
204,5.93051E+02,occupants
204,1.80548E+09,structural
205,6.13509E+02,occupants
205,1.66212E+09,structural
206,5.71477E+02,occupants
206,1.56395E+09,structural
207,7.51841E+02,occupants
207,2.26069E+09,structural
208,7.62608E+02,occupants
208,1.93850E+09,structural
209,7.41086E+02,occupants
209,2.12238E+09,structural
210,1.52155E+02,occupants
210,7.24293E+08,structural
211,1.76136E+02,occupants
211,1.00236E+09,structural
212,1.30094E+02,occupants
212,6.84101E+08,structural
213,3.41240E+01,occupants
213,2.64177E+08,structural
214,4.24068E+01,occupants
214,3.49300E+08,structural
215,2.69850E+01,occupants
215,2.80834E+08,structural
216,3.76300E+00,occupants
216,1.04589E+08,structural
217,5.07804E+00,occupants
217,1.74645E+08,structural
218,2.81862E+00,occupants
218,1.67201E+08,structural
219,3.96903E+02,occupants
219,1.60005E+09,structural
220,4.32725E+02,occupants
220,1.63481E+09,structural
221,3.62152E+02,occupants
221,1.52307E+09,structural
222,7.14625E+02,occupants
222,2.41867E+09,structural
223,7.46394E+02,occupants
223,2.52143E+09,structural
224,6.83594E+02,occupants
224,2.45193E+09,structural
225,1.27017E+02,occupants
225,6.83295E+08,structural
226,1.48048E+02,occupants
226,5.94397E+08,structural
227,1.08341E+02,occupants
227,5.04532E+08,structural
228,2.83134E+01,occupants
228,2.22333E+08,structural
229,3.55174E+01,occupants
229,2.82711E+08,structural
230,2.25363E+01,occupants
230,2.80356E+08,structural
231,3.76854E+00,occupants
231,1.42682E+08,structural
232,4.92556E+00,occupants
232,2.32599E+07,structural
233,2.85283E+00,occupants
233,9.66355E+07,structural
234,3.39511E+02,occupants
234,1.32149E+09,structural
235,3.70813E+02,occupants
235,1.59761E+09,structural
236,3.08591E+02,occupants
236,1.46118E+09,structural
237,5.99397E+02,occupants
237,1.97136E+09,structural
238,6.23711E+02,occupants
238,2.00236E+09,structural
239,5.73784E+02,occupants
239,1.73176E+09,structural
240,5.12806E+01,occupants
240,3.96026E+08,structural
241,6.26441E+01,occupants
241,5.53698E+08,structural
242,4.19534E+01,occupants
242,2.48418E+08,structural
243,1.01881E+01,occupants
243,2.31293E+08,structural
244,1.29601E+01,occupants
244,2.61396E+08,structural
245,8.02796E+00,occupants
245,2.26448E+08,structural
246,1.95684E+00,occupants
246,1.48638E+08,structural
247,2.44489E+00,occupants
247,1.60194E+08,structural
248,1.56236E+00,occupants
248,1.23445E+08,structural
249,1.93103E+02,occupants
249,1.15460E+09,structural
250,2.20738E+02,occupants
250,7.61654E+08,structural
251,1.67695E+02,occupants
251,6.90568E+08,structural
252,4.92070E+02,occupants
252,1.62356E+09,structural
253,5.28246E+02,occupants
253,1.97170E+09,structural
254,4.55557E+02,occupants
254,1.90838E+09,structural
255,1.08355E+02,occupants
255,8.20702E+08,structural
256,1.26752E+02,occupants
256,8.51373E+08,structural
257,9.23290E+01,occupants
257,7.92556E+08,structural
258,2.93831E+01,occupants
258,3.35845E+08,structural
259,3.59630E+01,occupants
259,4.25563E+08,structural
260,2.39946E+01,occupants
260,2.27014E+08,structural
261,6.28223E+00,occupants
261,4.33696E+07,structural
262,8.02546E+00,occupants
262,1.46577E+08,structural
263,4.91306E+00,occupants
263,9.02954E+07,structural
264,3.01833E+02,occupants
264,9.81124E+08,structural
265,3.33549E+02,occupants
265,1.32437E+09,structural
266,2.71159E+02,occupants
266,1.38191E+09,structural
267,6.00145E+02,occupants
267,2.29856E+09,structural
268,6.30505E+02,occupants
268,2.14814E+09,structural
269,5.68119E+02,occupants
269,2.49557E+09,structural
270,2.12599E+01,occupants
270,2.67444E+08,structural
271,2.51389E+01,occupants
271,3.79940E+08,structural
272,1.79861E+01,occupants
272,2.11871E+08,structural
273,5.65170E+00,occupants
273,1.47062E+08,structural
274,6.76135E+00,occupants
274,1.12989E+08,structural
275,4.71459E+00,occupants
275,7.51222E+07,structural
276,1.12695E+00,occupants
276,3.19695E+07,structural
277,1.40913E+00,occupants
277,3.40476E+07,structural
278,9.20055E-01,occupants
278,3.40860E+07,structural
279,7.93617E+01,occupants
279,4.92451E+08,structural
280,9.18667E+01,occupants
280,6.60064E+08,structural
281,6.81118E+01,occupants
281,6.28685E+08,structural
282,2.60434E+02,occupants
282,1.27081E+09,structural
283,2.86948E+02,occupants
283,1.42111E+09,structural
284,2.35120E+02,occupants
284,1.21082E+09,structural
285,1.03339E+02,occupants
285,1.01673E+09,structural
286,1.22456E+02,occupants
286,5.92881E+08,structural
287,8.65078E+01,occupants
287,3.96237E+08,structural
288,2.14466E+01,occupants
288,2.68419E+08,structural
289,2.71343E+01,occupants
289,2.13503E+08,structural
290,1.67587E+01,occupants
290,2.00191E+08,structural
291,2.77050E+00,occupants
291,1.24222E+08,structural
292,3.73861E+00,occupants
292,8.81433E+07,structural
293,2.07836E+00,occupants
293,1.34552E+08,structural
294,3.12656E+02,occupants
294,1.43304E+09,structural
295,3.46746E+02,occupants
295,1.31418E+09,structural
296,2.79651E+02,occupants
296,1.47966E+09,structural
297,6.46183E+02,occupants
297,2.53306E+09,structural
298,6.80354E+02,occupants
298,2.41489E+09,structural
299,6.12560E+02,occupants
299,2.21783E+09,structural
300,1.07328E+02,occupants
300,5.00444E+08,structural
301,1.18942E+02,occupants
301,4.95292E+08,structural
302,9.62396E+01,occupants
302,4.70800E+08,structural
303,5.02884E+01,occupants
303,1.90060E+08,structural
304,5.81207E+01,occupants
304,3.38959E+08,structural
305,4.32262E+01,occupants
305,2.90273E+08,structural
306,1.59000E+01,occupants
306,9.84307E+07,structural
307,1.93822E+01,occupants
307,4.49784E+07,structural
308,1.29468E+01,occupants
308,1.36158E+08,structural
309,1.83695E+02,occupants
309,9.19896E+08,structural
310,1.96973E+02,occupants
310,1.11048E+09,structural
311,1.70302E+02,occupants
311,6.81341E+08,structural
312,2.88885E+02,occupants
312,1.40707E+09,structural
313,3.05628E+02,occupants
313,1.54518E+09,structural
314,2.73167E+02,occupants
314,8.08980E+08,structural
315,2.87605E+01,occupants
315,3.60044E+08,structural
316,3.48847E+01,occupants
316,2.80563E+08,structural
317,2.36846E+01,occupants
317,2.86811E+08,structural
318,7.10701E+00,occupants
318,1.38599E+08,structural
319,8.85526E+00,occupants
319,1.93109E+08,structural
320,5.76286E+00,occupants
320,1.49739E+08,structural
321,1.37766E+00,occupants
321,5.93965E+07,structural
322,1.77619E+00,occupants
322,6.86450E+07,structural
323,1.07816E+00,occupants
323,4.85583E+07,structural
324,1.09206E+02,occupants
324,8.24978E+08,structural
325,1.27624E+02,occupants
325,1.11049E+09,structural
326,9.30953E+01,occupants
326,6.55984E+08,structural
327,3.39610E+02,occupants
327,1.52543E+09,structural
328,3.74257E+02,occupants
328,1.64366E+09,structural
329,3.06086E+02,occupants
329,1.70600E+09,structural
330,2.31786E+01,occupants
330,2.67808E+08,structural
331,2.81891E+01,occupants
331,3.57393E+08,structural
332,1.89002E+01,occupants
332,3.70888E+08,structural
333,6.18682E+00,occupants
333,2.54677E+08,structural
334,7.88752E+00,occupants
334,2.98514E+08,structural
335,4.82669E+00,occupants
335,2.66187E+08,structural
336,1.09697E+00,occupants
336,4.50014E+07,structural
337,1.46584E+00,occupants
337,4.94737E+07,structural
338,8.08894E-01,occupants
338,5.36285E+07,structural
339,7.34114E+01,occupants
339,5.28643E+08,structural
340,8.61255E+01,occupants
340,7.11174E+08,structural
341,6.21426E+01,occupants
341,5.81621E+08,structural
342,2.33227E+02,occupants
342,1.75313E+09,structural
343,2.62381E+02,occupants
343,1.45379E+09,structural
344,2.05924E+02,occupants
344,1.41375E+09,structural
345,2.26408E+02,occupants
345,7.58263E+08,structural
346,2.55514E+02,occupants
346,1.02729E+09,structural
347,1.99230E+02,occupants
347,7.22220E+08,structural
348,6.39107E+01,occupants
348,2.26911E+08,structural
349,7.69547E+01,occupants
349,5.62764E+08,structural
350,5.25702E+01,occupants
350,5.68596E+08,structural
351,9.12139E+00,occupants
351,1.56491E+08,structural
352,1.16806E+01,occupants
352,1.91290E+08,structural
353,6.96815E+00,occupants
353,1.01165E+08,structural
354,4.86000E+02,occupants
354,1.53041E+09,structural
355,5.20240E+02,occupants
355,1.85606E+09,structural
356,4.52371E+02,occupants
356,1.41422E+09,structural
357,7.41638E+02,occupants
357,2.35925E+09,structural
358,7.65665E+02,occupants
358,2.32290E+09,structural
359,7.16193E+02,occupants
359,2.25025E+09,structural
360,1.63033E+02,occupants
360,7.46234E+08,structural
361,1.74188E+02,occupants
361,6.07396E+08,structural
362,1.52798E+02,occupants
362,6.31563E+08,structural
363,1.06337E+02,occupants
363,4.72243E+08,structural
364,1.14659E+02,occupants
364,5.54427E+08,structural
365,9.82304E+01,occupants
365,4.50154E+08,structural
366,5.87130E+01,occupants
366,3.79070E+08,structural
367,6.58674E+01,occupants
367,2.89858E+08,structural
368,5.19082E+01,occupants
368,4.00030E+08,structural
369,2.80188E+02,occupants
369,1.29896E+09,structural
370,3.01185E+02,occupants
370,1.27337E+09,structural
371,2.60805E+02,occupants
371,1.24414E+09,structural
372,5.32544E+02,occupants
372,2.07715E+09,structural
373,5.60722E+02,occupants
373,2.35159E+09,structural
374,5.05071E+02,occupants
374,1.72351E+09,structural
375,5.12176E+00,occupants
375,3.49508E+08,structural
376,6.39705E+00,occupants
376,3.12829E+08,structural
377,4.06362E+00,occupants
377,2.30814E+08,structural
378,1.25614E+00,occupants
378,9.67461E+07,structural
379,1.56248E+00,occupants
379,1.92109E+08,structural
380,1.01579E+00,occupants
380,1.38319E+08,structural
381,2.94757E-01,occupants
381,5.02281E+07,structural
382,3.61892E-01,occupants
382,2.62703E+07,structural
383,2.38862E-01,occupants
383,1.47480E+07,structural
384,2.34795E+01,occupants
384,3.92963E+08,structural
385,2.89841E+01,occupants
385,4.98887E+08,structural
386,1.87758E+01,occupants
386,5.01425E+08,structural
387,1.16250E+02,occupants
387,1.21270E+09,structural
388,1.36859E+02,occupants
388,1.00119E+09,structural
389,9.80007E+01,occupants
389,1.02974E+09,structural
390,3.30375E+02,occupants
390,9.08122E+08,structural
391,3.56745E+02,occupants
391,1.15454E+09,structural
392,3.03782E+02,occupants
392,9.49566E+08,structural
393,1.28219E+02,occupants
393,5.27553E+08,structural
394,1.47492E+02,occupants
394,3.88370E+08,structural
395,1.10790E+02,occupants
395,5.16353E+08,structural
396,2.13456E+01,occupants
396,1.88590E+08,structural
397,2.66838E+01,occupants
397,1.07287E+08,structural
398,1.67999E+01,occupants
398,1.19220E+08,structural
399,5.38266E+02,occupants
399,1.28504E+09,structural
400,5.60024E+02,occupants
400,1.65347E+09,structural
401,5.15799E+02,occupants
401,1.19645E+09,structural
402,6.96994E+02,occupants
402,1.95694E+09,structural
403,7.13598E+02,occupants
403,1.90672E+09,structural
404,6.80240E+02,occupants
404,1.82815E+09,structural
405,5.12213E+01,occupants
405,4.56877E+08,structural
406,6.17723E+01,occupants
406,4.38275E+08,structural
407,4.18878E+01,occupants
407,3.06664E+08,structural
408,6.72617E+00,occupants
408,9.62731E+07,structural
409,8.75770E+00,occupants
409,1.34433E+08,structural
410,4.99487E+00,occupants
410,1.07942E+08,structural
411,3.20059E-01,occupants
411,2.05165E+07,structural
412,4.63934E-01,occupants
412,2.59906E+07,structural
413,2.28374E-01,occupants
413,2.80129E+07,structural
414,1.95019E+02,occupants
414,6.53936E+08,structural
415,2.18639E+02,occupants
415,8.16136E+08,structural
416,1.72583E+02,occupants
416,6.77756E+08,structural
417,4.46984E+02,occupants
417,1.82732E+09,structural
418,4.74121E+02,occupants
418,1.64443E+09,structural
419,4.20675E+02,occupants
419,1.40987E+09,structural
420,3.72063E+02,occupants
420,1.49352E+09,structural
421,4.00342E+02,occupants
421,1.17090E+09,structural
422,3.43754E+02,occupants
422,1.01731E+09,structural
423,1.79963E+02,occupants
423,5.42100E+08,structural
424,1.99701E+02,occupants
424,5.52249E+08,structural
425,1.61260E+02,occupants
425,4.84369E+08,structural
426,7.48584E+01,occupants
426,2.84648E+08,structural
427,8.46927E+01,occupants
427,2.89276E+08,structural
428,6.58959E+01,occupants
428,3.00303E+08,structural
429,6.01688E+02,occupants
429,1.80267E+09,structural
430,6.25078E+02,occupants
430,1.77252E+09,structural
431,5.76039E+02,occupants
431,1.79257E+09,structural
432,7.74010E+02,occupants
432,2.21628E+09,structural
433,7.85780E+02,occupants
433,2.05958E+09,structural
434,7.62372E+02,occupants
434,1.93154E+09,structural
435,2.19380E+02,occupants
435,5.09419E+08,structural
436,2.45121E+02,occupants
436,7.45643E+08,structural
437,1.95172E+02,occupants
437,6.22145E+08,structural
438,6.11086E+01,occupants
438,1.95085E+08,structural
439,7.33449E+01,occupants
439,4.96942E+08,structural
440,5.06608E+01,occupants
440,4.27581E+08,structural
441,6.94088E+00,occupants
441,1.13324E+08,structural
442,8.97178E+00,occupants
442,1.17634E+08,structural
443,5.22414E+00,occupants
443,1.09870E+08,structural
444,4.60005E+02,occupants
444,1.56479E+09,structural
445,4.89164E+02,occupants
445,1.38840E+09,structural
446,4.32203E+02,occupants
446,1.27675E+09,structural
447,7.35737E+02,occupants
447,2.72975E+09,structural
448,7.57207E+02,occupants
448,2.57436E+09,structural
449,7.14300E+02,occupants
449,2.20754E+09,structural
450,2.83682E+02,occupants
450,7.73540E+08,structural
451,3.13866E+02,occupants
451,1.16237E+09,structural
452,2.54833E+02,occupants
452,7.18177E+08,structural
453,1.07018E+02,occupants
453,3.99472E+08,structural
454,1.23728E+02,occupants
454,4.09476E+08,structural
455,9.16664E+01,occupants
455,4.18067E+08,structural
456,3.02259E+01,occupants
456,1.88601E+08,structural
457,3.63087E+01,occupants
457,2.58204E+08,structural
458,2.49759E+01,occupants
458,8.63487E+07,structural
459,5.40527E+02,occupants
459,1.77578E+09,structural
460,5.71371E+02,occupants
460,1.62869E+09,structural
461,5.09381E+02,occupants
461,1.69619E+09,structural
462,7.87250E+02,occupants
462,2.07695E+09,structural
463,8.06788E+02,occupants
463,2.16492E+09,structural
464,7.66833E+02,occupants
464,2.26851E+09,structural
465,8.02204E+01,occupants
465,4.57918E+08,structural
466,9.59714E+01,occupants
466,4.53775E+08,structural
467,6.69085E+01,occupants
467,4.05545E+08,structural
468,1.91767E+01,occupants
468,2.77178E+08,structural
469,2.40583E+01,occupants
469,1.69476E+08,structural
470,1.51965E+01,occupants
470,1.04444E+08,structural
471,3.57107E+00,occupants
471,4.57850E+07,structural
472,4.63672E+00,occupants
472,5.67623E+07,structural
473,2.69884E+00,occupants
473,4.85583E+07,structural
474,2.51917E+02,occupants
474,1.08432E+09,structural
475,2.83314E+02,occupants
475,8.24057E+08,structural
476,2.22315E+02,occupants
476,1.10584E+09,structural
477,5.51827E+02,occupants
477,1.79495E+09,structural
478,5.86371E+02,occupants
478,1.67626E+09,structural
479,5.16223E+02,occupants
479,1.50753E+09,structural
480,5.29044E+02,occupants
480,1.68149E+09,structural
481,5.61279E+02,occupants
481,1.84327E+09,structural
482,4.95894E+02,occupants
482,1.48850E+09,structural
483,2.68282E+02,occupants
483,1.16749E+09,structural
484,2.98359E+02,occupants
484,1.28466E+09,structural
485,2.39862E+02,occupants
485,9.06967E+08,structural
486,8.46292E+01,occupants
486,4.31539E+08,structural
487,9.83223E+01,occupants
487,5.10896E+08,structural
488,7.20976E+01,occupants
488,5.30510E+08,structural
489,7.46999E+02,occupants
489,2.08106E+09,structural
490,7.67342E+02,occupants
490,2.07973E+09,structural
491,7.26003E+02,occupants
491,2.08562E+09,structural
492,8.78576E+02,occupants
492,2.50646E+09,structural
493,8.87766E+02,occupants
493,2.58212E+09,structural
494,8.68747E+02,occupants
494,2.42764E+09,structural
495,6.96844E+01,occupants
495,5.92311E+08,structural
496,8.26714E+01,occupants
496,4.89644E+08,structural
497,5.81768E+01,occupants
497,6.94046E+08,structural
498,2.02217E+01,occupants
498,3.07698E+08,structural
499,2.48621E+01,occupants
499,2.02007E+08,structural
500,1.62616E+01,occupants
500,1.51612E+08,structural
501,4.33522E+00,occupants
501,7.24032E+07,structural
502,5.61087E+00,occupants
502,7.54157E+07,structural
503,3.30042E+00,occupants
503,8.96833E+07,structural
504,2.10054E+02,occupants
504,1.11839E+09,structural
505,2.38970E+02,occupants
505,1.01996E+09,structural
506,1.82949E+02,occupants
506,1.17858E+09,structural
507,5.17393E+02,occupants
507,2.37464E+09,structural
508,5.58843E+02,occupants
508,2.22446E+09,structural
509,4.76586E+02,occupants
509,2.20880E+09,structural
510,2.67096E+01,occupants
510,4.88968E+08,structural
511,3.15104E+01,occupants
511,5.05236E+08,structural
512,2.25346E+01,occupants
512,5.43805E+08,structural
513,7.99740E+00,occupants
513,2.91215E+08,structural
514,9.74387E+00,occupants
514,2.81209E+08,structural
515,6.53799E+00,occupants
515,3.15208E+08,structural
516,1.72990E+00,occupants
516,1.56893E+08,structural
517,2.16666E+00,occupants
517,1.93872E+08,structural
518,1.37254E+00,occupants
518,1.12218E+08,structural
519,7.65683E+01,occupants
519,9.19164E+08,structural
520,8.81797E+01,occupants
520,8.58129E+08,structural
521,6.65429E+01,occupants
521,5.25444E+08,structural
522,2.21197E+02,occupants
522,1.43021E+09,structural
523,2.47084E+02,occupants
523,1.33182E+09,structural
524,1.96930E+02,occupants
524,9.74675E+08,structural
525,3.07959E+02,occupants
525,9.26142E+08,structural
526,3.31421E+02,occupants
526,1.18883E+09,structural
527,2.83750E+02,occupants
527,8.21068E+08,structural
528,1.18857E+02,occupants
528,5.01092E+08,structural
529,1.36596E+02,occupants
529,5.36129E+08,structural
530,1.02524E+02,occupants
530,3.22101E+08,structural
531,1.91657E+01,occupants
531,1.58916E+08,structural
532,2.42305E+01,occupants
532,2.69205E+08,structural
533,1.51766E+01,occupants
533,6.83019E+07,structural
534,4.93269E+02,occupants
534,1.36792E+09,structural
535,5.09206E+02,occupants
535,1.46261E+09,structural
536,4.74899E+02,occupants
536,1.14811E+09,structural
537,6.12900E+02,occupants
537,1.73456E+09,structural
538,6.22291E+02,occupants
538,1.73676E+09,structural
539,6.03521E+02,occupants
539,1.95826E+09,structural
540,3.57256E+02,occupants
540,1.37060E+09,structural
541,3.92161E+02,occupants
541,1.26295E+09,structural
542,3.22874E+02,occupants
542,1.14787E+09,structural
543,1.27882E+02,occupants
543,4.63600E+08,structural
544,1.49953E+02,occupants
544,5.20656E+08,structural
545,1.08435E+02,occupants
545,6.82422E+08,structural
546,2.18980E+01,occupants
546,1.32732E+08,structural
547,2.77733E+01,occupants
547,1.74545E+08,structural
548,1.70769E+01,occupants
548,2.11250E+08,structural
549,6.43485E+02,occupants
549,2.27980E+09,structural
550,6.76822E+02,occupants
550,2.51694E+09,structural
551,6.09453E+02,occupants
551,1.99629E+09,structural
552,9.50715E+02,occupants
552,3.22781E+09,structural
553,9.73797E+02,occupants
553,2.98987E+09,structural
554,9.27121E+02,occupants
554,2.79195E+09,structural
555,1.29927E+02,occupants
555,7.10019E+08,structural
556,1.49365E+02,occupants
556,6.49513E+08,structural
557,1.12409E+02,occupants
557,5.28912E+08,structural
558,3.56797E+01,occupants
558,2.33802E+08,structural
559,4.25547E+01,occupants
559,3.90149E+08,structural
560,2.99735E+01,occupants
560,2.60588E+08,structural
561,7.79650E+00,occupants
561,7.97212E+07,structural
562,9.33439E+00,occupants
562,7.13315E+07,structural
563,6.40998E+00,occupants
563,3.38054E+07,structural
564,3.38165E+02,occupants
564,1.09307E+09,structural
565,3.69852E+02,occupants
565,1.16562E+09,structural
566,3.07787E+02,occupants
566,1.02392E+09,structural
567,6.28844E+02,occupants
567,2.10830E+09,structural
568,6.55887E+02,occupants
568,2.06451E+09,structural
569,5.99522E+02,occupants
569,2.08037E+09,structural
570,1.52617E+02,occupants
570,7.08008E+08,structural
571,1.68409E+02,occupants
571,1.09394E+09,structural
572,1.38056E+02,occupants
572,6.16929E+08,structural
573,7.71519E+01,occupants
573,4.18728E+08,structural
574,8.71686E+01,occupants
574,4.98201E+08,structural
575,6.80627E+01,occupants
575,2.88852E+08,structural
576,2.98635E+01,occupants
576,4.36282E+08,structural
577,3.48926E+01,occupants
577,2.05306E+08,structural
578,2.55184E+01,occupants
578,2.73425E+08,structural
579,2.66337E+02,occupants
579,1.28610E+09,structural
580,2.87521E+02,occupants
580,1.37705E+09,structural
581,2.45660E+02,occupants
581,9.21831E+08,structural
582,4.65169E+02,occupants
582,1.97915E+09,structural
583,4.94846E+02,occupants
583,2.28621E+09,structural
584,4.35907E+02,occupants
584,1.82231E+09,structural
585,4.09290E+02,occupants
585,1.20417E+09,structural
586,4.39857E+02,occupants
586,1.41053E+09,structural
587,3.77912E+02,occupants
587,1.35395E+09,structural
588,1.72934E+02,occupants
588,6.35739E+08,structural
589,1.97245E+02,occupants
589,6.98343E+08,structural
590,1.50408E+02,occupants
590,5.58181E+08,structural
591,3.38773E+01,occupants
591,2.27016E+08,structural
592,4.21964E+01,occupants
592,2.60440E+08,structural
593,2.71244E+01,occupants
593,2.68027E+08,structural
594,6.60931E+02,occupants
594,1.96902E+09,structural
595,6.84619E+02,occupants
595,2.04749E+09,structural
596,6.35412E+02,occupants
596,2.23719E+09,structural
597,9.77695E+02,occupants
597,3.31451E+09,structural
598,9.90966E+02,occupants
598,3.09238E+09,structural
599,9.63597E+02,occupants
599,3.22571E+09,structural
600,4.40262E+01,occupants
600,1.89974E+08,structural
601,5.33687E+01,occupants
601,3.73003E+08,structural
602,3.59122E+01,occupants
602,1.74847E+08,structural
603,5.41508E+00,occupants
603,8.68812E+07,structural
604,7.18111E+00,occupants
604,1.55866E+08,structural
605,4.09070E+00,occupants
605,6.62147E+07,structural
606,2.65158E-01,occupants
606,2.55489E+07,structural
607,3.63811E-01,occupants
607,1.65460E+07,structural
608,1.84093E-01,occupants
608,2.50334E+07,structural
609,1.76086E+02,occupants
609,5.28071E+08,structural
610,1.98537E+02,occupants
610,8.61706E+08,structural
611,1.55108E+02,occupants
611,7.86590E+08,structural
612,4.21796E+02,occupants
612,1.48061E+09,structural
613,4.47244E+02,occupants
613,1.42000E+09,structural
614,3.95301E+02,occupants
614,1.19585E+09,structural
615,2.81754E+02,occupants
615,7.46010E+08,structural
616,3.10842E+02,occupants
616,7.31952E+08,structural
617,2.54059E+02,occupants
617,7.81242E+08,structural
618,9.35338E+01,occupants
618,4.44508E+08,structural
619,1.10181E+02,occupants
619,5.46000E+08,structural
620,7.84746E+01,occupants
620,3.23924E+08,structural
621,1.32731E+01,occupants
621,8.58602E+07,structural
622,1.71975E+01,occupants
622,2.11973E+08,structural
623,1.01203E+01,occupants
623,5.83788E+07,structural
624,5.12865E+02,occupants
624,1.75691E+09,structural
625,5.39039E+02,occupants
625,1.61911E+09,structural
626,4.86585E+02,occupants
626,1.29220E+09,structural
627,6.91434E+02,occupants
627,2.04163E+09,structural
628,7.06487E+02,occupants
628,1.76412E+09,structural
629,6.75694E+02,occupants
629,1.95302E+09,structural
630,5.40834E+01,occupants
630,2.91031E+08,structural
631,6.33026E+01,occupants
631,4.54899E+08,structural
632,4.58217E+01,occupants
632,5.35877E+08,structural
633,1.84585E+01,occupants
633,8.14385E+07,structural
634,2.26648E+01,occupants
634,1.44771E+08,structural
635,1.49216E+01,occupants
635,2.14295E+08,structural
636,4.03282E+00,occupants
636,1.37660E+08,structural
637,5.25513E+00,occupants
637,2.34437E+07,structural
638,3.06095E+00,occupants
638,2.73311E+07,structural
639,1.30615E+02,occupants
639,5.15093E+08,structural
640,1.48313E+02,occupants
640,9.07631E+08,structural
641,1.14750E+02,occupants
641,6.83584E+08,structural
642,3.18560E+02,occupants
642,1.22424E+09,structural
643,3.50733E+02,occupants
643,1.16764E+09,structural
644,2.87690E+02,occupants
644,1.13542E+09,structural
645,1.93834E+02,occupants
645,5.46080E+08,structural
646,2.18326E+02,occupants
646,9.74640E+08,structural
647,1.70697E+02,occupants
647,5.78656E+08,structural
648,5.00079E+01,occupants
648,3.00882E+08,structural
649,6.05574E+01,occupants
649,3.11138E+08,structural
650,4.06237E+01,occupants
650,2.45681E+08,structural
651,4.81995E+00,occupants
651,3.72331E+07,structural
652,6.52986E+00,occupants
652,4.15969E+07,structural
653,3.61095E+00,occupants
653,5.37894E+07,structural
654,4.24862E+02,occupants
654,1.24108E+09,structural
655,4.53876E+02,occupants
655,1.31279E+09,structural
656,3.95614E+02,occupants
656,1.48014E+09,structural
657,6.61107E+02,occupants
657,1.94418E+09,structural
658,6.86212E+02,occupants
658,2.15230E+09,structural
659,6.36894E+02,occupants
659,2.25880E+09,structural
660,5.61757E+01,occupants
660,5.03022E+08,structural
661,6.51777E+01,occupants
661,5.44756E+08,structural
662,4.81961E+01,occupants
662,4.80664E+08,structural
663,1.89668E+01,occupants
663,2.36446E+08,structural
664,2.25355E+01,occupants
664,2.40530E+08,structural
665,1.58836E+01,occupants
665,3.06193E+08,structural
666,4.74880E+00,occupants
666,1.30861E+08,structural
667,5.91369E+00,occupants
667,1.41138E+08,structural
668,3.83608E+00,occupants
668,1.01065E+08,structural
669,1.60416E+02,occupants
669,8.37699E+08,structural
670,1.82095E+02,occupants
670,1.14344E+09,structural
671,1.40910E+02,occupants
671,9.85885E+08,structural
672,4.49488E+02,occupants
672,1.96765E+09,structural
673,4.86617E+02,occupants
673,2.14327E+09,structural
674,4.14466E+02,occupants
674,1.59002E+09,structural
675,1.40781E+02,occupants
675,5.54697E+08,structural
676,1.62900E+02,occupants
676,4.88227E+08,structural
677,1.21061E+02,occupants
677,7.41992E+08,structural
678,2.94797E+01,occupants
678,2.69950E+08,structural
679,3.69226E+01,occupants
679,2.85852E+08,structural
680,2.33899E+01,occupants
680,3.30752E+08,structural
681,2.42343E+00,occupants
681,6.45982E+07,structural
682,3.33887E+00,occupants
682,8.27176E+07,structural
683,1.76202E+00,occupants
683,4.48313E+07,structural
684,3.74700E+02,occupants
684,1.33771E+09,structural
685,4.06843E+02,occupants
685,1.53497E+09,structural
686,3.42503E+02,occupants
686,1.09344E+09,structural
687,6.93525E+02,occupants
687,1.88053E+09,structural
688,7.23064E+02,occupants
688,2.00278E+09,structural
689,6.63712E+02,occupants
689,1.91101E+09,structural
690,1.49274E+02,occupants
690,2.68303E+08,structural
691,1.70324E+02,occupants
691,5.83401E+08,structural
692,1.30101E+02,occupants
692,5.25878E+08,structural
693,3.50299E+01,occupants
693,2.70739E+08,structural
694,4.28901E+01,occupants
694,3.64083E+08,structural
695,2.85559E+01,occupants
695,1.96685E+08,structural
696,4.14253E+00,occupants
696,5.91526E+07,structural
697,5.30011E+00,occupants
697,6.72700E+07,structural
698,3.21066E+00,occupants
698,2.95369E+07,structural
699,3.72961E+02,occupants
699,1.18162E+09,structural
700,4.00356E+02,occupants
700,1.42061E+09,structural
701,3.45258E+02,occupants
701,1.22709E+09,structural
702,6.73018E+02,occupants
702,2.13739E+09,structural
703,6.92269E+02,occupants
703,2.08004E+09,structural
704,6.52313E+02,occupants
704,2.11682E+09,structural
705,3.09620E+02,occupants
705,1.40312E+09,structural
706,3.44417E+02,occupants
706,1.61284E+09,structural
707,2.76634E+02,occupants
707,1.42059E+09,structural
708,1.13770E+02,occupants
708,8.46962E+08,structural
709,1.32822E+02,occupants
709,9.38672E+08,structural
710,9.71913E+01,occupants
710,7.48522E+08,structural
711,2.95952E+01,occupants
711,1.77629E+08,structural
712,3.57961E+01,occupants
712,2.59084E+08,structural
713,2.42568E+01,occupants
713,1.50062E+08,structural
714,6.03782E+02,occupants
714,2.03574E+09,structural
715,6.40903E+02,occupants
715,2.53154E+09,structural
716,5.65855E+02,occupants
716,1.81246E+09,structural
717,9.21259E+02,occupants
717,3.15786E+09,structural
718,9.40353E+02,occupants
718,3.43795E+09,structural
719,9.01132E+02,occupants
719,3.31410E+09,structural
720,1.16817E+02,occupants
720,8.58799E+08,structural
721,1.35839E+02,occupants
721,7.01761E+08,structural
722,9.97356E+01,occupants
722,4.23785E+08,structural
723,3.66768E+01,occupants
723,2.36867E+08,structural
724,4.41408E+01,occupants
724,3.04586E+08,structural
725,3.02342E+01,occupants
725,2.16790E+08,structural
726,8.84531E+00,occupants
726,4.69368E+07,structural
727,1.11074E+01,occupants
727,1.74136E+08,structural
728,6.97210E+00,occupants
728,1.51098E+08,structural
729,3.20050E+02,occupants
729,1.33814E+09,structural
730,3.56789E+02,occupants
730,1.22522E+09,structural
731,2.85254E+02,occupants
731,1.01060E+09,structural
732,6.95052E+02,occupants
732,2.24723E+09,structural
733,7.35652E+02,occupants
733,2.51210E+09,structural
734,6.53216E+02,occupants
734,1.85442E+09,structural
735,1.10386E+02,occupants
735,6.43433E+08,structural
736,1.25277E+02,occupants
736,5.68774E+08,structural
737,9.71347E+01,occupants
737,4.16511E+08,structural
738,4.24776E+01,occupants
738,3.51146E+08,structural
739,4.91547E+01,occupants
739,3.63500E+08,structural
740,3.64989E+01,occupants
740,2.65607E+08,structural
741,1.26732E+01,occupants
741,6.61771E+07,structural
742,1.52884E+01,occupants
742,1.16741E+08,structural
743,1.04601E+01,occupants
743,1.29963E+08,structural
744,2.70429E+02,occupants
744,1.44211E+09,structural
745,2.99179E+02,occupants
745,1.46004E+09,structural
746,2.43795E+02,occupants
746,1.07993E+09,structural
747,5.85427E+02,occupants
747,1.93569E+09,structural
748,6.20501E+02,occupants
748,2.69105E+09,structural
749,5.50846E+02,occupants
749,2.22400E+09,structural
750,2.52464E+02,occupants
750,1.12507E+09,structural
751,2.80688E+02,occupants
751,8.16610E+08,structural
752,2.25738E+02,occupants
752,7.48980E+08,structural
753,7.31456E+01,occupants
753,3.65674E+08,structural
754,8.72637E+01,occupants
754,3.69520E+08,structural
755,6.05625E+01,occupants
755,2.41276E+08,structural
756,9.29948E+00,occupants
756,1.20959E+08,structural
757,1.22157E+01,occupants
757,8.35948E+07,structural
758,6.98159E+00,occupants
758,8.00370E+07,structural
759,5.50837E+02,occupants
759,1.73723E+09,structural
760,5.79917E+02,occupants
760,1.28610E+09,structural
761,5.21775E+02,occupants
761,1.56734E+09,structural
762,9.85605E+02,occupants
762,2.86451E+09,structural
763,1.00273E+03,occupants
763,3.10057E+09,structural
764,9.67875E+02,occupants
764,3.05479E+09,structural
765,1.22377E+02,occupants
765,4.90725E+08,structural
766,1.32083E+02,occupants
766,6.48293E+08,structural
767,1.12727E+02,occupants
767,7.15805E+08,structural
768,7.05124E+01,occupants
768,2.22260E+08,structural
769,7.83208E+01,occupants
769,5.10988E+08,structural
770,6.30496E+01,occupants
770,2.21824E+08,structural
771,3.13528E+01,occupants
771,1.17222E+08,structural
772,3.66084E+01,occupants
772,2.40139E+08,structural
773,2.66545E+01,occupants
773,7.69553E+07,structural
774,2.31689E+02,occupants
774,8.99320E+08,structural
775,2.47339E+02,occupants
775,1.17861E+09,structural
776,2.16532E+02,occupants
776,1.07563E+09,structural
777,5.89495E+02,occupants
777,2.33819E+09,structural
778,6.11577E+02,occupants
778,2.46286E+09,structural
779,5.67900E+02,occupants
779,2.29842E+09,structural
780,3.82333E+02,occupants
780,1.20866E+09,structural
781,4.13411E+02,occupants
781,1.46522E+09,structural
782,3.51286E+02,occupants
782,1.31278E+09,structural
783,1.77466E+02,occupants
783,7.57399E+08,structural
784,1.98504E+02,occupants
784,8.47488E+08,structural
785,1.58612E+02,occupants
785,8.05450E+08,structural
786,6.90838E+01,occupants
786,3.82990E+08,structural
787,7.81336E+01,occupants
787,4.77922E+08,structural
788,6.06972E+01,occupants
788,3.20885E+08,structural
789,6.32107E+02,occupants
789,1.96053E+09,structural
790,6.59211E+02,occupants
790,2.02075E+09,structural
791,6.04474E+02,occupants
791,1.57195E+09,structural
792,8.17634E+02,occupants
792,2.14481E+09,structural
793,8.28274E+02,occupants
793,2.29430E+09,structural
794,8.04766E+02,occupants
794,2.43056E+09,structural
795,9.95168E+01,occupants
795,5.62521E+08,structural
796,1.16061E+02,occupants
796,4.19041E+08,structural
797,8.49335E+01,occupants
797,3.41554E+08,structural
798,1.79438E+01,occupants
798,1.56579E+08,structural
799,2.28623E+01,occupants
799,2.57213E+08,structural
800,1.41670E+01,occupants
800,1.69837E+08,structural
801,1.14829E+00,occupants
801,4.06589E+07,structural
802,1.58250E+00,occupants
802,4.07232E+07,structural
803,8.20642E-01,occupants
803,3.11008E+07,structural
804,2.84131E+02,occupants
804,8.48921E+08,structural
805,3.09777E+02,occupants
805,9.84101E+08,structural
806,2.58840E+02,occupants
806,1.00604E+09,structural
807,5.16900E+02,occupants
807,1.70206E+09,structural
808,5.38697E+02,occupants
808,1.45832E+09,structural
809,4.93948E+02,occupants
809,1.55001E+09,structural
810,4.25386E+02,occupants
810,9.39321E+08,structural
811,4.51713E+02,occupants
811,1.34685E+09,structural
812,3.98788E+02,occupants
812,1.04587E+09,structural
813,2.04715E+02,occupants
813,5.82803E+08,structural
814,2.28965E+02,occupants
814,9.51563E+08,structural
815,1.81675E+02,occupants
815,7.42530E+08,structural
816,4.67407E+01,occupants
816,2.59242E+08,structural
817,5.65003E+01,occupants
817,2.02081E+08,structural
818,3.80127E+01,occupants
818,1.87227E+08,structural
819,6.09393E+02,occupants
819,1.30786E+09,structural
820,6.28831E+02,occupants
820,1.72055E+09,structural
821,5.89904E+02,occupants
821,1.63083E+09,structural
822,7.49630E+02,occupants
822,2.43734E+09,structural
823,7.62706E+02,occupants
823,2.38225E+09,structural
824,7.36189E+02,occupants
824,2.15947E+09,structural
825,1.07327E+02,occupants
825,6.95960E+08,structural
826,1.26109E+02,occupants
826,5.94936E+08,structural
827,9.01972E+01,occupants
827,4.19085E+08,structural
828,2.02930E+01,occupants
828,1.75262E+08,structural
829,2.56783E+01,occupants
829,2.09854E+08,structural
830,1.57230E+01,occupants
830,1.23976E+08,structural
831,1.82474E+00,occupants
831,4.97274E+07,structural
832,2.52241E+00,occupants
832,6.62614E+07,structural
833,1.30940E+00,occupants
833,5.54157E+07,structural
834,3.23829E+02,occupants
834,1.36311E+09,structural
835,3.56080E+02,occupants
835,1.42777E+09,structural
836,2.93299E+02,occupants
836,8.91780E+08,structural
837,6.69267E+02,occupants
837,2.16652E+09,structural
838,6.98408E+02,occupants
838,2.29796E+09,structural
839,6.40498E+02,occupants
839,1.98977E+09,structural
840,5.41343E+02,occupants
840,1.34170E+09,structural
841,5.53612E+02,occupants
841,1.16447E+09,structural
842,5.27333E+02,occupants
842,1.25439E+09,structural
843,3.88628E+02,occupants
843,8.58975E+08,structural
844,4.09959E+02,occupants
844,1.02151E+09,structural
845,3.65256E+02,occupants
845,7.74427E+08,structural
846,1.66467E+02,occupants
846,7.16557E+08,structural
847,1.87420E+02,occupants
847,6.14497E+08,structural
848,1.46758E+02,occupants
848,4.38261E+08,structural
849,6.15021E+02,occupants
849,1.49294E+09,structural
850,6.22438E+02,occupants
850,1.42542E+09,structural
851,6.07464E+02,occupants
851,1.43151E+09,structural
852,6.64612E+02,occupants
852,1.88029E+09,structural
853,6.72269E+02,occupants
853,1.71256E+09,structural
854,6.57355E+02,occupants
854,1.66220E+09,structural
855,8.49179E+01,occupants
855,5.52124E+08,structural
856,9.47144E+01,occupants
856,9.08023E+08,structural
857,7.60057E+01,occupants
857,5.08782E+08,structural
858,3.90314E+01,occupants
858,1.66217E+08,structural
859,4.44969E+01,occupants
859,2.86695E+08,structural
860,3.41254E+01,occupants
860,2.87881E+08,structural
861,1.29838E+01,occupants
861,1.01056E+08,structural
862,1.53760E+01,occupants
862,1.33615E+08,structural
863,1.09850E+01,occupants
863,1.01467E+08,structural
864,1.73344E+02,occupants
864,1.11848E+09,structural
865,1.91798E+02,occupants
865,1.08753E+09,structural
866,1.56607E+02,occupants
866,1.02545E+09,structural
867,3.86329E+02,occupants
867,1.81800E+09,structural
868,4.19440E+02,occupants
868,1.96899E+09,structural
869,3.54807E+02,occupants
869,1.56224E+09,structural
870,3.40133E+00,occupants
870,2.27224E+08,structural
871,4.05722E+00,occupants
871,3.23897E+08,structural
872,2.86494E+00,occupants
872,1.56723E+08,structural
873,1.27430E+00,occupants
873,1.54548E+08,structural
874,1.46329E+00,occupants
874,1.59275E+08,structural
875,1.11888E+00,occupants
875,1.64658E+08,structural
876,5.11173E-01,occupants
876,1.09645E+08,structural
877,5.84275E-01,occupants
877,5.19049E+07,structural
878,4.45988E-01,occupants
878,7.26539E+07,structural
879,1.49917E+01,occupants
879,4.53942E+08,structural
880,1.83101E+01,occupants
880,4.62534E+08,structural
881,1.21917E+01,occupants
881,2.59383E+08,structural
882,9.05390E+01,occupants
882,8.60887E+08,structural
883,1.06297E+02,occupants
883,8.87822E+08,structural
884,7.72236E+01,occupants
884,6.24711E+08,structural
885,2.30803E+01,occupants
885,2.03696E+08,structural
886,2.75153E+01,occupants
886,2.48879E+08,structural
887,1.93433E+01,occupants
887,1.82179E+08,structural
888,6.21196E+00,occupants
888,7.34231E+07,structural
889,7.77217E+00,occupants
889,4.01214E+07,structural
890,4.95789E+00,occupants
890,6.90240E+07,structural
891,1.04380E+00,occupants
891,2.00667E+07,structural
892,1.38426E+00,occupants
892,1.32804E+07,structural
893,7.75589E-01,occupants
893,1.50168E+07,structural
894,7.06424E+01,occupants
894,4.80205E+08,structural
895,8.12514E+01,occupants
895,4.24028E+08,structural
896,6.12126E+01,occupants
896,3.33615E+08,structural
897,2.13802E+02,occupants
897,1.04371E+09,structural
898,2.37414E+02,occupants
898,1.17768E+09,structural
899,1.91613E+02,occupants
899,7.13841E+08,structural
900,3.34208E+01,occupants
900,2.62210E+08,structural
901,4.11884E+01,occupants
901,3.22091E+08,structural
902,2.67696E+01,occupants
902,4.07975E+08,structural
903,3.75022E+00,occupants
903,9.57918E+07,structural
904,5.04584E+00,occupants
904,2.50962E+08,structural
905,2.78678E+00,occupants
905,1.71962E+08,structural
906,2.07806E-01,occupants
906,1.22459E+07,structural
907,2.85292E-01,occupants
907,3.58220E+07,structural
908,1.46907E-01,occupants
908,4.17289E+07,structural
909,1.52319E+02,occupants
909,7.38749E+08,structural
910,1.74343E+02,occupants
910,7.94723E+08,structural
911,1.32004E+02,occupants
911,6.72005E+08,structural
912,4.14469E+02,occupants
912,1.69195E+09,structural
913,4.44768E+02,occupants
913,1.56034E+09,structural
914,3.83709E+02,occupants
914,1.37539E+09,structural
915,4.47517E+01,occupants
915,4.84984E+08,structural
916,5.28063E+01,occupants
916,4.64597E+08,structural
917,3.76482E+01,occupants
917,2.12747E+08,structural
918,1.47768E+01,occupants
918,8.59423E+07,structural
919,1.80553E+01,occupants
919,7.61359E+07,structural
920,1.19510E+01,occupants
920,2.08055E+08,structural
921,3.48719E+00,occupants
921,1.32562E+07,structural
922,4.48962E+00,occupants
922,2.96583E+07,structural
923,2.66134E+00,occupants
923,6.20886E+07,structural
924,1.30010E+02,occupants
924,5.55085E+08,structural
925,1.48976E+02,occupants
925,6.74544E+08,structural
926,1.13078E+02,occupants
926,6.43789E+08,structural
927,3.63928E+02,occupants
927,1.33496E+09,structural
928,3.94792E+02,occupants
928,1.62728E+09,structural
929,3.34188E+02,occupants
929,1.32462E+09,structural
930,4.28318E+00,occupants
930,1.82371E+08,structural
931,5.60212E+00,occupants
931,1.31142E+08,structural
932,3.23070E+00,occupants
932,1.23530E+08,structural
933,3.61074E-01,occupants
933,4.58244E+07,structural
934,4.84323E-01,occupants
934,4.27410E+07,structural
935,2.72109E-01,occupants
935,3.91313E+07,structural
936,3.06624E-02,occupants
936,1.30998E+07,structural
937,3.95520E-02,occupants
937,9.69230E+06,structural
938,2.38090E-02,occupants
938,9.98986E+06,structural
939,3.58362E+01,occupants
939,3.69844E+08,structural
940,4.36859E+01,occupants
940,5.83586E+08,structural
941,2.89133E+01,occupants
941,2.32669E+08,structural
942,1.80050E+02,occupants
942,1.04690E+09,structural
943,2.03579E+02,occupants
943,9.77240E+08,structural
944,1.58454E+02,occupants
944,8.15123E+08,structural
945,4.81373E+02,occupants
945,1.54621E+09,structural
946,5.11335E+02,occupants
946,1.91818E+09,structural
947,4.51460E+02,occupants
947,1.46094E+09,structural
948,2.48129E+02,occupants
948,1.07785E+09,structural
949,2.74411E+02,occupants
949,8.09877E+08,structural
950,2.23267E+02,occupants
950,8.75323E+08,structural
951,9.20685E+01,occupants
951,3.81539E+08,structural
952,1.05174E+02,occupants
952,3.77648E+08,structural
953,7.98255E+01,occupants
953,6.58989E+08,structural
954,7.03378E+02,occupants
954,1.96358E+09,structural
955,7.24538E+02,occupants
955,2.28810E+09,structural
956,6.82092E+02,occupants
956,1.94717E+09,structural
957,8.90470E+02,occupants
957,2.56104E+09,structural
958,9.03150E+02,occupants
958,2.93931E+09,structural
959,8.78064E+02,occupants
959,2.80549E+09,structural
960,2.10097E+02,occupants
960,9.88426E+08,structural
961,2.25974E+02,occupants
961,9.38168E+08,structural
962,1.95432E+02,occupants
962,8.44298E+08,structural
963,1.28117E+02,occupants
963,6.72435E+08,structural
964,1.37365E+02,occupants
964,6.77671E+08,structural
965,1.18933E+02,occupants
965,4.49102E+08,structural
966,7.42360E+01,occupants
966,4.04079E+08,structural
967,8.20562E+01,occupants
967,3.46323E+08,structural
968,6.67166E+01,occupants
968,2.97984E+08,structural
969,3.81757E+02,occupants
969,1.25705E+09,structural
970,4.07987E+02,occupants
970,1.69036E+09,structural
971,3.56385E+02,occupants
971,1.42937E+09,structural
972,6.48293E+02,occupants
972,2.35673E+09,structural
973,6.72310E+02,occupants
973,2.40679E+09,structural
974,6.24773E+02,occupants
974,2.53366E+09,structural
975,1.35841E+02,occupants
975,5.18330E+08,structural
976,1.55486E+02,occupants
976,6.74403E+08,structural
977,1.17797E+02,occupants
977,3.65038E+08,structural
978,2.88020E+01,occupants
978,2.21933E+08,structural
979,3.58204E+01,occupants
979,1.06774E+08,structural
980,2.31490E+01,occupants
980,2.50948E+08,structural
981,2.16690E+00,occupants
981,3.93847E+07,structural
982,2.91009E+00,occupants
982,1.50519E+07,structural
983,1.53873E+00,occupants
983,2.63464E+07,structural
984,3.40666E+02,occupants
984,9.70215E+08,structural
985,3.67394E+02,occupants
985,1.09919E+09,structural
986,3.14769E+02,occupants
986,1.03707E+09,structural
987,5.69716E+02,occupants
987,1.57003E+09,structural
988,5.89291E+02,occupants
988,1.67558E+09,structural
989,5.48379E+02,occupants
989,1.92503E+09,structural
990,2.78073E+02,occupants
990,6.44774E+08,structural
991,3.05673E+02,occupants
991,9.02653E+08,structural
992,2.51776E+02,occupants
992,9.69252E+08,structural
993,1.20907E+02,occupants
993,4.96754E+08,structural
994,1.36482E+02,occupants
994,5.11259E+08,structural
995,1.06643E+02,occupants
995,6.51581E+08,structural
996,4.64041E+01,occupants
996,3.28336E+08,structural
997,5.36732E+01,occupants
997,2.65351E+08,structural
998,3.97504E+01,occupants
998,2.22223E+08,structural
999,5.20633E+02,occupants
999,1.70432E+09,structural
1000,5.51447E+02,occupants
1000,1.60749E+09,structural
1001,4.90114E+02,occupants
1001,1.60915E+09,structural
1002,7.55303E+02,occupants
1002,2.28956E+09,structural
1003,7.71406E+02,occupants
1003,2.42293E+09,structural
1004,7.36293E+02,occupants
1004,2.10344E+09,structural
1005,3.98606E+02,occupants
1005,1.22389E+09,structural
1006,4.20506E+02,occupants
1006,1.53725E+09,structural
1007,3.77504E+02,occupants
1007,1.31231E+09,structural
1008,2.64550E+02,occupants
1008,9.69112E+08,structural
1009,2.79421E+02,occupants
1009,9.24075E+08,structural
1010,2.49264E+02,occupants
1010,9.63381E+08,structural
1011,1.61663E+02,occupants
1011,5.09932E+08,structural
1012,1.74450E+02,occupants
1012,8.89323E+08,structural
1013,1.49074E+02,occupants
1013,6.29346E+08,structural
1014,6.06773E+02,occupants
1014,2.10427E+09,structural
1015,6.33458E+02,occupants
1015,1.85090E+09,structural
1016,5.79788E+02,occupants
1016,1.92580E+09,structural
1017,8.50391E+02,occupants
1017,2.76101E+09,structural
1018,8.69522E+02,occupants
1018,2.59918E+09,structural
1019,8.30787E+02,occupants
1019,2.62215E+09,structural
1020,2.17918E+02,occupants
1020,7.36007E+08,structural
1021,2.47711E+02,occupants
1021,1.10782E+09,structural
1022,1.90127E+02,occupants
1022,8.37249E+08,structural
1023,5.98578E+01,occupants
1023,3.16500E+08,structural
1024,7.27826E+01,occupants
1024,3.82560E+08,structural
1025,4.87327E+01,occupants
1025,3.56389E+08,structural
1026,8.79782E+00,occupants
1026,1.03307E+08,structural
1027,1.14820E+01,occupants
1027,1.44104E+08,structural
1028,6.76255E+00,occupants
1028,9.44720E+07,structural
1029,4.88954E+02,occupants
1029,1.78722E+09,structural
1030,5.25401E+02,occupants
1030,1.71566E+09,structural
1031,4.51421E+02,occupants
1031,1.51584E+09,structural
1032,7.78673E+02,occupants
1032,2.43402E+09,structural
1033,8.06457E+02,occupants
1033,2.78071E+09,structural
1034,7.50445E+02,occupants
1034,2.34709E+09,structural
1035,7.44475E+02,occupants
1035,2.03469E+09,structural
1036,7.64183E+02,occupants
1036,2.08755E+09,structural
1037,7.25416E+02,occupants
1037,1.75027E+09,structural
1038,5.94586E+02,occupants
1038,1.65117E+09,structural
1039,6.17125E+02,occupants
1039,1.61377E+09,structural
1040,5.72050E+02,occupants
1040,1.29091E+09,structural
1041,3.65071E+02,occupants
1041,1.06882E+09,structural
1042,3.92958E+02,occupants
1042,1.32100E+09,structural
1043,3.37701E+02,occupants
1043,9.26263E+08,structural
1044,8.89788E+02,occupants
1044,2.41279E+09,structural
1045,9.10281E+02,occupants
1045,2.47682E+09,structural
1046,8.69189E+02,occupants
1046,2.31423E+09,structural
1047,1.07653E+03,occupants
1047,3.52597E+09,structural
1048,1.09314E+03,occupants
1048,3.31091E+09,structural
1049,1.05947E+03,occupants
1049,3.26458E+09,structural
1050,2.26950E+02,occupants
1050,6.66928E+08,structural
1051,2.50511E+02,occupants
1051,8.71919E+08,structural
1052,2.03894E+02,occupants
1052,4.72139E+08,structural
1053,6.82737E+01,occupants
1053,4.04984E+08,structural
1054,8.10453E+01,occupants
1054,2.96805E+08,structural
1055,5.69417E+01,occupants
1055,2.48040E+08,structural
1056,7.83117E+00,occupants
1056,7.79744E+07,structural
1057,1.03366E+01,occupants
1057,1.40082E+08,structural
1058,6.00567E+00,occupants
1058,1.07864E+08,structural
1059,4.37116E+02,occupants
1059,1.16537E+09,structural
1060,4.58447E+02,occupants
1060,1.24315E+09,structural
1061,4.13465E+02,occupants
1061,1.08969E+09,structural
1062,6.13147E+02,occupants
1062,1.57446E+09,structural
1063,6.26906E+02,occupants
1063,1.63096E+09,structural
1064,5.99317E+02,occupants
1064,1.45894E+09,structural
1065,1.01383E+02,occupants
1065,7.01196E+08,structural
1066,1.10941E+02,occupants
1066,7.90647E+08,structural
1067,9.24721E+01,occupants
1067,5.48754E+08,structural
1068,5.42451E+01,occupants
1068,4.17328E+08,structural
1069,6.12835E+01,occupants
1069,4.96812E+08,structural
1070,4.76680E+01,occupants
1070,4.29576E+08,structural
1071,2.12284E+01,occupants
1071,2.22429E+08,structural
1072,2.52850E+01,occupants
1072,3.28022E+08,structural
1073,1.76839E+01,occupants
1073,2.24824E+08,structural
1074,1.83947E+02,occupants
1074,7.39922E+08,structural
1075,1.99309E+02,occupants
1075,1.09681E+09,structural
1076,1.69840E+02,occupants
1076,1.22876E+09,structural
1077,3.84799E+02,occupants
1077,1.46283E+09,structural
1078,4.11118E+02,occupants
1078,1.62729E+09,structural
1079,3.59588E+02,occupants
1079,1.54604E+09,structural
1080,5.98868E+01,occupants
1080,4.98943E+08,structural
1081,7.10512E+01,occupants
1081,3.77372E+08,structural
1082,4.98005E+01,occupants
1082,3.69071E+08,structural
1083,1.02841E+01,occupants
1083,1.24414E+08,structural
1084,1.28562E+01,occupants
1084,1.60486E+08,structural
1085,8.12792E+00,occupants
1085,7.25643E+07,structural
1086,1.16992E+00,occupants
1086,3.07710E+07,structural
1087,1.47523E+00,occupants
1087,3.37585E+07,structural
1088,8.96509E-01,occupants
1088,2.81568E+07,structural
1089,2.11778E+02,occupants
1089,9.86305E+08,structural
1090,2.36478E+02,occupants
1090,8.09705E+08,structural
1091,1.88386E+02,occupants
1091,5.41866E+08,structural
1092,4.73430E+02,occupants
1092,1.39785E+09,structural
1093,4.98833E+02,occupants
1093,1.52730E+09,structural
1094,4.46989E+02,occupants
1094,1.39413E+09,structural
1095,7.81887E+01,occupants
1095,4.73179E+08,structural
1096,9.10544E+01,occupants
1096,4.25093E+08,structural
1097,6.66659E+01,occupants
1097,3.86295E+08,structural
1098,2.64128E+01,occupants
1098,2.86282E+08,structural
1099,3.14678E+01,occupants
1099,2.20332E+08,structural
1100,2.21533E+01,occupants
1100,1.83605E+08,structural
1101,6.94074E+00,occupants
1101,6.80742E+07,structural
1102,8.59168E+00,occupants
1102,1.26220E+08,structural
1103,5.58790E+00,occupants
1103,1.10472E+08,structural
1104,2.18015E+02,occupants
1104,1.18794E+09,structural
1105,2.46909E+02,occupants
1105,1.27146E+09,structural
1106,1.91102E+02,occupants
1106,1.03784E+09,structural
1107,5.24065E+02,occupants
1107,2.04745E+09,structural
1108,5.64657E+02,occupants
1108,1.79554E+09,structural
1109,4.83661E+02,occupants
1109,2.12332E+09,structural
1110,4.61128E+02,occupants
1110,1.49564E+09,structural
1111,4.87063E+02,occupants
1111,1.29377E+09,structural
1112,4.35772E+02,occupants
1112,1.13466E+09,structural
1113,2.46642E+02,occupants
1113,9.30342E+08,structural
1114,2.69710E+02,occupants
1114,9.69575E+08,structural
1115,2.24696E+02,occupants
1115,6.85421E+08,structural
1116,9.50759E+01,occupants
1116,4.56396E+08,structural
1117,1.05364E+02,occupants
1117,4.13498E+08,structural
1118,8.53607E+01,occupants
1118,3.11718E+08,structural
1119,6.40155E+02,occupants
1119,1.53719E+09,structural
1120,6.57589E+02,occupants
1120,1.71195E+09,structural
1121,6.22856E+02,occupants
1121,1.66784E+09,structural
1122,7.49679E+02,occupants
1122,1.95492E+09,structural
1123,7.59959E+02,occupants
1123,2.12241E+09,structural
1124,7.38919E+02,occupants
1124,1.96918E+09,structural
1125,5.69546E+01,occupants
1125,4.27554E+08,structural
1126,6.58178E+01,occupants
1126,5.56192E+08,structural
1127,4.90713E+01,occupants
1127,3.26427E+08,structural
1128,2.11975E+01,occupants
1128,2.07206E+08,structural
1129,2.51266E+01,occupants
1129,1.59999E+08,structural
1130,1.76741E+01,occupants
1130,2.25645E+08,structural
1131,5.53492E+00,occupants
1131,8.63439E+07,structural
1132,6.86326E+00,occupants
1132,1.42577E+08,structural
1133,4.38922E+00,occupants
1133,9.19145E+07,structural
1134,1.40960E+02,occupants
1134,9.11889E+08,structural
1135,1.60156E+02,occupants
1135,8.61024E+08,structural
1136,1.23287E+02,occupants
1136,6.42991E+08,structural
1137,3.60015E+02,occupants
1137,1.56389E+09,structural
1138,3.97250E+02,occupants
1138,1.55555E+09,structural
1139,3.24935E+02,occupants
1139,1.45638E+09,structural
1140,3.87515E+01,occupants
1140,5.46095E+08,structural
1141,4.72644E+01,occupants
1141,4.11863E+08,structural
1142,3.17963E+01,occupants
1142,3.34592E+08,structural
1143,7.59637E+00,occupants
1143,2.39924E+08,structural
1144,9.52796E+00,occupants
1144,2.73262E+08,structural
1145,6.16250E+00,occupants
1145,1.56270E+08,structural
1146,1.38980E+00,occupants
1146,6.85315E+07,structural
1147,1.72316E+00,occupants
1147,4.98889E+07,structural
1148,1.12336E+00,occupants
1148,1.11956E+08,structural
1149,1.55549E+02,occupants
1149,1.25389E+09,structural
1150,1.79349E+02,occupants
1150,9.85910E+08,structural
1151,1.33981E+02,occupants
1151,9.05343E+08,structural
1152,4.29299E+02,occupants
1152,1.83160E+09,structural
1153,4.65706E+02,occupants
1153,1.91386E+09,structural
1154,3.93104E+02,occupants
1154,1.69489E+09,structural
1155,1.00071E+02,occupants
1155,7.65312E+08,structural
1156,1.17735E+02,occupants
1156,5.33555E+08,structural
1157,8.44247E+01,occupants
1157,2.50365E+08,structural
1158,2.86706E+01,occupants
1158,2.42014E+08,structural
1159,3.51719E+01,occupants
1159,2.17793E+08,structural
1160,2.32833E+01,occupants
1160,1.39206E+08,structural
1161,6.15855E+00,occupants
1161,9.27020E+07,structural
1162,7.91552E+00,occupants
1162,2.11618E+08,structural
1163,4.75212E+00,occupants
1163,8.58023E+07,structural
1164,2.89387E+02,occupants
1164,1.59480E+09,structural
1165,3.25022E+02,occupants
1165,1.21992E+09,structural
1166,2.55961E+02,occupants
1166,9.40178E+08,structural
1167,6.46425E+02,occupants
1167,2.54636E+09,structural
1168,6.88364E+02,occupants
1168,1.97237E+09,structural
1169,6.02711E+02,occupants
1169,2.27593E+09,structural
1170,2.06888E+02,occupants
1170,1.07293E+09,structural
1171,2.32232E+02,occupants
1171,1.27561E+09,structural
1172,1.84204E+02,occupants
1172,1.03416E+09,structural
1173,8.47469E+01,occupants
1173,6.87309E+08,structural
1174,9.66380E+01,occupants
1174,6.44979E+08,structural
1175,7.44158E+01,occupants
1175,6.71334E+08,structural
1176,3.04639E+01,occupants
1176,2.48804E+08,structural
1177,3.55107E+01,occupants
1177,3.60936E+08,structural
1178,2.61499E+01,occupants
1178,2.65057E+08,structural
1179,4.53397E+02,occupants
1179,1.80751E+09,structural
1180,4.92019E+02,occupants
1180,1.81006E+09,structural
1181,4.15701E+02,occupants
1181,1.51565E+09,structural
1182,8.03165E+02,occupants
1182,3.00864E+09,structural
1183,8.36002E+02,occupants
1183,2.64443E+09,structural
1184,7.69045E+02,occupants
1184,2.96093E+09,structural
1185,1.37737E+02,occupants
1185,5.60564E+08,structural
1186,1.59463E+02,occupants
1186,6.81723E+08,structural
1187,1.17904E+02,occupants
1187,4.62355E+08,structural
1188,2.89483E+01,occupants
1188,1.33205E+08,structural
1189,3.60394E+01,occupants
1189,1.11489E+08,structural
1190,2.27764E+01,occupants
1190,1.54956E+08,structural
1191,2.50121E+00,occupants
1191,5.81103E+07,structural
1192,3.45875E+00,occupants
1192,8.51216E+07,structural
1193,1.86439E+00,occupants
1193,4.91695E+07,structural
1194,3.63823E+02,occupants
1194,1.20204E+09,structural
1195,3.96279E+02,occupants
1195,1.28789E+09,structural
1196,3.31943E+02,occupants
1196,1.23718E+09,structural
1197,6.49602E+02,occupants
1197,2.26016E+09,structural
1198,6.79153E+02,occupants
1198,2.08326E+09,structural
1199,6.20985E+02,occupants
1199,2.29583E+09,structural
1200,6.18999E+02,occupants
1200,1.06845E+09,structural
1201,6.30243E+02,occupants
1201,1.51034E+09,structural
1202,6.07137E+02,occupants
1202,1.25628E+09,structural
1203,5.04520E+02,occupants
1203,1.24400E+09,structural
1204,5.22687E+02,occupants
1204,1.01253E+09,structural
1205,4.84442E+02,occupants
1205,1.01866E+09,structural
1206,2.89351E+02,occupants
1206,5.85296E+08,structural
1207,3.14733E+02,occupants
1207,7.66713E+08,structural
1208,2.64909E+02,occupants
1208,7.04707E+08,structural
1209,6.83083E+02,occupants
1209,1.41768E+09,structural
1210,6.91982E+02,occupants
1210,1.54124E+09,structural
1211,6.74172E+02,occupants
1211,1.52544E+09,structural
1212,7.43206E+02,occupants
1212,2.00841E+09,structural
1213,7.50623E+02,occupants
1213,1.90806E+09,structural
1214,7.35516E+02,occupants
1214,2.01160E+09,structural
1215,1.45031E+02,occupants
1215,7.04934E+08,structural
1216,1.67794E+02,occupants
1216,7.78157E+08,structural
1217,1.24111E+02,occupants
1217,6.23667E+08,structural
1218,3.24973E+01,occupants
1218,2.76562E+08,structural
1219,4.03162E+01,occupants
1219,2.28982E+08,structural
1220,2.56690E+01,occupants
1220,4.18745E+08,structural
1221,3.55456E+00,occupants
1221,5.78636E+07,structural
1222,4.83623E+00,occupants
1222,8.60649E+07,structural
1223,2.63794E+00,occupants
1223,6.53499E+07,structural
1224,3.80861E+02,occupants
1224,1.12159E+09,structural
1225,4.13800E+02,occupants
1225,1.39201E+09,structural
1226,3.48663E+02,occupants
1226,1.62474E+09,structural
1227,7.33421E+02,occupants
1227,2.52742E+09,structural
1228,7.59612E+02,occupants
1228,2.56718E+09,structural
1229,7.08589E+02,occupants
1229,2.37621E+09,structural
1230,7.36429E+01,occupants
1230,3.14899E+08,structural
1231,8.12493E+01,occupants
1231,2.99421E+08,structural
1232,6.62689E+01,occupants
1232,4.42090E+08,structural
1233,3.70942E+01,occupants
1233,1.88670E+08,structural
1234,4.28387E+01,occupants
1234,2.70949E+08,structural
1235,3.18000E+01,occupants
1235,7.63352E+07,structural
1236,1.26787E+01,occupants
1236,3.33297E+07,structural
1237,1.54684E+01,occupants
1237,9.78066E+07,structural
1238,1.02560E+01,occupants
1238,2.83917E+07,structural
1239,1.15631E+02,occupants
1239,6.57355E+08,structural
1240,1.22907E+02,occupants
1240,4.98936E+08,structural
1241,1.08246E+02,occupants
1241,4.32390E+08,structural
1242,1.55747E+02,occupants
1242,8.09734E+08,structural
1243,1.61059E+02,occupants
1243,7.36841E+08,structural
1244,1.50272E+02,occupants
1244,7.24803E+08,structural
1245,1.73926E+01,occupants
1245,2.38145E+08,structural
1246,2.23458E+01,occupants
1246,3.22804E+08,structural
1247,1.35544E+01,occupants
1247,2.82088E+08,structural
1248,2.21481E+00,occupants
1248,7.01097E+07,structural
1249,3.01876E+00,occupants
1249,7.41586E+07,structural
1250,1.63132E+00,occupants
1250,6.83929E+07,structural
1251,2.12347E-01,occupants
1251,1.15726E+07,structural
1252,3.03248E-01,occupants
1252,2.26391E+07,structural
1253,1.48430E-01,occupants
1253,1.36138E+07,structural
1254,9.30707E+01,occupants
1254,3.69638E+08,structural
1255,1.10580E+02,occupants
1255,9.18211E+08,structural
1256,7.80619E+01,occupants
1256,5.37374E+08,structural
1257,3.13775E+02,occupants
1257,1.29412E+09,structural
1258,3.45448E+02,occupants
1258,1.45480E+09,structural
1259,2.83375E+02,occupants
1259,9.35441E+08,structural
1260,1.69087E+02,occupants
1260,7.37049E+08,structural
1261,1.76093E+02,occupants
1261,7.14579E+08,structural
1262,1.62537E+02,occupants
1262,6.69482E+08,structural
1263,1.28532E+02,occupants
1263,3.93960E+08,structural
1264,1.35156E+02,occupants
1264,2.95531E+08,structural
1265,1.21725E+02,occupants
1265,4.16021E+08,structural
1266,8.28879E+01,occupants
1266,4.18136E+08,structural
1267,9.06070E+01,occupants
1267,4.60410E+08,structural
1268,7.53339E+01,occupants
1268,2.20125E+08,structural
1269,2.49591E+02,occupants
1269,8.61051E+08,structural
1270,2.64263E+02,occupants
1270,9.46562E+08,structural
1271,2.36463E+02,occupants
1271,1.02002E+09,structural
1272,4.51486E+02,occupants
1272,1.34907E+09,structural
1273,4.75283E+02,occupants
1273,1.73359E+09,structural
1274,4.28433E+02,occupants
1274,1.53321E+09,structural
1275,2.66870E+02,occupants
1275,1.35314E+09,structural
1276,2.96657E+02,occupants
1276,1.61346E+09,structural
1277,2.38699E+02,occupants
1277,1.37056E+09,structural
1278,1.17776E+02,occupants
1278,7.21043E+08,structural
1279,1.34285E+02,occupants
1279,7.32657E+08,structural
1280,1.02588E+02,occupants
1280,8.02692E+08,structural
1281,4.16903E+01,occupants
1281,3.75197E+08,structural
1282,4.94836E+01,occupants
1282,3.05993E+08,structural
1283,3.48662E+01,occupants
1283,5.08472E+08,structural
1284,5.31269E+02,occupants
1284,1.81470E+09,structural
1285,5.72352E+02,occupants
1285,2.21495E+09,structural
1286,4.90821E+02,occupants
1286,1.90796E+09,structural
1287,8.66335E+02,occupants
1287,3.15169E+09,structural
1288,8.98808E+02,occupants
1288,2.86161E+09,structural
1289,8.31847E+02,occupants
1289,3.05299E+09,structural
1290,1.49485E+02,occupants
1290,7.06986E+08,structural
1291,1.63393E+02,occupants
1291,9.55348E+08,structural
1292,1.35982E+02,occupants
1292,9.88018E+08,structural
1293,7.71672E+01,occupants
1293,6.00356E+08,structural
1294,8.73046E+01,occupants
1294,4.43574E+08,structural
1295,6.76864E+01,occupants
1295,5.55504E+08,structural
1296,2.80964E+01,occupants
1296,1.83481E+08,structural
1297,3.33713E+01,occupants
1297,7.00771E+07,structural
1298,2.33760E+01,occupants
1298,3.12106E+08,structural
1299,2.53858E+02,occupants
1299,1.40845E+09,structural
1300,2.73210E+02,occupants
1300,1.31365E+09,structural
1301,2.35154E+02,occupants
1301,1.17008E+09,structural
1302,4.59875E+02,occupants
1302,2.27620E+09,structural
1303,4.91402E+02,occupants
1303,2.35273E+09,structural
1304,4.29275E+02,occupants
1304,2.09923E+09,structural
1305,1.91363E+02,occupants
1305,1.03586E+09,structural
1306,2.19071E+02,occupants
1306,8.63207E+08,structural
1307,1.66267E+02,occupants
1307,8.18016E+08,structural
1308,5.73838E+01,occupants
1308,6.99797E+08,structural
1309,6.90949E+01,occupants
1309,3.36610E+08,structural
1310,4.75599E+01,occupants
1310,2.35526E+08,structural
1311,1.22640E+01,occupants
1311,2.24429E+08,structural
1312,1.53093E+01,occupants
1312,2.28909E+08,structural
1313,9.75904E+00,occupants
1313,6.54688E+07,structural
1314,4.51308E+02,occupants
1314,1.62640E+09,structural
1315,4.90127E+02,occupants
1315,1.75112E+09,structural
1316,4.12819E+02,occupants
1316,1.37513E+09,structural
1317,7.73117E+02,occupants
1317,2.58534E+09,structural
1318,8.05168E+02,occupants
1318,2.65317E+09,structural
1319,7.39731E+02,occupants
1319,2.41906E+09,structural
1320,1.31817E+02,occupants
1320,8.71071E+08,structural
1321,1.43945E+02,occupants
1321,3.75052E+08,structural
1322,1.20131E+02,occupants
1322,5.44519E+08,structural
1323,7.14636E+01,occupants
1323,2.90000E+08,structural
1324,8.07779E+01,occupants
1324,4.08538E+08,structural
1325,6.26958E+01,occupants
1325,3.20301E+08,structural
1326,2.80442E+01,occupants
1326,1.47814E+08,structural
1327,3.32957E+01,occupants
1327,1.82098E+08,structural
1328,2.34212E+01,occupants
1328,9.64032E+07,structural
1329,2.05705E+02,occupants
1329,8.45295E+08,structural
1330,2.18696E+02,occupants
1330,1.00420E+09,structural
1331,1.92473E+02,occupants
1331,1.08848E+09,structural
1332,2.99334E+02,occupants
1332,1.19368E+09,structural
1333,3.13489E+02,occupants
1333,1.24800E+09,structural
1334,2.85511E+02,occupants
1334,1.27574E+09,structural
1335,1.89176E+02,occupants
1335,4.70251E+08,structural
1336,2.11903E+02,occupants
1336,8.03126E+08,structural
1337,1.67579E+02,occupants
1337,6.93707E+08,structural
1338,4.98811E+01,occupants
1338,2.45328E+08,structural
1339,6.01628E+01,occupants
1339,3.10035E+08,structural
1340,4.08116E+01,occupants
1340,1.83066E+08,structural
1341,4.85100E+00,occupants
1341,6.51787E+07,structural
1342,6.56751E+00,occupants
1342,9.83882E+07,structural
1343,3.68132E+00,occupants
1343,8.93501E+07,structural
1344,4.05735E+02,occupants
1344,1.21748E+09,structural
1345,4.30054E+02,occupants
1345,1.47705E+09,structural
1346,3.80228E+02,occupants
1346,1.30739E+09,structural
1347,6.40666E+02,occupants
1347,2.10636E+09,structural
1348,6.56777E+02,occupants
1348,2.09294E+09,structural
1349,6.25740E+02,occupants
1349,1.99721E+09,structural
1350,1.12075E+02,occupants
1350,8.68749E+08,structural
1351,1.22134E+02,occupants
1351,5.11305E+08,structural
1352,1.03251E+02,occupants
1352,4.43410E+08,structural
1353,6.55809E+01,occupants
1353,3.54076E+08,structural
1354,7.02402E+01,occupants
1354,3.15075E+08,structural
1355,6.12009E+01,occupants
1355,4.13531E+08,structural
1356,3.59085E+01,occupants
1356,2.85136E+08,structural
1357,3.91766E+01,occupants
1357,1.44345E+08,structural
1358,3.27384E+01,occupants
1358,2.72876E+08,structural
1359,2.32589E+02,occupants
1359,8.06619E+08,structural
1360,2.55702E+02,occupants
1360,1.17990E+09,structural
1361,2.11370E+02,occupants
1361,8.05693E+08,structural
1362,4.91487E+02,occupants
1362,1.53813E+09,structural
1363,5.21768E+02,occupants
1363,1.97305E+09,structural
1364,4.60497E+02,occupants
1364,1.85015E+09,structural
1365,2.64489E+02,occupants
1365,1.05475E+09,structural
1366,2.95124E+02,occupants
1366,1.41495E+09,structural
1367,2.35677E+02,occupants
1367,9.87072E+08,structural
1368,8.03143E+01,occupants
1368,4.81641E+08,structural
1369,9.55989E+01,occupants
1369,5.57703E+08,structural
1370,6.72121E+01,occupants
1370,4.01548E+08,structural
1371,1.22214E+01,occupants
1371,1.34414E+08,structural
1372,1.53211E+01,occupants
1372,1.40089E+08,structural
1373,9.50261E+00,occupants
1373,9.00688E+07,structural
1374,5.43747E+02,occupants
1374,2.18768E+09,structural
1375,5.78137E+02,occupants
1375,1.85648E+09,structural
1376,5.09912E+02,occupants
1376,1.34266E+09,structural
1377,8.71157E+02,occupants
1377,3.03515E+09,structural
1378,8.96708E+02,occupants
1378,2.99252E+09,structural
1379,8.44280E+02,occupants
1379,2.95053E+09,structural
1380,5.59624E+01,occupants
1380,3.98323E+08,structural
1381,6.77504E+01,occupants
1381,5.14661E+08,structural
1382,4.54460E+01,occupants
1382,3.53111E+08,structural
1383,7.91437E+00,occupants
1383,9.49803E+07,structural
1384,1.03051E+01,occupants
1384,1.61425E+08,structural
1385,5.90714E+00,occupants
1385,2.11104E+08,structural
1386,5.39029E-01,occupants
1386,5.24781E+07,structural
1387,7.57686E-01,occupants
1387,3.84614E+07,structural
1388,3.90971E-01,occupants
1388,4.38419E+07,structural
1389,2.10768E+02,occupants
1389,6.67820E+08,structural
1390,2.37898E+02,occupants
1390,1.18785E+09,structural
1391,1.85451E+02,occupants
1391,6.99831E+08,structural
1392,4.93135E+02,occupants
1392,1.95202E+09,structural
1393,5.26116E+02,occupants
1393,2.15023E+09,structural
1394,4.61655E+02,occupants
1394,1.60506E+09,structural
1395,6.12959E+02,occupants
1395,1.46380E+09,structural
1396,6.21279E+02,occupants
1396,1.54900E+09,structural
1397,6.04519E+02,occupants
1397,1.42777E+09,structural
1398,5.32517E+02,occupants
1398,1.24427E+09,structural
1399,5.45347E+02,occupants
1399,1.29275E+09,structural
1400,5.18715E+02,occupants
1400,1.24090E+09,structural
1401,3.54155E+02,occupants
1401,8.17925E+08,structural
1402,3.76745E+02,occupants
1402,7.41439E+08,structural
1403,3.30466E+02,occupants
1403,1.04876E+09,structural
1404,6.84317E+02,occupants
1404,1.65241E+09,structural
1405,6.96180E+02,occupants
1405,1.61064E+09,structural
1406,6.73099E+02,occupants
1406,1.85384E+09,structural
1407,8.56021E+02,occupants
1407,2.53379E+09,structural
1408,8.73570E+02,occupants
1408,2.49668E+09,structural
1409,8.40011E+02,occupants
1409,2.57057E+09,structural
1410,3.42870E+02,occupants
1410,9.04812E+08,structural
1411,3.67809E+02,occupants
1411,1.22720E+09,structural
1412,3.18388E+02,occupants
1412,8.72061E+08,structural
1413,1.42441E+02,occupants
1413,5.17225E+08,structural
1414,1.62151E+02,occupants
1414,8.18256E+08,structural
1415,1.23941E+02,occupants
1415,3.60368E+08,structural
1416,2.56967E+01,occupants
1416,2.27936E+08,structural
1417,3.20989E+01,occupants
1417,2.45026E+08,structural
1418,2.05162E+01,occupants
1418,2.43075E+08,structural
1419,5.30889E+02,occupants
1419,1.66083E+09,structural
1420,5.48882E+02,occupants
1420,1.81435E+09,structural
1421,5.11963E+02,occupants
1421,1.61861E+09,structural
1422,6.68402E+02,occupants
1422,2.19508E+09,structural
1423,6.83335E+02,occupants
1423,2.04256E+09,structural
1424,6.54169E+02,occupants
1424,1.83107E+09,structural
1425,1.01790E+02,occupants
1425,6.54279E+08,structural
1426,1.20038E+02,occupants
1426,8.89856E+08,structural
1427,8.59553E+01,occupants
1427,3.85832E+08,structural
1428,2.82104E+01,occupants
1428,2.20388E+08,structural
1429,3.46998E+01,occupants
1429,4.39377E+08,structural
1430,2.28572E+01,occupants
1430,1.85276E+08,structural
1431,6.04047E+00,occupants
1431,1.00222E+08,structural
1432,7.73344E+00,occupants
1432,7.80995E+07,structural
1433,4.70669E+00,occupants
1433,1.91999E+08,structural
1434,2.92775E+02,occupants
1434,1.23233E+09,structural
1435,3.27491E+02,occupants
1435,1.25264E+09,structural
1436,2.60068E+02,occupants
1436,1.41376E+09,structural
1437,6.25721E+02,occupants
1437,2.43438E+09,structural
1438,6.63989E+02,occupants
1438,2.31471E+09,structural
1439,5.86787E+02,occupants
1439,1.95808E+09,structural
1440,1.88275E+02,occupants
1440,9.28696E+08,structural
1441,2.00988E+02,occupants
1441,8.61936E+08,structural
1442,1.75914E+02,occupants
1442,1.01096E+09,structural
1443,1.22887E+02,occupants
1443,6.70846E+08,structural
1444,1.32191E+02,occupants
1444,8.69131E+08,structural
1445,1.13842E+02,occupants
1445,6.38839E+08,structural
1446,6.88779E+01,occupants
1446,5.21405E+08,structural
1447,7.57618E+01,occupants
1447,5.24330E+08,structural
1448,6.25339E+01,occupants
1448,2.22981E+08,structural
1449,3.03278E+02,occupants
1449,1.38350E+09,structural
1450,3.25171E+02,occupants
1450,1.50922E+09,structural
1451,2.82428E+02,occupants
1451,1.21005E+09,structural
1452,5.56724E+02,occupants
1452,2.25273E+09,structural
1453,5.89102E+02,occupants
1453,2.67053E+09,structural
1454,5.25276E+02,occupants
1454,2.13279E+09,structural
1455,1.80143E+02,occupants
1455,6.33444E+08,structural
1456,2.03766E+02,occupants
1456,8.35833E+08,structural
1457,1.58227E+02,occupants
1457,7.68310E+08,structural
1458,4.45804E+01,occupants
1458,2.11949E+08,structural
1459,5.43417E+01,occupants
1459,2.76047E+08,structural
1460,3.63587E+01,occupants
1460,1.99206E+08,structural
1461,4.27752E+00,occupants
1461,7.43099E+07,structural
1462,5.62247E+00,occupants
1462,8.73852E+07,structural
1463,3.12928E+00,occupants
1463,4.89643E+07,structural
1464,4.07305E+02,occupants
1464,1.18663E+09,structural
1465,4.36499E+02,occupants
1465,1.31054E+09,structural
1466,3.78957E+02,occupants
1466,1.31170E+09,structural
1467,6.48232E+02,occupants
1467,2.15987E+09,structural
1468,6.70664E+02,occupants
1468,2.40570E+09,structural
1469,6.24390E+02,occupants
1469,1.94293E+09,structural
1470,1.63705E+02,occupants
1470,6.05557E+08,structural
1471,1.71111E+02,occupants
1471,7.77931E+08,structural
1472,1.55911E+02,occupants
1472,5.46659E+08,structural
1473,1.17001E+02,occupants
1473,2.65425E+08,structural
1474,1.25128E+02,occupants
1474,6.24288E+08,structural
1475,1.08614E+02,occupants
1475,4.83763E+08,structural
1476,6.67856E+01,occupants
1476,2.96357E+08,structural
1477,7.44021E+01,occupants
1477,2.41849E+08,structural
1478,5.94701E+01,occupants
1478,1.47643E+08,structural
1479,2.20442E+02,occupants
1479,9.22106E+08,structural
1480,2.30798E+02,occupants
1480,1.12873E+09,structural
1481,2.11004E+02,occupants
1481,1.09687E+09,structural
1482,3.58026E+02,occupants
1482,1.78157E+09,structural
1483,3.79000E+02,occupants
1483,1.92277E+09,structural
1484,3.38416E+02,occupants
1484,1.78122E+09,structural
1485,9.64311E+01,occupants
1485,3.82130E+08,structural
1486,1.14704E+02,occupants
1486,5.12992E+08,structural
1487,8.06956E+01,occupants
1487,4.14453E+08,structural
1488,1.84072E+01,occupants
1488,2.98998E+08,structural
1489,2.35605E+01,occupants
1489,2.00405E+08,structural
1490,1.42614E+01,occupants
1490,1.67701E+08,structural
1491,1.93687E+00,occupants
1491,7.00147E+07,structural
1492,2.65995E+00,occupants
1492,6.15206E+07,structural
1493,1.41851E+00,occupants
1493,5.04119E+07,structural
1494,2.96908E+02,occupants
1494,1.26014E+09,structural
1495,3.29370E+02,occupants
1495,1.07208E+09,structural
1496,2.65349E+02,occupants
1496,7.82887E+08,structural
1497,6.02824E+02,occupants
1497,1.71672E+09,structural
1498,6.36019E+02,occupants
1498,2.04461E+09,structural
1499,5.69321E+02,occupants
1499,2.01281E+09,structural
